reference_riot_id,source_player_name,source_tag,scraped_at,player_name,tag,current_rank,match_rank,avg_team_rank,match_id,date,mode,map,agent,result,team_score,enemy_score,rounds_played,tracker_score,acs,kills,deaths,assists,kill_diff,kd_ratio,dda,adr,headshot_percent,kast,first_kills,first_deaths,multi_kills
duby do bronx#477,duby do bronx,477,2026-06-22T21:30:57,duby do bronx,477,Radiant,Radiant,Immortal 1,9685d1e7-8c80-4595-beda-5bda85e585ba,"22/6/26, 20:41",Competitive,Split,Cypher,Win,13,9,22,993,333,26,12,7,14,2.2,102.0,211.3,25.0,95.0,3,1,1
duby do bronx#477,duby do bronx,477,2026-06-22T21:30:57,duby do bronx,477,Radiant,Radiant,Ascendant 3,fa00fe1d-1166-45ff-a7bd-b702fe2f329c,"22/6/26, 20:07",Competitive,Ascent,Phoenix,Win,13,7,20,656,242,19,13,5,6,1.5,8.0,161.0,19.0,70.0,1,6,3
duby do bronx#477,duby do bronx,477,2026-06-22T21:30:57,duby do bronx,477,Radiant,Radiant,Ascendant 3,7f6a1cf4-dde5-4fad-b7f9-e70b8bd2195a,"22/6/26, 19:36",Competitive,Breeze,Viper,Loss,7,13,20,410,199,16,14,1,2,1.1,-3.0,134.6,48.0,65.0,0,2,1
duby do bronx#477,duby do bronx,477,2026-06-22T21:30:57,duby do bronx,477,Radiant,Radiant,Immortal 1,2f152077-a21c-4c25-aeab-b1493dd3cdeb,"22/6/26, 16:05",Competitive,Fracture,Neon,Win,13,7,20,855,304,23,11,7,12,2.1,75.0,198.2,29.0,75.0,5,3,2
duby do bronx#477,duby do bronx,477,2026-06-22T21:30:57,duby do bronx,477,Radiant,Radiant,Immortal 1,e37ff31c-ad50-460c-b2e8-37245fcbed89,"22/6/26, 4:18",Competitive,Ascent,Sova,Loss,12,14,26,820,264,25,19,10,6,1.3,48.0,186.7,25.0,85.0,1,1,2
duby do bronx#477,duby do bronx,477,2026-06-22T21:30:57,duby do bronx,477,Radiant,Radiant,Immortal 1,3e6a66e4-c925-488b-bb1e-b8514c28041e,"22/6/26, 3:47",Competitive,Fracture,Reyna,Loss,2,13,15,502,261,13,13,2,0,32.0,178.9,33.0,60.0,2.0,2,2,259
duby do bronx#477,duby do bronx,477,2026-06-22T21:30:57,duby do bronx,477,Radiant,Radiant,Immortal 1,8c052201-09f3-402f-97d8-6c4396feb3b0,"21/6/26, 4:37",Competitive,Haven,Jett,Win,14,12,26,592,268,24,21,6,3,1.1,17.0,168.3,32.0,58.0,6,3,4
duby do bronx#477,duby do bronx,477,2026-06-22T21:30:57,duby do bronx,477,Radiant,Radiant,Ascendant 3,914959de-012b-4901-8ac0-eca95f1bdfb6,"21/6/26, 3:57",Competitive,Breeze,Viper,Win,13,9,22,819,236,18,15,9,3,1.2,24.0,161.0,36.0,86.0,1,1,0
duby do bronx#477,duby do bronx,477,2026-06-22T21:30:57,duby do bronx,477,Radiant,Radiant,Ascendant 3,0c537439-40dc-4638-ab53-6842a3d064d0,"21/6/26, 3:14",Competitive,Pearl,Fade,Loss,9,13,22,396,143,11,15,2,-4,0.7,-36.0,96.0,36.0,77.0,0,2,1
duby do bronx#477,duby do bronx,477,2026-06-22T21:30:57,duby do bronx,477,Radiant,Radiant,Immortal 1,948be295-e882-4e32-bd99-0e31a6afb66c,"21/6/26, 2:24",Competitive,Breeze,Sova,Win,13,5,18,578,220,14,12,3,2,1.2,-2.0,131.8,36.0,67.0,4,2,0
duby do bronx#477,duby do bronx,477,2026-06-22T21:30:57,duby do bronx,477,Radiant,Radiant,Ascendant 2,8f526409-3ccb-4e29-888e-37f21bad29dc,"12/6/26, 21:37",Competitive,Lotus,Fade,Win,15,13,28,624,212,23,16,4,7,1.4,50.0,155.1,43.0,68.0,3,2,1
duby do bronx#477,duby do bronx,477,2026-06-22T21:30:57,duby do bronx,477,Radiant,Radiant,Ascendant 2,3fe209fd-69a7-44bb-97f1-6d77734728c9,"5/6/26, 0:53",Competitive,Lotus,Fade,Win,13,5,18,887,265,16,9,10,7,1.8,65.0,173.2,43.0,83.0,2,1,0
duby do bronx#477,duby do bronx,477,2026-06-22T21:30:57,duby do bronx,477,Radiant,Radiant,Immortal 1,e0308662-ad72-4bc3-8ea2-4f8f88e4a838,"5/6/26, 0:24",Competitive,Fracture,Killjoy,Win,13,5,18,899,308,19,8,3,11,2.4,101.0,201.2,27.0,78.0,3,0,1
duby do bronx#477,duby do bronx,477,2026-06-22T21:30:57,duby do bronx,477,Radiant,Radiant,Radiant,3b6f6dad-be00-4e82-a2ba-3d2c72cd12cc,"4/6/26, 23:50",Competitive,Split,Raze,Win,13,5,18,959,379,23,11,6,12,2.1,120.0,262.5,23.0,83.0,7,1,3
duby do bronx#477,duby do bronx,477,2026-06-22T21:30:57,duby do bronx,477,Radiant,Radiant,Immortal 1,5fabf730-41a2-459c-ac90-5a01f9cf9256,"4/6/26, 20:29",Competitive,Ascent,Sova,Loss,10,13,23,912,323,26,15,6,11,1.7,83.0,223.7,24.0,91.0,3,1,4
duby do bronx#477,duby do bronx,477,2026-06-22T21:30:57,duby do bronx,477,Radiant,Radiant,Immortal 1,dd64020f-a50d-4248-911a-4f3f6c45e99c,"4/6/26, 19:43",Competitive,Split,Raze,Draw,14,14,28,678,238,22,18,10,4,1.2,39.0,186.1,18.0,71.0,2,3,2
duby do bronx#477,duby do bronx,477,2026-06-22T21:30:57,duby do bronx,477,Radiant,Radiant,Ascendant 3,3f3c9f28-da6c-4f4b-abcc-c621dbd4360a,"4/6/26, 19:05",Competitive,Lotus,Clove,Win,13,10,23,745,272,22,18,10,4,1.2,-2.0,153.4,38.0,78.0,2,1,3
duby do bronx#477,duby do bronx,477,2026-06-22T21:30:57,duby do bronx,477,Radiant,Radiant,Ascendant 3,e0779af2-73d4-4867-a5e3-bfed15257229,"4/6/26, 18:31",Competitive,Haven,Clove,Win,13,7,20,805,248,17,17,13,0,11.0,172.1,31.0,85.0,2.0,1,2,535
duby do bronx#477,duby do bronx,477,2026-06-22T21:30:57,duby do bronx,477,Radiant,Radiant,Immortal 1,678f194d-d7af-42fa-81b9-67d52944ae7d,"4/6/26, 17:58",Competitive,Lotus,Raze,Loss,9,13,22,825,368,29,15,3,14,1.9,105.0,245.6,31.0,77.0,1,0,3
duby do bronx#477,duby do bronx,477,2026-06-22T21:30:57,duby do bronx,477,Radiant,Radiant,Ascendant 1,34cfbc24-2d8f-4bbc-b674-e039564e04d4,"4/6/26, 4:14",Competitive,Haven,Jett,Win,13,5,18,918,270,15,13,9,2,1.1,54.0,194.6,31.0,89.0,2,1,1
TulaShyydeuS#Flo,TulaShyydeuS,Flo,2026-06-22T21:33:55,TulaShyydeuS,Flo,Radiant,Radiant,Ascendant 2,270c16bd-88f2-40c6-9549-159a8928ec5a,"19/6/26, 17:23",Competitive,Ascent,Clove,Win,13,6,19,968,349,23,12,12,11,1.9,105.0,219.3,32.0,84.0,4,0,2
TulaShyydeuS#Flo,TulaShyydeuS,Flo,2026-06-22T21:33:55,TulaShyydeuS,Flo,Radiant,Radiant,Immortal 1,221a3e2b-9119-45ff-ad93-b3a9376b2eae,"19/6/26, 16:38",Competitive,Pearl,Clove,Win,13,5,18,959,369,26,10,6,16,2.6,99.0,207.4,25.0,83.0,1,2,4
TulaShyydeuS#Flo,TulaShyydeuS,Flo,2026-06-22T21:33:55,TulaShyydeuS,Flo,Radiant,Radiant,Ascendant 3,e232cb2c-c3cc-4cee-8ecc-2a9a536bec3f,"19/6/26, 16:06",Competitive,Split,Clove,Win,13,7,20,862,252,18,15,12,3,1.2,26.0,164.1,22.0,90.0,0,2,1
TulaShyydeuS#Flo,TulaShyydeuS,Flo,2026-06-22T21:33:55,TulaShyydeuS,Flo,Radiant,Radiant,Ascendant 3,d5f612f4-036a-4499-ae4c-f037db8b4e3c,"19/6/26, 15:24",Competitive,Breeze,Clove,Win,13,9,22,997,388,31,17,5,14,1.8,89.0,255.9,21.0,91.0,2,1,3
TulaShyydeuS#Flo,TulaShyydeuS,Flo,2026-06-22T21:33:55,TulaShyydeuS,Flo,Radiant,Radiant,Ascendant 2,eaab9ea2-91c6-4d0f-908b-909b8c2ec521,"17/6/26, 16:14",Competitive,Breeze,Phoenix,Win,13,11,24,568,213,16,20,8,-4,0.8,-51.0,141.5,21.0,79.0,3,1,1
TulaShyydeuS#Flo,TulaShyydeuS,Flo,2026-06-22T21:33:55,TulaShyydeuS,Flo,Radiant,Radiant,Ascendant 2,e56d823b-b928-4e21-9e1b-1e271c3929de,"17/6/26, 15:28",Competitive,Ascent,Phoenix,Win,14,12,26,838,421,34,16,10,18,2.1,158.0,290.9,25.0,73.0,5,2,4
TulaShyydeuS#Flo,TulaShyydeuS,Flo,2026-06-22T21:33:55,TulaShyydeuS,Flo,Radiant,Radiant,Ascendant 3,15697f1b-831a-429c-b981-1c04a89cb5e4,"16/6/26, 19:54",Competitive,Haven,Phoenix,Win,13,9,22,938,285,22,12,10,10,1.8,86.0,202.2,36.0,86.0,4,2,2
TulaShyydeuS#Flo,TulaShyydeuS,Flo,2026-06-22T21:33:55,TulaShyydeuS,Flo,Radiant,Radiant,Ascendant 2,05c7cdf7-183d-43cf-bc0c-28fbaa9fa365,"16/6/26, 19:21",Competitive,Split,Raze,Win,13,2,15,345,20,6,3,14,3,160.0,256.1,23.0,100.0,2.0,1,2,590
TulaShyydeuS#Flo,TulaShyydeuS,Flo,2026-06-22T21:33:55,TulaShyydeuS,Flo,Radiant,Radiant,Ascendant 3,91cadf73-fd05-4483-bc4f-09cdac0fc11e,"16/6/26, 18:22",Competitive,Pearl,Fade,Win,13,6,19,347,27,10,3,17,2,93.0,213.3,39.0,95.0,1.0,1,4,590
TulaShyydeuS#Flo,TulaShyydeuS,Flo,2026-06-22T21:33:55,TulaShyydeuS,Flo,Radiant,Radiant,Immortal 1,d2e221dc-2c22-4e01-9950-58fc04e66e2c,"16/6/26, 17:42",Competitive,Haven,Clove,Win,13,4,17,851,272,16,13,9,3,1.2,33.0,193.3,38.0,82.0,3,2,2
TulaShyydeuS#Flo,TulaShyydeuS,Flo,2026-06-22T21:33:55,TulaShyydeuS,Flo,Radiant,Radiant,Ascendant 3,28a15024-5034-4667-bfeb-502d68ae9df0,"16/6/26, 16:49",Competitive,Haven,Cypher,Win,14,12,26,649,193,18,16,7,2,1.1,6.0,125.0,31.0,81.0,3,1,0
TulaShyydeuS#Flo,TulaShyydeuS,Flo,2026-06-22T21:33:55,TulaShyydeuS,Flo,Radiant,Radiant,Ascendant 3,50c91c25-020c-4bed-b77c-df9aae105504,"16/6/26, 16:04",Competitive,Breeze,Phoenix,Win,13,11,24,707,291,24,18,8,6,1.3,12.0,184.8,25.0,71.0,5,2,2
TulaShyydeuS#Flo,TulaShyydeuS,Flo,2026-06-22T21:33:55,TulaShyydeuS,Flo,Radiant,Radiant,Ascendant 3,2c5924be-07bc-4bcb-924c-9cb7b7a3677d,"16/6/26, 15:26",Competitive,Split,Clove,Win,13,7,20,907,321,22,19,7,3,1.2,34.0,214.9,25.0,85.0,3,1,2
TulaShyydeuS#Flo,TulaShyydeuS,Flo,2026-06-22T21:33:55,TulaShyydeuS,Flo,Radiant,Radiant,Immortal 1,2cddc2bf-7441-4517-b8e9-fd7524dff3dd,"15/6/26, 18:01",Competitive,Ascent,Jett,Loss,10,13,23,689,319,26,18,4,8,1.4,63.0,213.5,24.0,65.0,2,5,4
TulaShyydeuS#Flo,TulaShyydeuS,Flo,2026-06-22T21:33:55,TulaShyydeuS,Flo,Radiant,Radiant,Immortal 1,d5437d9c-caf9-4b77-9a06-eeac7a7e75f8,"15/6/26, 17:22",Competitive,Ascent,Sova,Loss,8,13,21,751,352,25,15,8,10,1.7,121.0,248.5,34.0,71.0,0,1,3
TulaShyydeuS#Flo,TulaShyydeuS,Flo,2026-06-22T21:33:55,TulaShyydeuS,Flo,Radiant,Radiant,Ascendant 3,c3e4fac0-7650-4580-b3f3-7c0895ef5bc3,"15/6/26, 16:52",Competitive,Lotus,Clove,Loss,7,13,20,613,311,22,14,9,8,1.6,32.0,194.7,28.0,65.0,2,1,2
TulaShyydeuS#Flo,TulaShyydeuS,Flo,2026-06-22T21:33:55,TulaShyydeuS,Flo,Radiant,Radiant,Ascendant 2,fe1dcbaa-176c-42c9-8767-c58b702255de,"15/6/26, 16:17",Competitive,Haven,Phoenix,Win,13,9,22,372,26,13,10,13,2,133.0,256.4,25.0,95.0,5.0,2,2,643
TulaShyydeuS#Flo,TulaShyydeuS,Flo,2026-06-22T21:33:55,TulaShyydeuS,Flo,Radiant,Radiant,Ascendant 3,4b9eb66f-5e88-451c-abd0-e1b0a474c524,"15/6/26, 15:49",Competitive,Fracture,Chamber,Win,13,1,14,370,20,6,3,14,3,143.0,235.2,28.0,93.0,1.0,0,2,556
TulaShyydeuS#Flo,TulaShyydeuS,Flo,2026-06-22T21:33:55,TulaShyydeuS,Flo,Radiant,Radiant,Ascendant 2,4cd3ca2d-1a13-493c-b611-6e3eea829da3,"15/6/26, 15:05",Competitive,Split,Clove,Win,13,6,19,938,296,18,12,10,6,1.5,84.0,210.3,17.0,84.0,2,3,1
TulaShyydeuS#Flo,TulaShyydeuS,Flo,2026-06-22T21:33:55,TulaShyydeuS,Flo,Radiant,Radiant,Ascendant 2,47f94ae7-418f-411f-bfcf-212a20542e5e,"14/6/26, 18:38",Competitive,Fracture,Tejo,Win,14,12,26,676,207,19,17,3,2,1.1,25.0,140.0,23.0,77.0,2,2,1
safiro#goat,safiro,goat,2026-06-22T21:36:52,safiro,goat,Radiant,Radiant,Immortal 1,9e202a6b-a212-430a-8cdd-99127c2b3885,"15/6/26, 23:41",Competitive,Pearl,Phoenix,Win,13,4,17,912,275,19,8,5,11,2.4,49.0,189.1,29.0,88.0,2,1,2
safiro#goat,safiro,goat,2026-06-22T21:36:52,safiro,goat,Radiant,Radiant,Immortal 1,494b66c0-8310-4cad-8e6d-31a54231efc5,"15/6/26, 23:15",Competitive,Breeze,Phoenix,Win,7,3,10,853,268,9,6,4,3,1.5,47.0,181.5,24.0,80.0,2,1,0
safiro#goat,safiro,goat,2026-06-22T21:36:52,safiro,goat,Radiant,Radiant,Ascendant 3,72fe2d00-e470-4cbb-a535-1a3f1a074888,"15/6/26, 22:23",Competitive,Lotus,Fade,Win,13,6,19,853,302,21,9,4,12,2.3,91.0,190.6,49.0,74.0,2,1,2
safiro#goat,safiro,goat,2026-06-22T21:36:52,safiro,goat,Radiant,Radiant,Immortal 1,c3c2fc65-4428-4206-a764-f173da17d368,"15/6/26, 21:32",Competitive,Haven,Phoenix,Loss,10,13,23,486,248,18,17,6,1,1.1,-23.0,160.0,29.0,65.0,3,1,1
safiro#goat,safiro,goat,2026-06-22T21:36:52,safiro,goat,Radiant,Radiant,Immortal 1,adb54bd6-08e6-4076-8a3f-5fa31940712d,"14/6/26, 0:50",Competitive,Fracture,Phoenix,Loss,11,13,24,596,265,21,20,8,1,1.1,-12.0,184.5,27.0,71.0,3,1,2
safiro#goat,safiro,goat,2026-06-22T21:36:52,safiro,goat,Radiant,Radiant,Immortal 1,41d97f61-5e39-4dec-a19c-0aef17d8825a,"14/6/26, 0:17",Competitive,Pearl,Phoenix,Win,13,5,18,861,279,17,12,8,5,1.4,10.0,169.4,17.0,89.0,4,1,0
safiro#goat,safiro,goat,2026-06-22T21:36:52,safiro,goat,Radiant,Radiant,Immortal 1,0b35816b-1e57-4390-a265-e9c081ceb77a,"13/6/26, 23:28",Competitive,Lotus,Phoenix,Win,15,13,28,783,298,26,21,18,5,1.2,-20.0,192.9,23.0,89.0,1,1,1
safiro#goat,safiro,goat,2026-06-22T21:36:52,safiro,goat,Radiant,Radiant,Immortal 1,37d07fc9-5f99-4bae-bacd-bb3f33f0fff3,"13/6/26, 23:09",Competitive,Haven,Phoenix,Win,13,1,14,945,301,15,8,5,7,1.9,76.0,204.1,24.0,86.0,2,1,1
safiro#goat,safiro,goat,2026-06-22T21:36:52,safiro,goat,Radiant,Radiant,Immortal 1,5f698571-35d7-4606-840a-bf7bbb7acbce,"13/6/26, 22:40",Competitive,Breeze,Jett,Win,13,7,20,770,245,20,12,3,8,1.7,43.0,169.8,21.0,75.0,2,2,3
safiro#goat,safiro,goat,2026-06-22T21:36:52,safiro,goat,Radiant,Radiant,Ascendant 3,c530965d-6f32-4fd5-8dff-84f9c5a270a7,"13/6/26, 21:52",Competitive,Breeze,Jett,Loss,14,16,30,719,220,24,21,5,3,1.1,29.0,154.9,29.0,80.0,3,2,3
safiro#goat,safiro,goat,2026-06-22T21:36:52,safiro,goat,Radiant,Radiant,Ascendant 3,4ce2ba77-4dfb-4473-ab7f-b4ce4a5fea51,"13/6/26, 21:18",Competitive,Fracture,Phoenix,Win,13,6,19,934,347,23,13,6,10,1.8,48.0,214.5,46.0,84.0,3,2,3
safiro#goat,safiro,goat,2026-06-22T21:36:52,safiro,goat,Radiant,Radiant,Immortal 1,170e6460-859a-4f85-824e-49bbe3128482,"12/6/26, 0:59",Competitive,Lotus,Fade,Win,13,10,23,817,294,24,14,3,10,1.7,61.0,181.8,50.0,74.0,1,3,2
safiro#goat,safiro,goat,2026-06-22T21:36:52,safiro,goat,Radiant,Radiant,Immortal 1,b7b5d498-154f-4e3d-809c-f1344372e016,"12/6/26, 0:32",Competitive,Ascent,Phoenix,Loss,3,13,16,266,229,12,14,2,-2,0.9,-71.0,138.3,27.0,56.0,2,0,2
safiro#goat,safiro,goat,2026-06-22T21:36:52,safiro,goat,Radiant,Radiant,Immortal 1,e5a44cc5-c2d1-435e-b254-4714280d5bca,"11/6/26, 23:49",Competitive,Lotus,Phoenix,Win,14,12,26,813,283,24,16,13,8,1.5,9.0,170.4,34.0,85.0,7,2,0
safiro#goat,safiro,goat,2026-06-22T21:36:52,safiro,goat,Radiant,Radiant,Immortal 1,4831df6b-0853-4c39-9afe-d40772f7c9d8,"11/6/26, 23:08",Competitive,Split,Phoenix,Win,13,11,24,628,300,25,19,5,6,1.3,-11.0,179.7,30.0,67.0,4,1,2
safiro#goat,safiro,goat,2026-06-22T21:36:52,safiro,goat,Radiant,Radiant,Immortal 1,572c893e-31ba-4f11-8eb9-4e1dd99f1c82,"11/6/26, 22:30",Competitive,Pearl,Phoenix,Win,13,4,17,945,366,24,8,3,16,3.0,80.0,232.4,27.0,82.0,3,1,5
safiro#goat,safiro,goat,2026-06-22T21:36:52,safiro,goat,Radiant,Radiant,Ascendant 3,6efef443-4170-41eb-9b4e-b161b4a01ad4,"11/6/26, 21:58",Competitive,Ascent,Phoenix,Win,13,9,22,833,264,21,14,14,7,1.5,11.0,172.6,28.0,86.0,5,3,1
safiro#goat,safiro,goat,2026-06-22T21:36:52,safiro,goat,Radiant,Radiant,Ascendant 3,f8e391f3-6176-4df9-a90f-dd3720de42ea,"11/6/26, 21:31",Competitive,Split,Phoenix,Win,13,5,18,364,25,7,8,18,3,166.0,248.7,40.0,100.0,4.0,0,1,33
safiro#goat,safiro,goat,2026-06-22T21:36:52,safiro,goat,Radiant,Radiant,Ascendant 3,b24304ea-0bef-4613-b040-b436bcb2407a,"11/6/26, 21:04",Competitive,Pearl,Jett,Win,13,4,17,850,290,18,12,5,6,1.5,61.0,206.5,21.0,76.0,2,1,1
safiro#goat,safiro,goat,2026-06-22T21:36:52,safiro,goat,Radiant,Radiant,Ascendant 3,116f1494-1d57-48a1-9b06-9af6343a7ad4,"11/6/26, 0:40",Competitive,Haven,Jett,Loss,8,13,21,338,191,13,16,2,-3,0.8,-6.0,143.3,33.0,52.0,0,2,1
LEV ronaldinho#gol,LEV ronaldinho,gol,2026-06-22T21:39:50,LEV ronaldinho,gol,Radiant,Radiant,Ascendant 3,7f6a1cf4-dde5-4fad-b7f9-e70b8bd2195a,"22/6/26, 19:36",Competitive,Breeze,Chamber,Win,13,7,20,893,251,19,11,2,8,1.7,51.0,171.2,33.0,90.0,4,1,1
LEV ronaldinho#gol,LEV ronaldinho,gol,2026-06-22T21:39:50,LEV ronaldinho,gol,Radiant,Radiant,Ascendant 3,c294e973-a56f-48af-b3dd-fbaafab3326a,"22/6/26, 19:14",Competitive,Split,Jett,Win,8,1,9,990,341,12,5,0,7,2.4,118.0,217.2,31.0,89.0,4,0,1
LEV ronaldinho#gol,LEV ronaldinho,gol,2026-06-22T21:39:50,LEV ronaldinho,gol,Radiant,Radiant,Immortal 1,7a5409ec-de4c-4bd4-8a21-9088306a960a,"21/6/26, 21:18",Competitive,Lotus,Fade,Win,13,9,22,695,213,16,18,11,-2,0.9,-21.0,147.5,39.0,86.0,1,1,0
LEV ronaldinho#gol,LEV ronaldinho,gol,2026-06-22T21:39:50,LEV ronaldinho,gol,Radiant,Radiant,Immortal 1,75a33890-7f8d-4028-9d6a-e9043b347483,"21/6/26, 20:38",Competitive,Haven,Reyna,Loss,11,13,24,668,270,24,18,4,6,1.3,53.0,196.4,41.0,67.0,3,2,3
LEV ronaldinho#gol,LEV ronaldinho,gol,2026-06-22T21:39:50,LEV ronaldinho,gol,Radiant,Radiant,Radiant,7ac3a519-0469-4aac-8274-887ed2c43d4a,"19/6/26, 2:11",Competitive,Pearl,Unknown,Win,13,5,18,617,174,12,10,4,2,1.2,5.0,125.1,26.0,78.0,1,2,0
LEV ronaldinho#gol,LEV ronaldinho,gol,2026-06-22T21:39:50,LEV ronaldinho,gol,Radiant,Radiant,Ascendant 3,b4235979-04e6-4a24-8d35-6a8b4bd9631a,"19/6/26, 1:39",Competitive,Fracture,Vyse,Win,13,3,16,906,282,17,7,4,10,2.4,100.0,194.3,30.0,81.0,2,1,2
LEV ronaldinho#gol,LEV ronaldinho,gol,2026-06-22T21:39:50,LEV ronaldinho,gol,Radiant,Radiant,Ascendant 3,40a7d683-d654-44a9-99f3-c67368e91ea1,"19/6/26, 0:55",Competitive,Haven,Cypher,Loss,11,13,24,692,269,23,20,5,3,1.1,15.0,169.6,31.0,75.0,3,3,2
LEV ronaldinho#gol,LEV ronaldinho,gol,2026-06-22T21:39:50,LEV ronaldinho,gol,Radiant,Radiant,Immortal 1,d269d973-d2d8-4ee5-b135-38e001705f12,"19/6/26, 0:17",Competitive,Ascent,Killjoy,Win,13,9,22,912,345,26,15,2,11,1.7,100.0,224.7,48.0,77.0,6,3,3
LEV ronaldinho#gol,LEV ronaldinho,gol,2026-06-22T21:39:50,LEV ronaldinho,gol,Radiant,Radiant,Immortal 1,fbffb533-1344-411c-b5dc-41ebd629b416,"18/6/26, 23:29",Competitive,Ascent,Killjoy,Win,13,11,24,691,266,23,19,4,4,1.2,42.0,204.4,35.0,67.0,2,3,2
LEV ronaldinho#gol,LEV ronaldinho,gol,2026-06-22T21:39:50,LEV ronaldinho,gol,Radiant,Radiant,Immortal 1,4ce9ca4b-d7be-4f50-bacc-50c5b639902f,"18/6/26, 20:50",Competitive,Haven,Jett,Win,13,11,24,905,364,32,16,4,16,2.0,102.0,239.8,45.0,79.0,8,4,2
LEV ronaldinho#gol,LEV ronaldinho,gol,2026-06-22T21:39:50,LEV ronaldinho,gol,Radiant,Radiant,Immortal 1,cbf44ab3-254d-4d97-8f92-27b73d9697d8,"17/6/26, 23:44",Competitive,Breeze,Jett,Loss,9,13,22,452,156,12,16,3,-4,0.8,-18.0,103.3,43.0,77.0,1,2,1
LEV ronaldinho#gol,LEV ronaldinho,gol,2026-06-22T21:39:50,LEV ronaldinho,gol,Radiant,Radiant,Ascendant 2,47f94ae7-418f-411f-bfcf-212a20542e5e,"14/6/26, 18:38",Competitive,Fracture,Phoenix,Win,14,12,26,885,375,34,17,9,17,2.0,52.0,235.2,25.0,81.0,2,2,5
LEV ronaldinho#gol,LEV ronaldinho,gol,2026-06-22T21:39:50,LEV ronaldinho,gol,Radiant,Radiant,Ascendant 3,13fc408f-00ab-46ba-960f-8a3231281885,"14/6/26, 18:03",Competitive,Fracture,Tejo,Win,13,5,18,634,187,11,14,9,-3,0.8,2.0,137.1,28.0,78.0,0,1,1
LEV ronaldinho#gol,LEV ronaldinho,gol,2026-06-22T21:39:50,LEV ronaldinho,gol,Radiant,Radiant,Ascendant 3,0a4da166-167c-495a-ae09-48ca0a1ebce1,"14/6/26, 17:18",Competitive,Pearl,Neon,Win,13,6,19,852,257,17,14,11,3,1.2,19.0,163.3,37.0,89.0,4,1,1
LEV ronaldinho#gol,LEV ronaldinho,gol,2026-06-22T21:39:50,LEV ronaldinho,gol,Radiant,Radiant,Ascendant 3,c8b2d34c-44eb-4c27-b347-beb02ea70454,"14/6/26, 16:37",Competitive,Lotus,Raze,Win,13,9,22,972,389,30,15,5,15,2.0,85.0,224.2,41.0,86.0,9,3,4
LEV ronaldinho#gol,LEV ronaldinho,gol,2026-06-22T21:39:50,LEV ronaldinho,gol,Radiant,Radiant,Ascendant 3,42d44ff3-fdc6-4a9c-80fe-37ca2f73ca60,"14/6/26, 15:59",Competitive,Haven,Jett,Win,13,3,16,427,25,9,3,16,2,170.0,285.2,40.0,94.0,4.0,0,3,786
LEV ronaldinho#gol,LEV ronaldinho,gol,2026-06-22T21:39:50,LEV ronaldinho,gol,Radiant,Radiant,Ascendant 3,6512bcfa-597b-474c-bfff-64d6e7c915ab,"14/6/26, 15:23",Competitive,Ascent,Jett,Win,13,6,19,843,237,16,11,2,5,1.4,28.0,153.7,35.0,89.0,3,3,1
LEV ronaldinho#gol,LEV ronaldinho,gol,2026-06-22T21:39:50,LEV ronaldinho,gol,Radiant,Radiant,Immortal 1,97d34a19-0664-412e-a0c3-5cc24ee1477b,"14/6/26, 2:36",Competitive,Ascent,Killjoy,Win,13,10,23,550,177,14,16,2,-2,0.9,-6.0,116.1,41.0,74.0,1,0,2
LEV ronaldinho#gol,LEV ronaldinho,gol,2026-06-22T21:39:50,LEV ronaldinho,gol,Radiant,Radiant,Immortal 1,ff97539f-d13f-4839-a792-70784dbdaeb8,"13/6/26, 21:23",Competitive,Breeze,Viper,Loss,14,16,30,566,164,17,19,12,-2,0.9,-14.0,110.2,33.0,83.0,2,3,0
LEV ronaldinho#gol,LEV ronaldinho,gol,2026-06-22T21:39:50,LEV ronaldinho,gol,Radiant,Radiant,Immortal 1,58c518fb-2450-491b-8422-1793c8d93bdc,"13/6/26, 21:00",Competitive,Breeze,Viper,Win,13,1,14,978,301,17,5,1,12,3.4,103.0,184.0,46.0,93.0,1,0,2
PAPOI PEEK#daisi,PAPOI PEEK,daisi,2026-06-22T21:42:48,PAPOI PEEK,daisi,Immortal 1,Immortal 1,Ascendant 3,1ad0dc1e-f701-426a-b5b3-600fe5d821db,"15/6/26, 1:40",Competitive,Split,Clove,Win,13,10,23,947,447,36,18,13,18,2.0,128.0,279.0,20.0,83.0,7,1,5
PAPOI PEEK#daisi,PAPOI PEEK,daisi,2026-06-22T21:42:48,PAPOI PEEK,daisi,Immortal 1,Immortal 1,Immortal 1,e0308662-ad72-4bc3-8ea2-4f8f88e4a838,"5/6/26, 0:24",Competitive,Fracture,Clove,Win,13,5,18,853,243,16,9,8,7,1.8,27.0,165.7,22.0,94.0,2,1,1
PAPOI PEEK#daisi,PAPOI PEEK,daisi,2026-06-22T21:42:48,PAPOI PEEK,daisi,Immortal 1,Immortal 1,Radiant,3b6f6dad-be00-4e82-a2ba-3d2c72cd12cc,"4/6/26, 23:50",Competitive,Split,Phoenix,Loss,5,13,18,405,173,9,14,5,-5,0.6,-38.0,143.8,18.0,78.0,0,4,0
PAPOI PEEK#daisi,PAPOI PEEK,daisi,2026-06-22T21:42:48,PAPOI PEEK,daisi,Immortal 1,Immortal 1,Radiant,fa1f74bd-43b2-40f6-90b0-e97f18b4433f,"4/6/26, 23:12",Competitive,Haven,Sova,Win,13,10,23,568,167,12,14,7,-2,0.9,12.0,133.4,25.0,74.0,0,1,0
PAPOI PEEK#daisi,PAPOI PEEK,daisi,2026-06-22T21:42:48,PAPOI PEEK,daisi,Immortal 1,Immortal 1,Immortal 1,b8614ef1-ec28-457b-8731-71c5e48f6036,"4/6/26, 22:40",Competitive,Pearl,Clove,Win,13,6,19,967,314,22,9,10,13,2.4,77.0,212.7,21.0,89.0,0,1,3
PAPOI PEEK#daisi,PAPOI PEEK,daisi,2026-06-22T21:42:48,PAPOI PEEK,daisi,Immortal 1,Immortal 1,Immortal 1,5f484162-cf62-4517-9050-b5f4603cb736,"4/6/26, 21:59",Competitive,Lotus,Fade,Loss,10,13,23,588,231,20,16,5,4,1.2,18.0,160.6,31.0,70.0,2,1,3
PAPOI PEEK#daisi,PAPOI PEEK,daisi,2026-06-22T21:42:48,PAPOI PEEK,daisi,Immortal 1,Immortal 1,Radiant,3850251f-f927-4329-9556-532d92df9726,"4/6/26, 21:19",Competitive,Fracture,Clove,Win,13,10,23,708,195,16,14,6,2,1.1,-3.0,138.1,30.0,91.0,1,0,0
PAPOI PEEK#daisi,PAPOI PEEK,daisi,2026-06-22T21:42:48,PAPOI PEEK,daisi,Immortal 1,Immortal 1,Radiant,b6e37b62-1422-461d-a4dc-11fa35068052,"3/6/26, 0:14",Competitive,Split,Clove,Win,13,8,21,791,314,21,20,13,1,1.1,8.0,202.6,18.0,76.0,4,1,2
PAPOI PEEK#daisi,PAPOI PEEK,daisi,2026-06-22T21:42:48,PAPOI PEEK,daisi,Immortal 1,Immortal 1,Radiant,8f8bc2a0-152d-41b1-88ef-e67acabe4495,"2/6/26, 23:37",Competitive,Split,Clove,Win,13,7,20,684,227,16,14,4,2,1.1,7.0,152.3,24.0,75.0,4,0,2
PAPOI PEEK#daisi,PAPOI PEEK,daisi,2026-06-22T21:42:48,PAPOI PEEK,daisi,Immortal 1,Immortal 1,Ascendant 3,738410fa-0ed5-4bd8-b38d-94b13edcd8f4,"30/5/26, 15:09",Competitive,Lotus,Clove,Win,13,10,23,927,282,23,18,11,5,1.3,77.0,210.3,36.0,87.0,2,2,1
PAPOI PEEK#daisi,PAPOI PEEK,daisi,2026-06-22T21:42:48,PAPOI PEEK,daisi,Immortal 1,Immortal 1,Ascendant 2,edf65f67-8733-4682-90c0-852f267f3e62,"30/5/26, 14:39",Competitive,Split,Clove,Win,13,1,14,940,275,14,8,12,6,1.8,68.0,177.6,35.0,100.0,1,1,1
PAPOI PEEK#daisi,PAPOI PEEK,daisi,2026-06-22T21:42:48,PAPOI PEEK,daisi,Immortal 1,Immortal 1,Ascendant 2,58f26dce-37fc-4d29-b86f-8ceaa1d566b7,"30/5/26, 13:45",Competitive,Ascent,KAY/O,Win,13,11,24,977,351,27,16,22,11,1.7,113.0,253.5,28.0,96.0,2,0,2
PAPOI PEEK#daisi,PAPOI PEEK,daisi,2026-06-22T21:42:48,PAPOI PEEK,daisi,Immortal 1,Immortal 1,Diamond 2,46bbedba-047c-4db7-bf7f-2b8227a55151,"30/5/26, 13:15",Competitive,Lotus,Clove,Win,13,0,13,971,291,13,5,6,8,2.6,98.0,195.9,26.0,92.0,1,1,1
PAPOI PEEK#daisi,PAPOI PEEK,daisi,2026-06-22T21:42:48,PAPOI PEEK,daisi,Immortal 1,Immortal 1,Immortal 1,285c61cf-4b13-4aee-9e29-425beb4c4fb3,"30/5/26, 12:38",Competitive,Fracture,Clove,Win,13,4,17,571,158,10,11,8,-1,0.9,3.0,126.9,35.0,76.0,2,1,0
PAPOI PEEK#daisi,PAPOI PEEK,daisi,2026-06-22T21:42:48,PAPOI PEEK,daisi,Immortal 1,Immortal 1,Ascendant 2,c7d21eba-2ed9-49d4-8398-7c91e4dbd877,"30/5/26, 11:12",Competitive,Haven,Phoenix,Loss,7,13,20,827,390,26,14,5,12,1.9,101.0,261.1,33.0,80.0,2,2,3
PAPOI PEEK#daisi,PAPOI PEEK,daisi,2026-06-22T21:42:48,PAPOI PEEK,daisi,Immortal 1,Immortal 1,Ascendant 2,a0709a60-91ac-4599-b3c4-a3dd55a1aba4,"30/5/26, 10:26",Competitive,Fracture,Jett,Loss,8,13,21,629,295,21,17,3,4,1.2,68.0,215.2,35.0,62.0,3,4,3
PAPOI PEEK#daisi,PAPOI PEEK,daisi,2026-06-22T21:42:48,PAPOI PEEK,daisi,Immortal 1,Immortal 1,Immortal 1,e86cb8f9-ee44-4d33-846c-9538c6c30da3,"30/5/26, 9:24",Competitive,Ascent,Jett,Loss,13,15,28,876,292,25,19,8,6,1.3,78.0,214.7,23.0,82.0,6,2,2
PAPOI PEEK#daisi,PAPOI PEEK,daisi,2026-06-22T21:42:48,PAPOI PEEK,daisi,Immortal 1,Immortal 1,Ascendant 3,fc2b28de-e04a-4013-b9e4-cfddb5e35ca0,"25/5/26, 1:18",Competitive,Haven,Sova,Win,13,10,23,440,127,9,13,6,-4,0.7,-5.0,97.0,19.0,70.0,0,3,0
PAPOI PEEK#daisi,PAPOI PEEK,daisi,2026-06-22T21:42:48,PAPOI PEEK,daisi,Immortal 1,Immortal 1,Ascendant 3,331cd7d2-13d8-4859-a05f-7cde19cdd277,"25/5/26, 0:40",Competitive,Pearl,Jett,Win,13,9,22,878,304,24,14,6,10,1.7,68.0,199.5,28.0,77.0,6,4,4
PAPOI PEEK#daisi,PAPOI PEEK,daisi,2026-06-22T21:42:48,PAPOI PEEK,daisi,Immortal 1,Immortal 1,Immortal 1,be33d4de-362d-4491-922b-c108dc2f15c2,"25/5/26, 0:01",Competitive,Fracture,Jett,Win,13,10,23,841,261,21,18,6,3,1.2,38.0,181.5,27.0,83.0,5,6,3
twitch izitukei#teffv,twitch izitukei,teffv,2026-06-22T21:45:46,twitch izitukei,teffv,Radiant,Radiant,Diamond 2,a69440fd-fa65-4762-a4a2-52126c87703f,"17/6/26, 3:36",Competitive,Split,Clove,Win,13,9,22,772,320,26,14,7,12,1.9,90.0,207.6,26.0,64.0,1,5,5
twitch izitukei#teffv,twitch izitukei,teffv,2026-06-22T21:45:46,twitch izitukei,teffv,Radiant,Radiant,Diamond 2,a858e3e0-4840-40b7-b425-d5a5cb2e0388,"16/6/26, 2:29",Competitive,Pearl,Phoenix,Win,13,3,16,797,246,14,9,5,5,1.6,25.0,166.9,23.0,81.0,2,1,1
twitch izitukei#teffv,twitch izitukei,teffv,2026-06-22T21:45:46,twitch izitukei,teffv,Radiant,Radiant,Ascendant 3,d9790d7d-376d-4d1f-b239-b4ef6cfe573f,"16/6/26, 1:44",Competitive,Haven,Phoenix,Win,13,6,19,779,274,19,13,3,6,1.5,32.0,181.8,18.0,74.0,1,1,3
twitch izitukei#teffv,twitch izitukei,teffv,2026-06-22T21:45:46,twitch izitukei,teffv,Radiant,Radiant,Ascendant 1,7fe30496-9d81-4415-8a9a-b8d756f56c60,"12/6/26, 13:16",Competitive,Ascent,Phoenix,Win,13,9,22,924,320,25,15,6,10,1.7,66.0,219.9,32.0,82.0,1,2,4
twitch izitukei#teffv,twitch izitukei,teffv,2026-06-22T21:45:46,twitch izitukei,teffv,Radiant,Radiant,Ascendant 3,932e91ef-c684-42f9-b20b-3564e01732b1,"12/6/26, 2:34",Competitive,Pearl,Jett,Win,13,10,23,515,198,18,17,1,1,1.1,-22.0,121.1,34.0,70.0,3,3,1
twitch izitukei#teffv,twitch izitukei,teffv,2026-06-22T21:45:46,twitch izitukei,teffv,Radiant,Radiant,Ascendant 1,e965e6fa-306d-49e4-bff1-4a57fbfd1f13,"12/6/26, 2:02",Competitive,Haven,Jett,Win,13,5,18,819,233,16,11,3,5,1.4,14.0,154.3,39.0,94.0,4,1,0
twitch izitukei#teffv,twitch izitukei,teffv,2026-06-22T21:45:46,twitch izitukei,teffv,Radiant,Radiant,Diamond 3,ce686a4a-4f50-4e6a-b04e-5469966bd20e,"12/6/26, 1:12",Competitive,Split,Clove,Loss,13,15,28,661,266,27,25,12,2,1.1,-31.0,148.8,19.0,79.0,1,1,2
twitch izitukei#teffv,twitch izitukei,teffv,2026-06-22T21:45:46,twitch izitukei,teffv,Radiant,Radiant,Ascendant 2,1c58683a-0944-4d27-b6ae-aeb40e775093,"12/6/26, 0:20",Competitive,Fracture,Raze,Win,13,7,20,723,227,18,14,3,4,1.3,31.0,155.8,23.0,75.0,3,2,0
twitch izitukei#teffv,twitch izitukei,teffv,2026-06-22T21:45:46,twitch izitukei,teffv,Radiant,Radiant,Ascendant 1,1c78f1ed-3ffb-460b-a3b4-cac057246871,"11/6/26, 23:51",Competitive,Haven,Clove,Win,13,0,13,927,295,14,9,5,5,1.6,38.0,179.8,29.0,92.0,6,1,1
twitch izitukei#teffv,twitch izitukei,teffv,2026-06-22T21:45:46,twitch izitukei,teffv,Radiant,Radiant,Ascendant 2,fb88507f-d925-499b-b5c2-d4e766a8f12b,"11/6/26, 23:04",Competitive,Breeze,Astra,Draw,14,14,28,875,291,27,19,18,8,1.4,73.0,189.4,29.0,82.0,2,1,3
twitch izitukei#teffv,twitch izitukei,teffv,2026-06-22T21:45:46,twitch izitukei,teffv,Radiant,Radiant,Ascendant 3,6bf13f90-f702-4963-a1cf-28095f456dc2,"11/6/26, 22:09",Competitive,Pearl,Phoenix,Loss,9,13,22,626,223,18,16,3,2,1.1,-8.0,159.4,48.0,82.0,3,1,1
twitch izitukei#teffv,twitch izitukei,teffv,2026-06-22T21:45:46,twitch izitukei,teffv,Radiant,Radiant,Ascendant 2,3d940934-4f79-4f56-aa7b-bc8d7c3fc627,"11/6/26, 17:28",Competitive,Split,Clove,Win,13,7,20,981,307,23,11,9,12,2.1,94.0,195.9,23.0,95.0,1,1,2
twitch izitukei#teffv,twitch izitukei,teffv,2026-06-22T21:45:46,twitch izitukei,teffv,Radiant,Radiant,Ascendant 2,b12f484a-d774-49ef-8705-8ea843c313da,"11/6/26, 16:42",Competitive,Breeze,Sova,Win,13,7,20,934,338,25,12,5,13,2.1,100.0,219.9,33.0,80.0,3,0,1
twitch izitukei#teffv,twitch izitukei,teffv,2026-06-22T21:45:46,twitch izitukei,teffv,Radiant,Radiant,Ascendant 1,dbb03220-1c6b-4206-b0f2-891b7de09b31,"11/6/26, 15:45",Competitive,Pearl,Fade,Loss,8,13,21,346,202,16,15,0,1,1.1,-11.0,124.8,58.0,52.0,1,3,2
twitch izitukei#teffv,twitch izitukei,teffv,2026-06-22T21:45:46,twitch izitukei,teffv,Radiant,Radiant,Ascendant 2,2bff90a0-fb86-4bae-9fa0-2e2687d36c5a,"11/6/26, 3:46",Competitive,Split,Clove,Win,13,6,19,968,393,26,11,8,15,2.4,135.0,243.1,19.0,84.0,1,1,4
twitch izitukei#teffv,twitch izitukei,teffv,2026-06-22T21:45:46,twitch izitukei,teffv,Radiant,Radiant,Ascendant 1,33875ebb-71e1-42fc-aaf6-1c7a380bc64e,"11/6/26, 2:44",Competitive,Haven,Phoenix,Win,13,6,19,958,363,25,11,8,14,2.3,76.0,230.9,27.0,84.0,5,1,2
twitch izitukei#teffv,twitch izitukei,teffv,2026-06-22T21:45:46,twitch izitukei,teffv,Radiant,Radiant,Ascendant 1,6db2c3d5-8dc8-47ec-af6f-bf0cad403187,"11/6/26, 1:58",Competitive,Pearl,Astra,Win,13,7,20,947,302,22,10,12,12,2.2,87.0,179.4,22.0,85.0,4,1,2
twitch izitukei#teffv,twitch izitukei,teffv,2026-06-22T21:45:46,twitch izitukei,teffv,Radiant,Radiant,Ascendant 1,58769909-a888-427f-af39-55d7b52f8bcf,"11/6/26, 1:06",Competitive,Breeze,Jett,Win,13,10,23,712,251,20,15,4,5,1.3,41.0,168.1,35.0,70.0,7,3,2
twitch izitukei#teffv,twitch izitukei,teffv,2026-06-22T21:45:46,twitch izitukei,teffv,Radiant,Radiant,Ascendant 1,53808146-61f1-4b0e-9440-475dc533018d,"11/6/26, 0:11",Competitive,Ascent,Clove,Win,13,1,14,368,18,9,9,9,0,131.0,252.9,24.0,93.0,3.0,1,3,348
twitch izitukei#teffv,twitch izitukei,teffv,2026-06-22T21:45:46,twitch izitukei,teffv,Radiant,Radiant,Ascendant 3,d6aa5a58-4e0a-4110-85a8-e7349584617d,"10/6/26, 23:36",Competitive,Pearl,Astra,Win,13,2,15,974,325,19,7,7,12,2.7,120.0,213.1,38.0,87.0,1,0,3
shinden nx1#ange,shinden nx1,ange,2026-06-22T21:48:44,shinden nx1,ange,Radiant,Radiant,Immortal 1,7c40bd0c-a472-463f-b31d-74bfbc459782,"21/6/26, 13:59",Competitive,Breeze,Harbor,Win,13,11,24,557,203,20,17,5,3,1.2,-5.0,134.1,27.0,71.0,1,2,2
shinden nx1#ange,shinden nx1,ange,2026-06-22T21:48:44,shinden nx1,ange,Radiant,Radiant,Immortal 2,08dabfb5-1a3c-4fe2-b96b-d51369bc3a2d,"18/6/26, 1:01",Competitive,Split,Raze,Win,13,11,24,592,256,22,19,2,3,1.2,11.0,159.3,21.0,62.0,5,3,2
shinden nx1#ange,shinden nx1,ange,2026-06-22T21:48:44,shinden nx1,ange,Radiant,Radiant,Immortal 1,377391e0-b282-4df9-b980-bd25eec17d91,"18/6/26, 0:26",Competitive,Split,Viper,Win,13,8,21,648,238,19,12,4,7,1.6,22.0,147.6,19.0,67.0,0,3,1
shinden nx1#ange,shinden nx1,ange,2026-06-22T21:48:44,shinden nx1,ange,Radiant,Radiant,Immortal 1,cbf44ab3-254d-4d97-8f92-27b73d9697d8,"17/6/26, 23:44",Competitive,Breeze,Viper,Win,13,9,22,909,279,20,13,10,7,1.5,91.0,199.5,34.0,82.0,5,1,1
shinden nx1#ange,shinden nx1,ange,2026-06-22T21:48:44,shinden nx1,ange,Radiant,Radiant,Ascendant 3,3c3832a6-f315-4a7b-8d4d-0f1c6e1585ae,"17/6/26, 23:15",Competitive,Haven,Sova,Loss,7,13,20,887,370,24,13,7,11,1.9,126.0,258.9,36.0,90.0,4,0,2
shinden nx1#ange,shinden nx1,ange,2026-06-22T21:48:44,shinden nx1,ange,Radiant,Radiant,Ascendant 2,44553ea3-bda4-4edf-af00-80ba2193c8de,"17/6/26, 13:19",Competitive,Fracture,Brimstone,Loss,6,13,19,787,303,18,15,6,3,1.2,100.0,228.0,50.0,79.0,3,2,2
shinden nx1#ange,shinden nx1,ange,2026-06-22T21:48:44,shinden nx1,ange,Radiant,Radiant,Ascendant 2,1c8e8bf7-fa46-4674-93a1-2aff51883865,"16/6/26, 20:35",Competitive,Breeze,Sova,Loss,15,17,32,734,228,28,20,11,8,1.4,45.0,162.9,31.0,78.0,2,0,2
shinden nx1#ange,shinden nx1,ange,2026-06-22T21:48:44,shinden nx1,ange,Radiant,Radiant,Ascendant 3,15697f1b-831a-429c-b981-1c04a89cb5e4,"16/6/26, 19:54",Competitive,Haven,Omen,Loss,9,13,22,304,167,11,17,8,-6,0.7,-64.0,95.8,36.0,68.0,1,1,0
shinden nx1#ange,shinden nx1,ange,2026-06-22T21:48:44,shinden nx1,ange,Radiant,Radiant,Ascendant 3,fe87b280-a37b-4fda-bbd5-d8abea0867b4,"16/6/26, 19:24",Competitive,Fracture,Brimstone,Win,13,5,18,943,268,17,9,12,8,1.9,94.0,181.9,23.0,89.0,1,1,2
shinden nx1#ange,shinden nx1,ange,2026-06-22T21:48:44,shinden nx1,ange,Radiant,Radiant,Immortal 1,48c883f6-48d7-4df9-9830-749f589f1d5a,"11/6/26, 18:40",Competitive,Pearl,Jett,Win,13,7,20,721,226,16,12,4,4,1.3,29.0,146.9,13.0,75.0,2,3,0
shinden nx1#ange,shinden nx1,ange,2026-06-22T21:48:44,shinden nx1,ange,Radiant,Radiant,Ascendant 3,c71251c0-daa5-4c0d-a72a-c62509602cf5,"11/6/26, 17:43",Competitive,Pearl,Astra,Win,13,7,20,809,221,17,12,5,5,1.4,37.0,148.1,23.0,85.0,2,0,2
shinden nx1#ange,shinden nx1,ange,2026-06-22T21:48:44,shinden nx1,ange,Radiant,Radiant,Ascendant 3,106dd7a2-abd2-4c3a-9588-8799e96add77,"11/6/26, 17:01",Competitive,Fracture,Clove,Win,13,8,21,861,318,24,20,10,4,1.2,51.0,206.3,33.0,76.0,3,2,4
shinden nx1#ange,shinden nx1,ange,2026-06-22T21:48:44,shinden nx1,ange,Radiant,Radiant,Ascendant 2,e0bd352c-f905-4a0a-b01c-8b766a29a5e7,"11/6/26, 16:19",Competitive,Lotus,Omen,Loss,8,13,21,447,229,14,17,13,-3,0.8,-5.0,153.6,23.0,62.0,0,4,0
shinden nx1#ange,shinden nx1,ange,2026-06-22T21:48:44,shinden nx1,ange,Radiant,Radiant,Radiant,53ce9818-40ba-4027-a69a-b90904c4ac30,"11/6/26, 15:34",Competitive,Split,Viper,Win,13,6,19,919,342,24,13,6,11,1.9,83.0,214.3,31.0,79.0,5,1,3
shinden nx1#ange,shinden nx1,ange,2026-06-22T21:48:44,shinden nx1,ange,Radiant,Radiant,Immortal 1,67d8df99-4869-45e4-883c-8bdec82a409d,"11/6/26, 13:55",Competitive,Ascent,Omen,Draw,16,16,32,870,333,36,20,11,16,1.8,84.0,210.9,34.0,78.0,3,3,6
shinden nx1#ange,shinden nx1,ange,2026-06-22T21:48:44,shinden nx1,ange,Radiant,Radiant,Immortal 1,8832d2e2-2323-4560-847a-1865062f7881,"11/6/26, 13:09",Competitive,Pearl,Killjoy,Win,14,12,26,832,284,25,16,7,9,1.6,69.0,191.7,33.0,77.0,6,3,2
shinden nx1#ange,shinden nx1,ange,2026-06-22T21:48:44,shinden nx1,ange,Radiant,Radiant,Ascendant 3,116f1494-1d57-48a1-9b06-9af6343a7ad4,"11/6/26, 0:40",Competitive,Haven,Omen,Loss,8,13,21,431,216,16,17,9,-1,0.9,-20.0,149.5,23.0,67.0,3,5,1
shinden nx1#ange,shinden nx1,ange,2026-06-22T21:48:44,shinden nx1,ange,Radiant,Radiant,Ascendant 3,c7795985-7442-40c7-bbfe-938f8f52b004,"10/6/26, 18:40",Competitive,Ascent,Omen,Win,13,5,18,993,426,27,11,13,16,2.5,119.0,263.5,38.0,89.0,3,2,3
shinden nx1#ange,shinden nx1,ange,2026-06-22T21:48:44,shinden nx1,ange,Radiant,Radiant,Ascendant 3,6ab2a189-5906-4a68-b559-0f71e47f43e6,"10/6/26, 17:48",Competitive,Pearl,Astra,Win,13,6,19,861,262,18,10,8,8,1.8,76.0,166.2,33.0,79.0,4,1,1
shinden nx1#ange,shinden nx1,ange,2026-06-22T21:48:44,shinden nx1,ange,Radiant,Radiant,Immortal 1,4d97a21b-c255-4c4f-8495-c67433771b22,"9/6/26, 2:57",Competitive,Split,Viper,Win,13,7,20,779,282,19,14,4,5,1.4,60.0,198.6,39.0,70.0,2,2,3
Emperador julian#maata,Emperador julian,maata,2026-06-22T21:51:41,Emperador julian,maata,Radiant,Radiant,Immortal 1,2e196911-e15d-49e4-8a5d-8eea17747d75,"20/6/26, 15:36",Competitive,Lotus,Raze,Loss,3,13,16,100,127,6,14,2,-8,0.4,-64.0,84.1,17.0,38.0,2,2,1
Emperador julian#maata,Emperador julian,maata,2026-06-22T21:51:41,Emperador julian,maata,Radiant,Radiant,Ascendant 1,127785e0-0046-43d1-8bf9-640cff78416a,"19/6/26, 4:35",Competitive,Haven,Cypher,Win,13,9,22,731,266,21,12,7,9,1.8,92.0,197.4,35.0,64.0,2,3,1
Emperador julian#maata,Emperador julian,maata,2026-06-22T21:51:41,Emperador julian,maata,Radiant,Radiant,Ascendant 1,606ec6c8-d677-4dde-83b6-e5e0a193cc44,"17/6/26, 4:02",Competitive,Split,Jett,Win,13,4,17,981,334,21,13,3,8,1.6,101.0,235.4,38.0,88.0,7,3,3
Emperador julian#maata,Emperador julian,maata,2026-06-22T21:51:41,Emperador julian,maata,Radiant,Radiant,Ascendant 1,4922ba5f-ae1c-4206-87ee-6b6b8e490f8e,"15/6/26, 5:57",Competitive,Pearl,Phoenix,Win,13,6,19,909,344,21,13,9,8,1.6,67.0,216.3,33.0,79.0,6,2,2
Emperador julian#maata,Emperador julian,maata,2026-06-22T21:51:41,Emperador julian,maata,Radiant,Radiant,Ascendant 3,1971ca5e-2545-4219-ba58-13fe3c37097d,"13/6/26, 21:03",Competitive,Lotus,Clove,Win,13,9,22,500,216,18,16,6,2,1.1,-1.0,132.5,29.0,55.0,0,1,2
Emperador julian#maata,Emperador julian,maata,2026-06-22T21:51:41,Emperador julian,maata,Radiant,Radiant,Immortal 1,e7aba039-b8cf-41f1-ac75-cee80dca4f20,"12/6/26, 12:37",Competitive,Breeze,Neon,Win,13,4,17,874,313,18,14,6,4,1.3,69.0,223.7,33.0,76.0,5,3,2
Emperador julian#maata,Emperador julian,maata,2026-06-22T21:51:41,Emperador julian,maata,Radiant,Radiant,Ascendant 1,248e4759-babe-4bf4-8cd9-5524b3bc501a,"12/6/26, 4:41",Competitive,Lotus,Clove,Win,13,5,18,843,228,16,12,8,4,1.3,40.0,154.9,33.0,89.0,0,2,0
Emperador julian#maata,Emperador julian,maata,2026-06-22T21:51:41,Emperador julian,maata,Radiant,Radiant,Ascendant 2,c8c5ea1e-44e8-4ccf-b1be-fc369db10554,"11/6/26, 7:33",Competitive,Fracture,Tejo,Win,13,5,18,545,153,8,10,11,-2,0.8,13.0,112.1,14.0,72.0,0,0,0
Emperador julian#maata,Emperador julian,maata,2026-06-22T21:51:41,Emperador julian,maata,Radiant,Radiant,Ascendant 1,cda19e56-91c7-4e65-9568-5262551bbf63,"11/6/26, 7:03",Competitive,Fracture,Tejo,Win,13,7,20,689,190,11,14,9,-3,0.8,19.0,134.9,17.0,80.0,2,2,0
Emperador julian#maata,Emperador julian,maata,2026-06-22T21:51:41,Emperador julian,maata,Radiant,Radiant,Ascendant 1,7602ef99-9544-4481-8733-4ccaaeac3a50,"11/6/26, 6:20",Competitive,Breeze,Sova,Win,13,10,23,562,162,13,17,8,-4,0.8,-27.0,101.2,21.0,83.0,1,0,0
Emperador julian#maata,Emperador julian,maata,2026-06-22T21:51:41,Emperador julian,maata,Radiant,Radiant,Ascendant 2,4b35d5c7-d4d8-4c47-8191-11820e53adda,"11/6/26, 5:38",Competitive,Pearl,Clove,Win,13,9,22,536,176,13,20,10,-7,0.7,-35.0,130.1,36.0,77.0,3,3,0
Emperador julian#maata,Emperador julian,maata,2026-06-22T21:51:41,Emperador julian,maata,Radiant,Radiant,Ascendant 3,0079d2f3-e037-4889-8c4b-3c6fcd4ddca0,"11/6/26, 3:50",Competitive,Lotus,Neon,Win,13,3,16,943,360,19,9,6,10,2.1,112.0,233.8,29.0,81.0,5,2,2
Emperador julian#maata,Emperador julian,maata,2026-06-22T21:51:41,Emperador julian,maata,Radiant,Radiant,Ascendant 2,91610afe-c233-4730-826b-06ecaaf7dab0,"11/6/26, 3:22",Competitive,Pearl,Neon,Win,13,3,16,480,30,5,3,25,6,235.0,311.3,27.0,94.0,4.0,0,5,392
Emperador julian#maata,Emperador julian,maata,2026-06-22T21:51:41,Emperador julian,maata,Radiant,Radiant,Ascendant 3,b36f8ea6-1c6c-4791-bd8c-8e70682add14,"11/6/26, 2:45",Competitive,Haven,Jett,Loss,10,13,23,714,286,20,15,9,5,1.3,67.0,193.7,26.0,70.0,6,3,2
Emperador julian#maata,Emperador julian,maata,2026-06-22T21:51:41,Emperador julian,maata,Radiant,Radiant,Immortal 1,4a6c480b-f133-444e-bfbb-295fda54cb5c,"11/6/26, 2:14",Competitive,Breeze,Jett,Loss,4,13,17,617,257,16,14,1,2,1.1,11.0,160.7,29.0,76.0,6,2,1
Emperador julian#maata,Emperador julian,maata,2026-06-22T21:51:41,Emperador julian,maata,Radiant,Radiant,Immortal 1,43aaaace-2db8-44ad-8f77-2be0069665db,"11/6/26, 1:32",Competitive,Fracture,Neon,Loss,11,13,24,788,367,32,17,3,15,1.9,95.0,240.6,32.0,71.0,6,2,4
Emperador julian#maata,Emperador julian,maata,2026-06-22T21:51:41,Emperador julian,maata,Radiant,Radiant,Immortal 1,a20ced49-08ce-49e4-9b6a-ef2e2b46d483,"11/6/26, 0:16",Competitive,Ascent,Jett,Win,13,3,16,738,228,12,12,3,0,6.0,146.3,38.0,81.0,4.0,4,0,512
Emperador julian#maata,Emperador julian,maata,2026-06-22T21:51:41,Emperador julian,maata,Radiant,Radiant,Ascendant 3,74de351e-ea1d-4a95-af4f-5d12ad0a6055,"10/6/26, 17:10",Competitive,Fracture,Neon,Win,13,9,22,865,288,23,16,2,7,1.4,68.0,200.2,26.0,77.0,5,3,2
Emperador julian#maata,Emperador julian,maata,2026-06-22T21:51:41,Emperador julian,maata,Radiant,Radiant,Immortal 1,0d1ae8d3-ec8b-4d55-9bf7-b666ba429058,"10/6/26, 16:35",Competitive,Breeze,Neon,Win,13,6,19,587,265,17,17,3,0,2.0,172.6,33.0,58.0,5.0,6,3,351
Emperador julian#maata,Emperador julian,maata,2026-06-22T21:51:41,Emperador julian,maata,Radiant,Radiant,Ascendant 3,0c959e57-7391-4580-b1b8-691ac82afd2b,"10/6/26, 16:11",Competitive,Pearl,Iso,Win,13,4,17,994,377,25,10,4,15,2.5,87.0,211.7,20.0,100.0,5,2,3
jvhz#ttv,jvhz,ttv,2026-06-22T21:54:39,jvhz,ttv,Radiant,Radiant,Immortal 1,7fc87039-59ad-4916-83e8-55390dcaf63e,"22/6/26, 21:16",Competitive,Lotus,Clove,Win,13,4,17,436,156,11,12,2,-1,0.9,-38.0,115.9,32.0,71.0,0,0,0
jvhz#ttv,jvhz,ttv,2026-06-22T21:54:39,jvhz,ttv,Radiant,Radiant,Immortal 1,8c052201-09f3-402f-97d8-6c4396feb3b0,"21/6/26, 4:37",Competitive,Haven,Jett,Loss,12,14,26,807,360,34,17,4,17,2.0,94.0,235.5,32.0,73.0,5,1,6
jvhz#ttv,jvhz,ttv,2026-06-22T21:54:39,jvhz,ttv,Radiant,Radiant,Ascendant 3,914959de-012b-4901-8ac0-eca95f1bdfb6,"21/6/26, 3:57",Competitive,Breeze,Chamber,Loss,9,13,22,255,164,12,16,4,-4,0.8,-35.0,115.0,25.0,55.0,2,2,1
jvhz#ttv,jvhz,ttv,2026-06-22T21:54:39,jvhz,ttv,Radiant,Radiant,Ascendant 3,0c537439-40dc-4638-ab53-6842a3d064d0,"21/6/26, 3:14",Competitive,Pearl,Clove,Win,13,9,22,651,255,19,17,8,2,1.1,4.0,159.9,19.0,68.0,1,3,4
jvhz#ttv,jvhz,ttv,2026-06-22T21:54:39,jvhz,ttv,Radiant,Radiant,Immortal 1,948be295-e882-4e32-bd99-0e31a6afb66c,"21/6/26, 2:24",Competitive,Breeze,Jett,Loss,5,13,18,528,279,18,17,1,1,1.1,2.0,183.9,38.0,67.0,0,2,1
jvhz#ttv,jvhz,ttv,2026-06-22T21:54:39,jvhz,ttv,Radiant,Radiant,Immortal 1,2aea6842-e7e6-47c2-9570-e0bd7f284ccf,"21/6/26, 1:49",Competitive,Fracture,Phoenix,Win,13,6,19,597,217,16,14,6,2,1.1,-23.0,132.6,29.0,74.0,2,5,0
jvhz#ttv,jvhz,ttv,2026-06-22T21:54:39,jvhz,ttv,Radiant,Radiant,Immortal 1,824b04d8-ae89-4e42-b61b-bbf3b6ec273d,"21/6/26, 0:57",Competitive,Haven,Jett,Win,14,12,26,823,312,29,16,3,13,1.8,96.0,217.0,38.0,73.0,5,5,3
jvhz#ttv,jvhz,ttv,2026-06-22T21:54:39,jvhz,ttv,Radiant,Radiant,Immortal 1,7e6b0e71-7ec1-4e7f-b02d-ef1a819ae323,"21/6/26, 0:19",Competitive,Lotus,Jett,Win,13,9,22,966,311,25,17,6,8,1.5,62.0,212.5,27.0,91.0,5,1,0
jvhz#ttv,jvhz,ttv,2026-06-22T21:54:39,jvhz,ttv,Radiant,Radiant,Ascendant 2,89fc5f1a-6a0a-46f8-a7ad-032efb8f919b,"20/6/26, 23:38",Competitive,Breeze,Jett,Win,13,11,24,782,312,27,17,2,10,1.6,51.0,194.9,49.0,71.0,7,2,3
jvhz#ttv,jvhz,ttv,2026-06-22T21:54:39,jvhz,ttv,Radiant,Radiant,Immortal 1,9dc0f5bf-ad6f-4b0a-9ae9-7f9110fb51ed,"20/6/26, 23:07",Competitive,Ascent,Jett,Win,13,7,20,742,201,15,11,4,4,1.4,42.0,147.1,36.0,80.0,2,0,1
jvhz#ttv,jvhz,ttv,2026-06-22T21:54:39,jvhz,ttv,Radiant,Radiant,Ascendant 3,8968ab82-a9ef-4e1f-a956-4d2440d8bb15,"20/6/26, 22:21",Competitive,Pearl,Clove,Loss,11,13,24,538,248,21,23,10,-2,0.9,-32.0,164.2,31.0,71.0,3,2,2
jvhz#ttv,jvhz,ttv,2026-06-22T21:54:39,jvhz,ttv,Radiant,Radiant,Radiant,7ac3a519-0469-4aac-8274-887ed2c43d4a,"19/6/26, 2:11",Competitive,Pearl,Jett,Loss,5,13,18,184,125,7,15,3,-8,0.5,-39.0,92.0,18.0,61.0,2,2,0
jvhz#ttv,jvhz,ttv,2026-06-22T21:54:39,jvhz,ttv,Radiant,Radiant,Ascendant 3,28ea59a0-0572-448a-85e0-72f36a0eb08a,"19/6/26, 1:35",Competitive,Breeze,Jett,Win,13,3,16,987,384,24,8,3,16,3.0,123.0,232.1,23.0,88.0,4,0,3
jvhz#ttv,jvhz,ttv,2026-06-22T21:54:39,jvhz,ttv,Radiant,Radiant,Ascendant 3,80ae57dc-901d-4b64-b6f7-e8cadb26fb94,"19/6/26, 0:47",Competitive,Lotus,Jett,Loss,12,14,26,572,224,22,19,2,3,1.2,11.0,152.0,38.0,69.0,4,4,1
jvhz#ttv,jvhz,ttv,2026-06-22T21:54:39,jvhz,ttv,Radiant,Radiant,Radiant,09371d00-a398-441f-83b5-d9fd2f2c5094,"19/6/26, 0:06",Competitive,Haven,Phoenix,Loss,7,13,20,455,252,16,16,5,0,-23.0,170.3,47.0,65.0,3.0,3,1,75
jvhz#ttv,jvhz,ttv,2026-06-22T21:54:39,jvhz,ttv,Radiant,Radiant,Immortal 1,c0d6f222-b182-4ab5-b940-f883cc01eff7,"18/6/26, 23:34",Competitive,Fracture,Phoenix,Win,13,7,20,862,279,21,10,7,11,2.1,48.0,193.7,48.0,80.0,1,1,2
jvhz#ttv,jvhz,ttv,2026-06-22T21:54:39,jvhz,ttv,Radiant,Radiant,Ascendant 3,ff0b998b-5663-4c1e-b0b5-e9da7d7dfc70,"18/6/26, 23:06",Competitive,Lotus,Jett,Win,13,5,18,388,26,10,2,16,2,102.0,226.3,53.0,94.0,3.0,1,3,565
jvhz#ttv,jvhz,ttv,2026-06-22T21:54:39,jvhz,ttv,Radiant,Radiant,Immortal 1,85712670-2d15-4bbe-b69c-ee2fa672a28e,"18/6/26, 22:24",Competitive,Breeze,Chamber,Loss,12,14,26,725,265,26,17,1,9,1.5,53.0,171.7,37.0,73.0,4,3,3
jvhz#ttv,jvhz,ttv,2026-06-22T21:54:39,jvhz,ttv,Radiant,Radiant,Immortal 1,4ef1dd0c-2b47-4e8d-bf5c-6e2f18d20138,"18/6/26, 21:42",Competitive,Pearl,Chamber,Win,13,9,22,299,118,7,16,6,-9,0.4,-60.0,82.0,19.0,64.0,2,2,0
jvhz#ttv,jvhz,ttv,2026-06-22T21:54:39,jvhz,ttv,Radiant,Radiant,Immortal 1,4ce9ca4b-d7be-4f50-bacc-50c5b639902f,"18/6/26, 20:50",Competitive,Haven,Chamber,Loss,11,13,24,737,240,21,16,7,5,1.3,39.0,165.5,27.0,79.0,1,2,0
John Constantine#13571,John Constantine,13571,2026-06-22T21:57:36,John Constantine,13571,Radiant,Radiant,Diamond 1,578cddbc-413c-4069-86a6-05f12be61d16,"21/6/26, 20:58",Competitive,Pearl,Harbor,Loss,11,13,24,725,269,22,16,9,6,1.4,72.0,202.5,45.0,71.0,1,4,3
John Constantine#13571,John Constantine,13571,2026-06-22T21:57:36,John Constantine,13571,Radiant,Radiant,Diamond 2,34661271-c666-4e01-ac04-0224137b8283,"21/6/26, 20:20",Competitive,Pearl,Jett,Loss,4,13,17,852,367,19,14,9,5,1.4,118.0,285.0,42.0,88.0,3,6,3
John Constantine#13571,John Constantine,13571,2026-06-22T21:57:36,John Constantine,13571,Radiant,Radiant,Diamond 3,3e9ff2a0-3122-4c0a-ba7a-a0e4e6a750ee,"21/6/26, 19:38",Competitive,Fracture,Unknown,Win,13,6,19,897,318,22,13,3,9,1.7,65.0,210.1,38.0,79.0,6,1,2
John Constantine#13571,John Constantine,13571,2026-06-22T21:57:36,John Constantine,13571,Radiant,Radiant,Ascendant 3,28438a24-54ae-410d-b958-11d08cd4c01a,"21/6/26, 18:56",Competitive,Haven,Phoenix,Loss,12,14,26,635,238,21,16,5,5,1.3,37.0,173.0,43.0,69.0,4,0,1
John Constantine#13571,John Constantine,13571,2026-06-22T21:57:36,John Constantine,13571,Radiant,Radiant,Ascendant 2,3f4383f6-79f6-485b-8b83-7ceca1c754f5,"19/6/26, 23:39",Competitive,Haven,Phoenix,Loss,6,13,19,328,194,14,15,2,-1,0.9,-53.0,127.5,27.0,68.0,0,3,0
John Constantine#13571,John Constantine,13571,2026-06-22T21:57:36,John Constantine,13571,Radiant,Radiant,Diamond 3,da48d368-e0ad-4afe-aca0-d64e86e8d5db,"19/6/26, 23:12",Competitive,Ascent,Cypher,Win,13,0,13,959,280,14,3,5,11,4.7,158.0,222.1,45.0,100.0,2,1,1
John Constantine#13571,John Constantine,13571,2026-06-22T21:57:36,John Constantine,13571,Radiant,Radiant,Diamond 3,def5cca6-8877-4d67-ab8c-ca8f05dd27b5,"19/6/26, 22:19",Competitive,Ascent,Clove,Win,13,8,21,906,335,26,18,3,8,1.4,48.0,207.4,41.0,81.0,3,1,3
John Constantine#13571,John Constantine,13571,2026-06-22T21:57:36,John Constantine,13571,Radiant,Radiant,Ascendant 2,13dd1466-40a6-4e8f-bdae-7c4c1da19c84,"19/6/26, 21:13",Competitive,Fracture,Unknown,Loss,11,13,24,567,240,23,17,1,6,1.4,31.0,164.1,41.0,62.0,3,6,3
John Constantine#13571,John Constantine,13571,2026-06-22T21:57:36,John Constantine,13571,Radiant,Radiant,Ascendant 2,0bd59ab9-8d92-4b1f-ac1a-d87af68546d1,"19/6/26, 20:38",Competitive,Lotus,Jett,Win,13,8,21,978,375,30,13,5,17,2.3,137.0,249.7,48.0,86.0,5,3,5
John Constantine#13571,John Constantine,13571,2026-06-22T21:57:36,John Constantine,13571,Radiant,Radiant,Ascendant 1,42e83fb5-c8d6-45b5-8e5e-f9ea27ea7979,"19/6/26, 19:56",Competitive,Breeze,Jett,Loss,9,13,22,745,311,23,19,5,4,1.2,59.0,226.0,41.0,73.0,5,2,1
John Constantine#13571,John Constantine,13571,2026-06-22T21:57:36,John Constantine,13571,Radiant,Radiant,Ascendant 3,5d6840b4-b551-4adf-b910-28efe3f33857,"19/6/26, 19:23",Competitive,Pearl,Jett,Win,13,7,20,942,336,23,14,4,9,1.6,55.0,212.7,47.0,85.0,8,3,3
John Constantine#13571,John Constantine,13571,2026-06-22T21:57:36,John Constantine,13571,Radiant,Radiant,Ascendant 3,a7c80f8c-1a6c-4a98-b9bc-d72d73ff43b7,"19/6/26, 2:01",Competitive,Split,Unknown,Loss,5,13,18,477,258,15,15,4,0,-14.0,174.2,41.0,67.0,2.0,1,1,530
John Constantine#13571,John Constantine,13571,2026-06-22T21:57:36,John Constantine,13571,Radiant,Radiant,Ascendant 3,7fcba00d-25a0-409d-8828-438b3f059e80,"19/6/26, 1:22",Competitive,Breeze,Sova,Win,13,11,24,704,217,18,16,7,2,1.1,19.0,148.6,35.0,79.0,2,2,1
John Constantine#13571,John Constantine,13571,2026-06-22T21:57:36,John Constantine,13571,Radiant,Radiant,Immortal 1,b3385c9d-c5e2-4851-9cb2-1f7e50c2ffd3,"19/6/26, 0:58",Competitive,Ascent,Jett,Loss,3,13,16,124,125,6,16,4,-10,0.4,-89.0,98.7,32.0,62.0,2,4,0
John Constantine#13571,John Constantine,13571,2026-06-22T21:57:36,John Constantine,13571,Radiant,Radiant,Diamond 2,ab2153b1-4f62-4423-8656-ed8c00760054,"18/6/26, 16:21",Competitive,Lotus,Jett,Win,13,3,16,887,370,22,6,2,16,3.7,148.0,233.9,72.0,75.0,5,2,4
John Constantine#13571,John Constantine,13571,2026-06-22T21:57:36,John Constantine,13571,Radiant,Radiant,Ascendant 2,4bf4ec47-07d0-43e4-9527-fb70cd11670e,"18/6/26, 15:41",Competitive,Fracture,Unknown,Win,13,6,19,737,285,20,13,4,7,1.5,35.0,190.4,41.0,68.0,5,3,4
John Constantine#13571,John Constantine,13571,2026-06-22T21:57:36,John Constantine,13571,Radiant,Radiant,Immortal 1,c2614da8-c0d3-448b-8305-881826e3fe4a,"18/6/26, 15:05",Competitive,Split,Raze,Win,13,4,17,946,328,21,10,2,11,2.1,112.0,227.5,40.0,82.0,3,1,3
John Constantine#13571,John Constantine,13571,2026-06-22T21:57:36,John Constantine,13571,Radiant,Radiant,Ascendant 1,1ea03818-f585-4282-8f98-c8d820bfc3e6,"18/6/26, 2:07",Competitive,Fracture,Unknown,Win,13,1,14,956,276,15,4,10,11,3.8,113.0,203.1,42.0,100.0,1,0,2
John Constantine#13571,John Constantine,13571,2026-06-22T21:57:36,John Constantine,13571,Radiant,Radiant,Ascendant 1,8dbebb04-a570-48d9-a810-215df7d038bc,"18/6/26, 0:54",Competitive,Breeze,Cypher,Win,13,11,24,964,369,34,12,4,22,2.8,132.0,244.9,47.0,88.0,4,0,4
John Constantine#13571,John Constantine,13571,2026-06-22T21:57:36,John Constantine,13571,Radiant,Radiant,Ascendant 3,2cffde4d-c48f-49f9-bda0-c96d6a48246a,"17/6/26, 2:12",Competitive,Ascent,Sova,Win,10,3,13,846,226,11,8,5,3,1.4,67.0,184.5,44.0,85.0,1,0,0
Twitch NaNoWfps#AORUS,Twitch NaNoWfps,AORUS,2026-06-22T22:00:33,Twitch NaNoWfps,AORUS,Radiant,Radiant,Immortal 1,8f1e1013-219a-4d2f-9919-7bb92780af78,"15/6/26, 22:14",Competitive,Fracture,Jett,Win,13,8,21,622,232,18,15,3,3,1.2,14.0,156.8,26.0,67.0,1,6,3
Twitch NaNoWfps#AORUS,Twitch NaNoWfps,AORUS,2026-06-22T22:00:33,Twitch NaNoWfps,AORUS,Radiant,Radiant,Ascendant 3,e11bb1e9-3228-4d25-8c52-d9ecb18d21d1,"15/6/26, 21:38",Competitive,Lotus,Jett,Win,13,4,17,513,31,11,3,20,2,203.0,326.8,30.0,94.0,6.0,1,5,352
Twitch NaNoWfps#AORUS,Twitch NaNoWfps,AORUS,2026-06-22T22:00:33,Twitch NaNoWfps,AORUS,Radiant,Radiant,Immortal 1,3dafefd5-b1df-4a84-b915-d4004d980026,"15/6/26, 20:59",Competitive,Pearl,Fade,Loss,8,13,21,330,182,12,17,5,-5,0.7,-10.0,131.3,18.0,57.0,1,4,0
Twitch NaNoWfps#AORUS,Twitch NaNoWfps,AORUS,2026-06-22T22:00:33,Twitch NaNoWfps,AORUS,Radiant,Radiant,Radiant,fbba1bf4-e73f-4e57-a09e-7b4b472c910b,"14/6/26, 23:43",Competitive,Haven,Jett,Loss,11,13,24,487,227,18,21,7,-3,0.9,-19.0,143.0,24.0,67.0,3,5,2
Twitch NaNoWfps#AORUS,Twitch NaNoWfps,AORUS,2026-06-22T22:00:33,Twitch NaNoWfps,AORUS,Radiant,Radiant,Immortal 1,12d83481-d189-4cff-81ef-9e0b084f32cb,"14/6/26, 23:15",Competitive,Split,Jett,Loss,4,13,17,818,455,27,14,2,13,1.9,143.0,309.5,32.0,82.0,3,1,4
Twitch NaNoWfps#AORUS,Twitch NaNoWfps,AORUS,2026-06-22T22:00:33,Twitch NaNoWfps,AORUS,Radiant,Radiant,Immortal 1,f893a46f-41a0-493b-b123-72bb8fb7cee4,"14/6/26, 22:39",Competitive,Split,Jett,Win,13,8,21,970,349,24,14,5,10,1.7,80.0,229.6,23.0,86.0,6,2,2
Twitch NaNoWfps#AORUS,Twitch NaNoWfps,AORUS,2026-06-22T22:00:33,Twitch NaNoWfps,AORUS,Radiant,Radiant,Immortal 1,c37cc204-1b38-4911-9eaa-db54bd0ec340,"14/6/26, 21:55",Competitive,Breeze,Sova,Loss,12,14,26,620,238,25,18,6,7,1.4,6.0,146.6,26.0,73.0,3,0,2
Twitch NaNoWfps#AORUS,Twitch NaNoWfps,AORUS,2026-06-22T22:00:33,Twitch NaNoWfps,AORUS,Radiant,Radiant,Immortal 2,5218d6c3-d0c7-46c4-a46f-508148f8680b,"14/6/26, 21:19",Competitive,Haven,Sova,Loss,10,13,23,378,169,13,16,5,-3,0.8,-12.0,112.5,26.0,65.0,3,2,1
Twitch NaNoWfps#AORUS,Twitch NaNoWfps,AORUS,2026-06-22T22:00:33,Twitch NaNoWfps,AORUS,Radiant,Radiant,Ascendant 2,4afaf30c-b4ee-4691-bde2-5b1577591c97,"10/6/26, 1:51",Competitive,Pearl,Fade,Win,13,10,23,427,176,15,16,5,-1,0.9,-10.0,119.1,21.0,61.0,1,4,1
Twitch NaNoWfps#AORUS,Twitch NaNoWfps,AORUS,2026-06-22T22:00:33,Twitch NaNoWfps,AORUS,Radiant,Radiant,Ascendant 3,e6224256-1b0c-4ecc-ad40-299d7c4dcf24,"10/6/26, 1:23",Competitive,Breeze,Sova,Win,13,5,18,889,275,18,9,4,9,2.0,56.0,185.6,31.0,83.0,3,1,2
Twitch NaNoWfps#AORUS,Twitch NaNoWfps,AORUS,2026-06-22T22:00:33,Twitch NaNoWfps,AORUS,Radiant,Radiant,Ascendant 3,bb83cd65-535e-4398-b32e-0ae3edf15ac3,"10/6/26, 0:43",Competitive,Lotus,Fade,Win,13,11,24,442,181,15,16,8,-1,0.9,-23.0,115.0,20.0,67.0,2,3,0
Twitch NaNoWfps#AORUS,Twitch NaNoWfps,AORUS,2026-06-22T22:00:33,Twitch NaNoWfps,AORUS,Radiant,Radiant,Immortal 1,e6ed2621-d0dd-4217-b45f-41b74e081caa,"9/6/26, 23:56",Competitive,Split,Skye,Win,13,11,24,471,197,15,15,16,0,7.0,131.3,25.0,58.0,0.0,3,2,262
Twitch NaNoWfps#AORUS,Twitch NaNoWfps,AORUS,2026-06-22T22:00:33,Twitch NaNoWfps,AORUS,Radiant,Radiant,Radiant,dbf92635-48cf-483a-b602-329cca1d49b8,"9/6/26, 23:25",Competitive,Fracture,Tejo,Loss,9,13,22,753,237,18,15,12,3,1.2,38.0,164.7,26.0,86.0,0,0,1
Twitch NaNoWfps#AORUS,Twitch NaNoWfps,AORUS,2026-06-22T22:00:33,Twitch NaNoWfps,AORUS,Radiant,Radiant,Immortal 1,226b84ad-5858-468c-adf2-56676f6c83d5,"9/6/26, 22:47",Competitive,Haven,Sova,Win,13,9,22,619,184,14,13,6,1,1.1,24.0,139.8,34.0,73.0,1,3,0
Twitch NaNoWfps#AORUS,Twitch NaNoWfps,AORUS,2026-06-22T22:00:33,Twitch NaNoWfps,AORUS,Radiant,Radiant,Ascendant 3,1fa9c982-7a67-4b78-98c5-3dd8daffd3e1,"9/6/26, 22:05",Competitive,Pearl,Fade,Win,13,11,24,704,215,19,17,12,2,1.1,20.0,154.3,43.0,79.0,0,1,1
Twitch NaNoWfps#AORUS,Twitch NaNoWfps,AORUS,2026-06-22T22:00:33,Twitch NaNoWfps,AORUS,Radiant,Radiant,Immortal 1,5753c350-d821-4335-86ac-77627dacbe87,"9/6/26, 21:17",Competitive,Lotus,Fade,Loss,11,13,24,681,231,19,16,11,3,1.2,39.0,153.0,35.0,75.0,1,0,3
Twitch NaNoWfps#AORUS,Twitch NaNoWfps,AORUS,2026-06-22T22:00:33,Twitch NaNoWfps,AORUS,Radiant,Radiant,Immortal 1,122e8ddc-a851-41cd-b21e-f0404592c805,"9/6/26, 20:32",Competitive,Haven,Jett,Loss,9,13,22,770,284,20,17,7,3,1.2,60.0,196.3,19.0,77.0,4,2,1
Twitch NaNoWfps#AORUS,Twitch NaNoWfps,AORUS,2026-06-22T22:00:33,Twitch NaNoWfps,AORUS,Radiant,Radiant,Immortal 1,c3977bdd-1a72-4249-bbd8-5651d4e648c8,"5/6/26, 0:52",Competitive,Ascent,Jett,Win,13,11,24,655,232,18,20,7,-2,0.9,-0.0,159.4,28.0,75.0,7,4,0
Twitch NaNoWfps#AORUS,Twitch NaNoWfps,AORUS,2026-06-22T22:00:33,Twitch NaNoWfps,AORUS,Radiant,Radiant,Immortal 1,a1e8c8b7-8013-4fe6-9479-a721f9a95f4a,"5/6/26, 0:15",Competitive,Pearl,Jett,Loss,7,13,20,631,211,15,17,0,-2,0.9,8.0,146.6,40.0,85.0,3,1,0
Twitch NaNoWfps#AORUS,Twitch NaNoWfps,AORUS,2026-06-22T22:00:33,Twitch NaNoWfps,AORUS,Radiant,Radiant,Ascendant 3,e9591af0-8054-43f0-9c80-6b7638fa4ce3,"4/6/26, 23:33",Competitive,Split,Jett,Loss,11,13,24,741,392,34,17,2,17,2.0,92.0,239.6,27.0,67.0,12,3,6
babuino soltero#chubi,babuino soltero,chubi,2026-06-22T22:03:32,babuino soltero,chubi,Radiant,Radiant,Ascendant 3,2a45fd78-0098-46fe-b7a1-c3a46e8ab655,"22/6/26, 0:57",Competitive,Lotus,Omen,Loss,9,13,22,437,208,15,17,7,-2,0.9,-7.0,144.2,27.0,64.0,0,1,1
babuino soltero#chubi,babuino soltero,chubi,2026-06-22T22:03:32,babuino soltero,chubi,Radiant,Radiant,Immortal 1,453efc84-96db-4c43-9cb1-de27eff4c319,"22/6/26, 0:23",Competitive,Haven,Omen,Win,13,9,22,589,198,15,13,11,2,1.1,19.0,126.1,42.0,68.0,1,1,2
babuino soltero#chubi,babuino soltero,chubi,2026-06-22T22:03:32,babuino soltero,chubi,Radiant,Radiant,Ascendant 3,be1ac03b-7047-417e-8f33-cdf45ae568f6,"21/6/26, 23:39",Competitive,Breeze,Harbor,Win,16,14,30,870,282,32,22,10,10,1.4,40.0,181.8,35.0,87.0,3,2,2
babuino soltero#chubi,babuino soltero,chubi,2026-06-22T22:03:32,babuino soltero,chubi,Radiant,Radiant,Immortal 1,7028ba0b-440b-4f87-b00b-fae15e9cb825,"21/6/26, 22:26",Competitive,Ascent,Omen,Win,13,11,24,466,218,19,19,5,0,-43.0,129.3,32.0,67.0,1.0,2,2,551
babuino soltero#chubi,babuino soltero,chubi,2026-06-22T22:03:32,babuino soltero,chubi,Radiant,Radiant,Immortal 1,8142f165-0ddc-411c-be49-771b6c2264c7,"21/6/26, 0:11",Competitive,Pearl,Astra,Win,13,10,23,894,272,22,17,10,5,1.3,36.0,185.9,32.0,91.0,3,1,1
babuino soltero#chubi,babuino soltero,chubi,2026-06-22T22:03:32,babuino soltero,chubi,Radiant,Radiant,Immortal 1,eac4894e-ca6f-4c7e-9a7d-32b88371ff73,"20/6/26, 23:27",Competitive,Fracture,Brimstone,Win,14,12,26,494,179,17,19,6,-2,0.9,-6.0,120.3,33.0,69.0,0,3,1
babuino soltero#chubi,babuino soltero,chubi,2026-06-22T22:03:32,babuino soltero,chubi,Radiant,Radiant,Ascendant 3,adc90d79-2eb7-4670-9dbb-c7bf967df19a,"20/6/26, 15:09",Competitive,Breeze,Harbor,Loss,9,13,22,750,288,21,17,4,4,1.2,39.0,185.3,34.0,77.0,2,0,1
babuino soltero#chubi,babuino soltero,chubi,2026-06-22T22:03:32,babuino soltero,chubi,Radiant,Radiant,Radiant,7ac3a519-0469-4aac-8274-887ed2c43d4a,"19/6/26, 2:11",Competitive,Pearl,Chamber,Win,13,5,18,993,359,24,12,3,12,2.0,105.0,233.0,38.0,89.0,5,0,3
babuino soltero#chubi,babuino soltero,chubi,2026-06-22T22:03:32,babuino soltero,chubi,Radiant,Radiant,Ascendant 3,b4235979-04e6-4a24-8d35-6a8b4bd9631a,"19/6/26, 1:39",Competitive,Fracture,Unknown,Win,13,3,16,987,422,24,7,3,17,3.4,181.0,277.3,28.0,88.0,5,0,4
babuino soltero#chubi,babuino soltero,chubi,2026-06-22T22:03:32,babuino soltero,chubi,Radiant,Radiant,Ascendant 3,40a7d683-d654-44a9-99f3-c67368e91ea1,"19/6/26, 0:55",Competitive,Haven,Omen,Loss,11,13,24,922,358,31,19,10,12,1.6,68.0,220.9,34.0,96.0,3,2,3
babuino soltero#chubi,babuino soltero,chubi,2026-06-22T22:03:32,babuino soltero,chubi,Radiant,Radiant,Immortal 1,d269d973-d2d8-4ee5-b135-38e001705f12,"19/6/26, 0:17",Competitive,Ascent,Omen,Win,13,9,22,760,242,19,12,9,7,1.6,58.0,164.3,38.0,73.0,1,2,1
babuino soltero#chubi,babuino soltero,chubi,2026-06-22T22:03:32,babuino soltero,chubi,Radiant,Radiant,Immortal 1,fbffb533-1344-411c-b5dc-41ebd629b416,"18/6/26, 23:29",Competitive,Ascent,Omen,Win,13,11,24,964,395,34,13,14,21,2.6,155.0,276.3,43.0,88.0,0,1,6
babuino soltero#chubi,babuino soltero,chubi,2026-06-22T22:03:32,babuino soltero,chubi,Radiant,Radiant,Immortal 1,4ce9ca4b-d7be-4f50-bacc-50c5b639902f,"18/6/26, 20:50",Competitive,Haven,Omen,Win,13,11,24,734,262,22,19,11,3,1.2,22.0,167.9,37.0,75.0,2,1,3
babuino soltero#chubi,babuino soltero,chubi,2026-06-22T22:03:32,babuino soltero,chubi,Radiant,Radiant,Immortal 2,08dabfb5-1a3c-4fe2-b96b-d51369bc3a2d,"18/6/26, 1:01",Competitive,Split,Omen,Win,13,11,24,757,220,18,17,6,1,1.1,13.0,154.3,28.0,88.0,4,0,0
babuino soltero#chubi,babuino soltero,chubi,2026-06-22T22:03:32,babuino soltero,chubi,Radiant,Radiant,Immortal 1,377391e0-b282-4df9-b980-bd25eec17d91,"18/6/26, 0:26",Competitive,Split,Omen,Win,13,8,21,733,209,15,13,11,2,1.1,21.0,143.5,36.0,81.0,1,0,1
babuino soltero#chubi,babuino soltero,chubi,2026-06-22T22:03:32,babuino soltero,chubi,Radiant,Radiant,Immortal 1,cbf44ab3-254d-4d97-8f92-27b73d9697d8,"17/6/26, 23:44",Competitive,Breeze,Harbor,Win,13,9,22,885,282,22,17,5,5,1.3,31.0,166.2,41.0,86.0,2,0,2
babuino soltero#chubi,babuino soltero,chubi,2026-06-22T22:03:32,babuino soltero,chubi,Radiant,Radiant,Ascendant 3,3c3832a6-f315-4a7b-8d4d-0f1c6e1585ae,"17/6/26, 23:15",Competitive,Haven,Omen,Loss,7,13,20,730,283,21,15,11,6,1.4,26.0,171.7,38.0,80.0,0,0,1
babuino soltero#chubi,babuino soltero,chubi,2026-06-22T22:03:32,babuino soltero,chubi,Radiant,Radiant,Immortal 1,312c3dfd-7085-4558-ab04-2cdc85a77392,"17/6/26, 22:16",Competitive,Pearl,Astra,Win,13,11,24,812,240,22,14,5,8,1.6,47.0,158.4,40.0,83.0,2,0,0
babuino soltero#chubi,babuino soltero,chubi,2026-06-22T22:03:32,babuino soltero,chubi,Radiant,Radiant,Ascendant 3,22e1d1e4-a9fc-4ab4-84a3-9225e0a3a78c,"12/6/26, 22:27",Competitive,Haven,Omen,Loss,9,13,22,793,305,28,15,5,13,1.9,71.0,201.4,37.0,77.0,2,2,5
babuino soltero#chubi,babuino soltero,chubi,2026-06-22T22:03:32,babuino soltero,chubi,Radiant,Radiant,Immortal 1,9ccb3559-96ce-4a7d-99fb-535689266586,"12/6/26, 21:51",Competitive,Ascent,Omen,Loss,7,13,20,714,283,22,14,5,8,1.6,52.0,186.3,64.0,75.0,1,3,1
LEV Kramz#sei,LEV Kramz,sei,2026-06-22T22:06:30,LEV Kramz,sei,Radiant,Radiant,Immortal 1,0307b993-33d7-4fff-9ab0-681730088d99,"21/6/26, 18:18",Competitive,Pearl,Clove,Win,13,5,18,920,304,18,15,12,3,1.2,32.0,181.7,26.0,89.0,1,0,2
LEV Kramz#sei,LEV Kramz,sei,2026-06-22T22:06:30,LEV Kramz,sei,Radiant,Radiant,Ascendant 3,15697f1b-831a-429c-b981-1c04a89cb5e4,"16/6/26, 19:54",Competitive,Haven,Sova,Win,13,9,22,791,229,16,13,7,3,1.2,65.0,169.4,18.0,77.0,1,2,1
LEV Kramz#sei,LEV Kramz,sei,2026-06-22T22:06:30,LEV Kramz,sei,Radiant,Radiant,Ascendant 2,05c7cdf7-183d-43cf-bc0c-28fbaa9fa365,"16/6/26, 19:21",Competitive,Split,Neon,Win,13,2,15,779,260,16,10,2,6,1.6,7.0,159.9,24.0,80.0,2,3,2
LEV Kramz#sei,LEV Kramz,sei,2026-06-22T22:06:30,LEV Kramz,sei,Radiant,Radiant,Ascendant 3,91cadf73-fd05-4483-bc4f-09cdac0fc11e,"16/6/26, 18:22",Competitive,Pearl,Yoru,Win,13,6,19,805,245,17,13,4,4,1.3,38.0,166.4,30.0,79.0,1,3,2
LEV Kramz#sei,LEV Kramz,sei,2026-06-22T22:06:30,LEV Kramz,sei,Radiant,Radiant,Immortal 1,d2e221dc-2c22-4e01-9950-58fc04e66e2c,"16/6/26, 17:42",Competitive,Haven,Unknown,Win,13,4,17,370,23,10,8,13,2,133.0,258.0,41.0,94.0,2.0,1,3,786
LEV Kramz#sei,LEV Kramz,sei,2026-06-22T22:06:30,LEV Kramz,sei,Radiant,Radiant,Ascendant 3,28a15024-5034-4667-bfeb-502d68ae9df0,"16/6/26, 16:49",Competitive,Haven,Clove,Win,14,12,26,835,307,31,21,9,10,1.5,28.0,184.2,53.0,81.0,4,1,2
LEV Kramz#sei,LEV Kramz,sei,2026-06-22T22:06:30,LEV Kramz,sei,Radiant,Radiant,Ascendant 3,50c91c25-020c-4bed-b77c-df9aae105504,"16/6/26, 16:04",Competitive,Breeze,Neon,Win,13,11,24,823,295,23,17,7,6,1.4,72.0,196.5,24.0,75.0,3,2,2
LEV Kramz#sei,LEV Kramz,sei,2026-06-22T22:06:30,LEV Kramz,sei,Radiant,Radiant,Ascendant 3,2c5924be-07bc-4bcb-924c-9cb7b7a3677d,"16/6/26, 15:26",Competitive,Split,Raze,Win,13,7,20,966,360,27,13,5,14,2.1,83.0,211.3,20.0,85.0,2,1,4
LEV Kramz#sei,LEV Kramz,sei,2026-06-22T22:06:30,LEV Kramz,sei,Radiant,Radiant,Immortal 1,bd24a12c-8780-4c9f-a8e9-215a049b289e,"15/6/26, 3:50",Competitive,Ascent,Unknown,Draw,15,15,30,575,213,22,24,9,-2,0.9,-8.0,143.0,22.0,73.0,5,4,1
LEV Kramz#sei,LEV Kramz,sei,2026-06-22T22:06:30,LEV Kramz,sei,Radiant,Radiant,Immortal 1,adc5d53f-e135-4141-bbfa-d8042808a0df,"14/6/26, 23:00",Competitive,Split,Clove,Loss,11,13,24,594,263,21,22,8,-1,0.9,-31.0,160.0,29.0,75.0,1,1,3
LEV Kramz#sei,LEV Kramz,sei,2026-06-22T22:06:30,LEV Kramz,sei,Radiant,Radiant,Radiant,ce1c4edb-66ba-4dc8-ab6f-0d2533b49fb9,"14/6/26, 22:25",Competitive,Pearl,Yoru,Win,13,8,21,872,283,21,14,4,7,1.5,46.0,173.2,19.0,81.0,5,3,2
LEV Kramz#sei,LEV Kramz,sei,2026-06-22T22:06:30,LEV Kramz,sei,Radiant,Radiant,Ascendant 3,7ab5886b-d340-4dc1-862a-b3de3e6e059e,"13/6/26, 22:00",Competitive,Fracture,Reyna,Win,13,4,17,968,338,20,14,5,6,1.4,54.0,211.2,22.0,94.0,4,0,1
LEV Kramz#sei,LEV Kramz,sei,2026-06-22T22:06:30,LEV Kramz,sei,Radiant,Radiant,Ascendant 3,d993d0c4-3e0f-427e-8667-a729a1d15f90,"13/6/26, 21:30",Competitive,Pearl,Yoru,Win,13,3,16,894,290,18,9,5,9,2.0,65.0,193.4,20.0,81.0,2,0,2
LEV Kramz#sei,LEV Kramz,sei,2026-06-22T22:06:30,LEV Kramz,sei,Radiant,Radiant,Ascendant 3,57bb3ea0-1a77-4f8b-b2c4-c0db20752ae0,"13/6/26, 21:00",Competitive,Breeze,Neon,Win,13,7,20,887,466,32,14,3,18,2.3,161.0,299.9,23.0,75.0,3,2,6
LEV Kramz#sei,LEV Kramz,sei,2026-06-22T22:06:30,LEV Kramz,sei,Radiant,Radiant,Ascendant 3,bf20cc36-3e3b-4c37-8895-aa5b00a17ce8,"13/6/26, 20:26",Competitive,Fracture,Reyna,Win,13,10,23,783,339,28,18,5,10,1.6,42.0,212.0,21.0,70.0,3,4,5
LEV Kramz#sei,LEV Kramz,sei,2026-06-22T22:06:30,LEV Kramz,sei,Radiant,Radiant,Ascendant 3,001b4a32-c023-4f71-9769-e975309857f9,"12/6/26, 3:31",Competitive,Ascent,Unknown,Loss,6,13,19,809,297,20,14,5,6,1.4,67.0,189.7,36.0,84.0,1,3,3
LEV Kramz#sei,LEV Kramz,sei,2026-06-22T22:06:30,LEV Kramz,sei,Radiant,Radiant,Ascendant 3,cc32566c-0fa0-4c48-99ab-1fd43b9814ab,"12/6/26, 2:58",Competitive,Haven,Reyna,Win,13,8,21,978,375,29,10,6,19,2.9,123.0,253.5,35.0,86.0,3,3,3
LEV Kramz#sei,LEV Kramz,sei,2026-06-22T22:06:30,LEV Kramz,sei,Radiant,Radiant,Immortal 1,0e1db692-02f8-43fd-bc1e-108f699f832c,"12/6/26, 2:23",Competitive,Ascent,Clove,Loss,11,13,24,618,263,20,24,13,-4,0.8,-20.0,182.3,16.0,75.0,3,0,1
LEV Kramz#sei,LEV Kramz,sei,2026-06-22T22:06:30,LEV Kramz,sei,Radiant,Radiant,Immortal 1,cfa27521-ae6c-4e7e-8a03-25995c9997f4,"12/6/26, 1:40",Competitive,Breeze,Clove,Win,13,8,21,632,237,18,16,6,2,1.1,14.0,161.3,35.0,67.0,0,2,1
LEV Kramz#sei,LEV Kramz,sei,2026-06-22T22:06:30,LEV Kramz,sei,Radiant,Radiant,Immortal 1,170e6460-859a-4f85-824e-49bbe3128482,"12/6/26, 0:59",Competitive,Lotus,Clove,Win,13,10,23,588,203,15,19,7,-4,0.8,-31.0,133.7,19.0,78.0,0,1,2
Kirito#maata,Kirito,maata,2026-06-22T22:09:27,Kirito,maata,Radiant,Radiant,Ascendant 1,7ed8cf34-b063-499e-92bd-26f8bdad5722,"20/6/26, 13:04",Competitive,Ascent,Iso,Loss,12,14,26,605,236,22,19,6,3,1.2,21.0,161.3,30.0,69.0,2,2,3
Kirito#maata,Kirito,maata,2026-06-22T22:09:27,Kirito,maata,Radiant,Radiant,Immortal 1,ebae77b6-40bb-418b-95be-294e27aba686,"20/6/26, 12:29",Competitive,Fracture,Reyna,Win,13,10,23,439,204,14,16,6,-2,0.9,-10.0,132.4,19.0,52.0,3,3,1
Kirito#maata,Kirito,maata,2026-06-22T22:09:27,Kirito,maata,Radiant,Radiant,Diamond 2,7ee1d33b-14e2-4454-97d4-d1de96741c21,"20/6/26, 11:55",Competitive,Lotus,Jett,Win,13,8,21,943,376,29,12,5,17,2.4,99.0,233.3,38.0,81.0,7,3,3
Kirito#maata,Kirito,maata,2026-06-22T22:09:27,Kirito,maata,Radiant,Radiant,Ascendant 1,05e88e7a-fc34-4980-974d-0ca847cf7d5e,"20/6/26, 11:16",Competitive,Split,Raze,Win,13,8,21,966,292,23,12,3,11,1.9,86.0,199.7,21.0,95.0,3,2,1
Kirito#maata,Kirito,maata,2026-06-22T22:09:27,Kirito,maata,Radiant,Radiant,Ascendant 1,b12c1f34-f64f-4d0b-afd0-b4746555af9a,"20/6/26, 9:49",Competitive,Breeze,Neon,Loss,5,13,18,182,161,9,16,2,-7,0.6,-35.0,130.3,30.0,44.0,3,2,1
Kirito#maata,Kirito,maata,2026-06-22T22:09:27,Kirito,maata,Radiant,Radiant,Ascendant 1,44c1ff91-3d59-46cf-91b1-01a561f29bd5,"20/6/26, 8:59",Competitive,Fracture,Reyna,Loss,11,13,24,938,436,37,16,3,21,2.3,167.0,303.8,36.0,92.0,5,0,6
Kirito#maata,Kirito,maata,2026-06-22T22:09:27,Kirito,maata,Radiant,Radiant,Immortal 1,b71154f8-f160-43b0-a8cc-6b9fb8396b6c,"20/6/26, 8:15",Competitive,Lotus,Neon,Loss,10,13,23,392,197,14,19,6,-5,0.7,-15.0,131.5,28.0,61.0,3,5,0
Kirito#maata,Kirito,maata,2026-06-22T22:09:27,Kirito,maata,Radiant,Radiant,Ascendant 2,06e0f848-8982-4aec-8e57-9ae97f07f78a,"20/6/26, 7:26",Competitive,Pearl,Jett,Win,13,9,22,832,270,20,19,4,1,1.1,22.0,187.6,25.0,82.0,4,3,2
Kirito#maata,Kirito,maata,2026-06-22T22:09:27,Kirito,maata,Radiant,Radiant,Ascendant 1,73f56cb0-fd26-4358-a070-59048f3f4a71,"20/6/26, 6:22",Competitive,Ascent,Clove,Win,13,3,16,908,302,16,7,15,9,2.3,73.0,176.9,21.0,81.0,1,2,1
Kirito#maata,Kirito,maata,2026-06-22T22:09:27,Kirito,maata,Radiant,Radiant,Ascendant 3,84e68e36-b872-4a63-b3d8-6661e480ef0c,"20/6/26, 5:31",Competitive,Pearl,Fade,Win,14,12,26,744,224,20,20,11,0,4.0,154.3,29.0,88.0,1.0,3,2,330
Kirito#maata,Kirito,maata,2026-06-22T22:09:27,Kirito,maata,Radiant,Radiant,Ascendant 2,c1fb6846-6c4d-4288-bdad-37d46647b2c5,"20/6/26, 4:43",Competitive,Ascent,Iso,Win,13,11,24,463,212,17,20,4,-3,0.8,-22.0,145.3,32.0,62.0,2,2,3
Kirito#maata,Kirito,maata,2026-06-22T22:09:27,Kirito,maata,Radiant,Radiant,Ascendant 2,9d933ace-c679-4f6a-988d-37af56043856,"20/6/26, 4:07",Competitive,Lotus,Neon,Win,13,7,20,710,250,18,12,7,6,1.5,32.0,163.4,35.0,70.0,2,3,3
Kirito#maata,Kirito,maata,2026-06-22T22:09:27,Kirito,maata,Radiant,Radiant,Immortal 1,1da08caf-171f-4171-8137-1b191c325946,"18/6/26, 14:02",Competitive,Lotus,Neon,Loss,8,13,21,418,207,13,19,7,-6,0.7,-42.0,137.3,29.0,71.0,5,5,0
Kirito#maata,Kirito,maata,2026-06-22T22:09:27,Kirito,maata,Radiant,Radiant,Ascendant 2,7eacef62-ec0b-4e1e-a0fc-7904b6bd0cfb,"18/6/26, 13:23",Competitive,Pearl,Jett,Loss,10,13,23,682,266,21,17,4,4,1.2,52.0,192.1,30.0,70.0,2,2,3
Kirito#maata,Kirito,maata,2026-06-22T22:09:27,Kirito,maata,Radiant,Radiant,Immortal 1,09c48dac-f5fa-4508-96ca-55ad24c5cf70,"18/6/26, 12:51",Competitive,Haven,Neon,Win,13,3,16,364,22,9,4,13,2,120.0,237.2,25.0,94.0,4.0,1,3,106
Kirito#maata,Kirito,maata,2026-06-22T22:09:27,Kirito,maata,Radiant,Radiant,Immortal 1,d9ebd60a-fb51-44e4-b157-8fd27dcd1212,"18/6/26, 12:25",Competitive,Split,Jett,Loss,5,13,18,359,224,14,17,2,-3,0.8,-51.0,137.5,33.0,67.0,2,2,1
Kirito#maata,Kirito,maata,2026-06-22T22:09:27,Kirito,maata,Radiant,Radiant,Immortal 1,2dad6bf9-660f-422a-9252-dcde9cce3a56,"18/6/26, 11:52",Competitive,Breeze,Jett,Win,13,8,21,871,310,22,20,1,2,1.1,11.0,187.2,31.0,86.0,9,2,1
Kirito#maata,Kirito,maata,2026-06-22T22:09:27,Kirito,maata,Radiant,Radiant,Immortal 1,095b0cbd-e1b6-40d2-a4ee-d3fb4ec44880,"18/6/26, 11:16",Competitive,Haven,Jett,Win,13,8,21,772,233,18,13,2,5,1.4,49.0,165.4,33.0,76.0,1,6,2
Kirito#maata,Kirito,maata,2026-06-22T22:09:27,Kirito,maata,Radiant,Radiant,Immortal 1,d4af1bcb-e476-4aa3-aabf-da23de7f104e,"18/6/26, 10:28",Competitive,Ascent,Iso,Win,15,13,28,826,277,26,19,11,7,1.4,58.0,185.9,31.0,79.0,0,2,2
Kirito#maata,Kirito,maata,2026-06-22T22:09:27,Kirito,maata,Radiant,Radiant,Ascendant 1,136f5787-e63b-4aa3-92ba-2002db311190,"18/6/26, 9:53",Competitive,Ascent,Jett,Win,13,6,19,993,418,27,13,6,14,2.1,134.0,273.9,38.0,89.0,9,2,3
kasuroˇ#ale,kasuroˇ,ale,2026-06-22T22:12:25,kasuroˇ,ale,Radiant,Radiant,Ascendant 2,fb09c198-bada-4282-b2b7-a538b06f75c2,"22/6/26, 5:03",Competitive,Ascent,Cypher,Win,13,1,14,953,273,16,5,4,11,3.2,129.0,222.1,45.0,93.0,2,1,3
kasuroˇ#ale,kasuroˇ,ale,2026-06-22T22:12:25,kasuroˇ,ale,Radiant,Radiant,Ascendant 3,c300ef7a-d421-4eb3-90aa-60a0aee81d4f,"22/6/26, 3:51",Competitive,Lotus,Clove,Win,14,12,26,913,384,37,24,8,13,1.5,54.0,220.0,29.0,85.0,3,2,5
kasuroˇ#ale,kasuroˇ,ale,2026-06-22T22:12:25,kasuroˇ,ale,Radiant,Radiant,Ascendant 1,bec36bd7-edae-410b-a055-1be9eb653c7d,"14/6/26, 2:37",Competitive,Haven,Cypher,Win,13,3,16,902,293,17,10,5,7,1.7,72.0,188.5,46.0,81.0,3,3,1
kasuroˇ#ale,kasuroˇ,ale,2026-06-22T22:12:25,kasuroˇ,ale,Radiant,Radiant,Radiant,a45fa3bf-5117-4f7b-8cba-4bb4388f02b3,"5/6/26, 21:12",Competitive,Fracture,Clove,Win,13,10,23,400,159,14,17,3,-3,0.8,-46.0,89.5,37.0,70.0,1,1,2
kasuroˇ#ale,kasuroˇ,ale,2026-06-22T22:12:25,kasuroˇ,ale,Radiant,Radiant,Immortal 1,a1e8c8b7-8013-4fe6-9479-a721f9a95f4a,"5/6/26, 0:15",Competitive,Pearl,Phoenix,Loss,7,13,20,326,160,11,15,3,-4,0.7,-73.0,105.7,29.0,75.0,4,3,0
kasuroˇ#ale,kasuroˇ,ale,2026-06-22T22:12:25,kasuroˇ,ale,Radiant,Radiant,Immortal 1,89445fb0-a4eb-46d3-9446-e9555e96fab3,"4/6/26, 23:36",Competitive,Haven,Reyna,Win,13,7,20,629,227,16,14,4,2,1.1,6.0,141.5,37.0,70.0,1,2,3
kasuroˇ#ale,kasuroˇ,ale,2026-06-22T22:12:25,kasuroˇ,ale,Radiant,Radiant,Ascendant 1,763ec5c0-705f-436a-a65e-4360cbeda1bb,"4/6/26, 23:02",Competitive,Fracture,Clove,Loss,9,13,22,690,267,19,18,8,1,1.1,-20.0,168.9,40.0,86.0,2,2,2
kasuroˇ#ale,kasuroˇ,ale,2026-06-22T22:12:25,kasuroˇ,ale,Radiant,Radiant,Immortal 1,dd64020f-a50d-4248-911a-4f3f6c45e99c,"4/6/26, 19:43",Competitive,Split,Raze,Draw,14,14,28,246,113,8,23,8,-15,0.3,-70.0,85.1,13.0,64.0,2,3,0
kasuroˇ#ale,kasuroˇ,ale,2026-06-22T22:12:25,kasuroˇ,ale,Radiant,Radiant,Immortal 1,df6df171-bbda-4cd6-a109-d88ed41a9a5e,"4/6/26, 19:08",Competitive,Ascent,Reyna,Win,13,8,21,805,284,20,15,6,5,1.3,74.0,206.2,37.0,71.0,6,3,3
kasuroˇ#ale,kasuroˇ,ale,2026-06-22T22:12:25,kasuroˇ,ale,Radiant,Radiant,Ascendant 3,ce5ab502-72a3-49d6-ad27-e1ec6774ecea,"4/6/26, 17:40",Competitive,Ascent,Phoenix,Win,13,9,22,378,192,15,14,2,1,1.1,-31.0,148.3,38.0,50.0,2,1,0
kasuroˇ#ale,kasuroˇ,ale,2026-06-22T22:12:25,kasuroˇ,ale,Radiant,Radiant,Ascendant 1,8314a432-6092-4a12-836e-82d011d22bbe,"4/6/26, 8:03",Competitive,Haven,Clove,Win,13,6,19,891,289,20,13,5,7,1.5,83.0,199.7,31.0,79.0,1,2,2
kasuroˇ#ale,kasuroˇ,ale,2026-06-22T22:12:25,kasuroˇ,ale,Radiant,Radiant,Immortal 1,a712fe1a-5991-4c7b-8f92-9387c802a0a8,"4/6/26, 2:13",Competitive,Lotus,Phoenix,Win,13,6,19,625,207,15,11,5,4,1.4,1.0,144.6,40.0,74.0,1,0,0
kasuroˇ#ale,kasuroˇ,ale,2026-06-22T22:12:25,kasuroˇ,ale,Radiant,Radiant,Immortal 1,9fbc16f2-cb15-4605-bec7-95d2644c7ec1,"4/6/26, 1:30",Competitive,Lotus,Chamber,Loss,13,15,28,535,206,20,20,3,0,4.0,136.4,44.0,68.0,4.0,2,1,346
kasuroˇ#ale,kasuroˇ,ale,2026-06-22T22:12:25,kasuroˇ,ale,Radiant,Radiant,Ascendant 3,02a36370-06c8-44c9-8987-476a482343f2,"4/6/26, 0:49",Competitive,Split,Chamber,Win,13,8,21,792,270,22,11,0,11,2.0,74.0,194.2,55.0,71.0,5,1,2
kasuroˇ#ale,kasuroˇ,ale,2026-06-22T22:12:25,kasuroˇ,ale,Radiant,Radiant,Immortal 1,4391cab3-670a-4795-bef7-0bdc88cf10c7,"3/6/26, 23:58",Competitive,Ascent,Killjoy,Loss,12,14,26,453,205,18,18,5,0,20.0,154.2,32.0,54.0,0.0,2,2,495
kasuroˇ#ale,kasuroˇ,ale,2026-06-22T22:12:25,kasuroˇ,ale,Radiant,Radiant,Immortal 1,747b8ef7-8d7d-4b81-86f5-29352a8d19fc,"3/6/26, 23:20",Competitive,Pearl,Chamber,Loss,9,13,22,298,167,13,18,1,-5,0.7,-43.0,104.1,41.0,64.0,0,1,0
kasuroˇ#ale,kasuroˇ,ale,2026-06-22T22:12:25,kasuroˇ,ale,Radiant,Radiant,Ascendant 3,3fee2112-e683-494e-b7bf-512a488c9f25,"3/6/26, 0:41",Competitive,Pearl,Phoenix,Win,13,7,20,572,192,13,11,7,2,1.2,8.0,125.8,34.0,70.0,1,2,1
kasuroˇ#ale,kasuroˇ,ale,2026-06-22T22:12:25,kasuroˇ,ale,Radiant,Radiant,Immortal 1,0dcdd8ac-5a68-469a-8a78-278315060c16,"2/6/26, 23:58",Competitive,Split,Fade,Loss,8,13,21,267,135,8,16,8,-8,0.5,-39.0,96.9,31.0,67.0,0,1,0
kasuroˇ#ale,kasuroˇ,ale,2026-06-22T22:12:25,kasuroˇ,ale,Radiant,Radiant,Ascendant 3,3287d408-7784-4a71-a260-281a825d5cd9,"2/6/26, 23:15",Competitive,Haven,Sova,Win,13,11,24,538,183,14,16,7,-2,0.9,4.0,124.8,20.0,71.0,3,1,1
kasuroˇ#ale,kasuroˇ,ale,2026-06-22T22:12:25,kasuroˇ,ale,Radiant,Radiant,Immortal 2,b10331fa-e03b-4856-9d52-ac5316514806,"1/6/26, 23:10",Competitive,Ascent,Killjoy,Win,13,9,22,353,157,11,17,2,-6,0.7,-34.0,97.5,32.0,59.0,2,3,1
knyu#javiK,knyu,javiK,2026-06-22T22:15:24,knyu,javiK,Radiant,Radiant,Ascendant 3,a036789b-1711-4929-95ff-c07c64e54270,"18/6/26, 3:44",Competitive,Ascent,Jett,Win,13,10,23,728,256,20,19,3,1,1.1,20.0,190.5,27.0,74.0,5,5,2
knyu#javiK,knyu,javiK,2026-06-22T22:15:24,knyu,javiK,Radiant,Radiant,Ascendant 3,7523e56a-b296-4893-991d-90b92abd0583,"18/6/26, 3:00",Competitive,Fracture,Jett,Win,13,5,18,918,382,26,9,3,17,2.9,141.0,244.2,36.0,78.0,9,0,5
knyu#javiK,knyu,javiK,2026-06-22T22:15:24,knyu,javiK,Radiant,Radiant,Ascendant 3,99d60123-f16e-4c23-80c9-b262c51a935e,"18/6/26, 2:10",Competitive,Fracture,Chamber,Win,13,9,22,640,164,14,12,0,2,1.2,8.0,107.5,18.0,82.0,3,2,1
knyu#javiK,knyu,javiK,2026-06-22T22:15:24,knyu,javiK,Radiant,Radiant,Ascendant 3,962ad150-4a8f-46e6-8da8-ab71254a3c81,"18/6/26, 1:39",Competitive,Breeze,Sova,Win,13,5,18,711,217,14,8,6,6,1.8,52.0,155.9,25.0,72.0,2,1,1
knyu#javiK,knyu,javiK,2026-06-22T22:15:24,knyu,javiK,Radiant,Radiant,Ascendant 1,8770ec97-f64e-4cf9-a50d-d1d5cc84849b,"18/6/26, 0:55",Competitive,Ascent,Jett,Win,13,6,19,968,358,23,13,6,10,1.8,107.0,224.3,31.0,84.0,8,2,2
knyu#javiK,knyu,javiK,2026-06-22T22:15:24,knyu,javiK,Radiant,Radiant,Ascendant 2,2603e5de-554b-4622-8dee-c8a3e3d1b222,"17/6/26, 23:52",Competitive,Haven,Phoenix,Win,13,5,18,936,275,16,9,11,7,1.8,69.0,202.4,30.0,89.0,2,2,1
knyu#javiK,knyu,javiK,2026-06-22T22:15:24,knyu,javiK,Radiant,Radiant,Ascendant 3,62d7819b-a5df-40b5-894a-bcdbdd38cc01,"16/6/26, 1:55",Competitive,Pearl,Chamber,Win,13,4,17,768,297,18,8,1,10,2.2,105.0,210.1,24.0,65.0,4,3,3
knyu#javiK,knyu,javiK,2026-06-22T22:15:24,knyu,javiK,Radiant,Radiant,Ascendant 3,208436f7-bc0e-4e9f-bb37-7ed702c923f3,"16/6/26, 1:05",Competitive,Fracture,Tejo,Win,13,9,22,825,241,19,10,7,9,1.9,88.0,174.3,23.0,77.0,0,0,1
knyu#javiK,knyu,javiK,2026-06-22T22:15:24,knyu,javiK,Radiant,Radiant,Ascendant 3,2b960e3f-6c1f-468d-96f0-551fce768efa,"16/6/26, 0:26",Competitive,Lotus,Chamber,Win,13,5,18,909,269,18,8,5,10,2.2,105.0,186.8,38.0,83.0,4,1,3
knyu#javiK,knyu,javiK,2026-06-22T22:15:24,knyu,javiK,Radiant,Radiant,Immortal 1,4d9d115c-604e-4219-892c-c34f328a01ba,"15/6/26, 23:26",Competitive,Ascent,Jett,Win,13,10,23,679,220,18,17,2,1,1.1,0.0,153.9,29.0,78.0,2,2,1
knyu#javiK,knyu,javiK,2026-06-22T22:15:24,knyu,javiK,Radiant,Radiant,Ascendant 3,df6c70a8-fb16-4796-9bb0-a3be732d4fc6,"14/6/26, 22:34",Competitive,Haven,Clove,Win,13,6,19,540,198,14,13,6,1,1.1,-7.0,139.8,30.0,68.0,2,0,1
knyu#javiK,knyu,javiK,2026-06-22T22:15:24,knyu,javiK,Radiant,Radiant,Ascendant 2,d65897db-d9b3-4ca4-ba39-7aefb46adc94,"14/6/26, 21:51",Competitive,Fracture,Jett,Win,13,9,22,953,361,27,11,6,16,2.5,123.0,239.3,31.0,82.0,7,1,4
knyu#javiK,knyu,javiK,2026-06-22T22:15:24,knyu,javiK,Radiant,Radiant,Immortal 1,d116e439-81c1-4c49-aa4c-e0ada0cd938d,"14/6/26, 21:14",Competitive,Ascent,Phoenix,Win,13,9,22,869,278,21,13,10,8,1.6,24.0,181.2,22.0,86.0,1,2,1
knyu#javiK,knyu,javiK,2026-06-22T22:15:24,knyu,javiK,Radiant,Radiant,Ascendant 3,54804508-c672-4b9c-943c-4a7eb7edcddc,"14/6/26, 6:35",Competitive,Lotus,Chamber,Loss,3,13,16,371,222,12,15,3,-3,0.8,-16.0,134.8,32.0,62.0,3,4,1
knyu#javiK,knyu,javiK,2026-06-22T22:15:24,knyu,javiK,Radiant,Radiant,Immortal 1,ea94919b-6bab-43a8-b73f-812c4a0abd4b,"14/6/26, 5:58",Competitive,Breeze,Chamber,Win,13,8,21,931,291,23,13,2,10,1.8,64.0,182.3,27.0,86.0,4,1,1
knyu#javiK,knyu,javiK,2026-06-22T22:15:24,knyu,javiK,Radiant,Radiant,Ascendant 3,e3304a78-962a-4ab0-9db3-8006a3a78215,"14/6/26, 5:12",Competitive,Breeze,Jett,Loss,4,13,17,603,229,14,14,2,0,0.0,154.1,24.0,82.0,3.0,3,1,530
knyu#javiK,knyu,javiK,2026-06-22T22:15:24,knyu,javiK,Radiant,Radiant,Diamond 2,c031915f-ff13-48f3-903e-f42c347ba55a,"13/6/26, 6:10",Competitive,Lotus,Raze,Loss,5,13,18,603,264,16,13,4,3,1.2,65.0,187.2,22.0,67.0,1,3,2
knyu#javiK,knyu,javiK,2026-06-22T22:15:24,knyu,javiK,Radiant,Radiant,Ascendant 2,f52b1c78-5f21-4efc-8226-889a95c38e25,"13/6/26, 4:34",Competitive,Fracture,Chamber,Win,13,5,18,987,333,23,8,5,15,2.9,135.0,229.6,33.0,89.0,2,1,1
knyu#javiK,knyu,javiK,2026-06-22T22:15:24,knyu,javiK,Radiant,Radiant,Ascendant 3,f9586f07-7e57-4fb2-8a0f-4b3fb03dd563,"13/6/26, 3:08",Competitive,Fracture,Chamber,Loss,10,13,23,804,349,30,15,1,15,2.0,115.0,224.4,30.0,74.0,6,2,5
knyu#javiK,knyu,javiK,2026-06-22T22:15:24,knyu,javiK,Radiant,Radiant,Immortal 1,ef7bc63e-9a45-4ee0-a685-a073436684c8,"13/6/26, 2:32",Competitive,Lotus,Chamber,Loss,8,13,21,778,311,23,14,2,9,1.6,74.0,195.9,45.0,76.0,3,3,3
Benjammin#Luu,Benjammin,Luu,2026-06-22T22:18:22,Benjammin,Luu,Radiant,Radiant,Ascendant 3,a036789b-1711-4929-95ff-c07c64e54270,"18/6/26, 3:44",Competitive,Ascent,Clove,Win,13,10,23,908,340,29,20,5,9,1.4,46.0,201.3,37.0,83.0,3,3,5
Benjammin#Luu,Benjammin,Luu,2026-06-22T22:18:22,Benjammin,Luu,Radiant,Radiant,Ascendant 3,7523e56a-b296-4893-991d-90b92abd0583,"18/6/26, 3:00",Competitive,Fracture,Clove,Win,13,5,18,962,301,21,12,9,9,1.8,69.0,190.7,23.0,100.0,1,0,0
Benjammin#Luu,Benjammin,Luu,2026-06-22T22:18:22,Benjammin,Luu,Radiant,Radiant,Ascendant 3,99d60123-f16e-4c23-80c9-b262c51a935e,"18/6/26, 2:10",Competitive,Fracture,Clove,Win,13,9,22,390,168,12,20,9,-8,0.6,-63.0,117.1,20.0,68.0,1,0,0
Benjammin#Luu,Benjammin,Luu,2026-06-22T22:18:22,Benjammin,Luu,Radiant,Radiant,Ascendant 3,962ad150-4a8f-46e6-8da8-ab71254a3c81,"18/6/26, 1:39",Competitive,Breeze,Clove,Win,13,5,18,723,209,14,9,5,5,1.6,30.0,119.3,23.0,78.0,3,1,2
Benjammin#Luu,Benjammin,Luu,2026-06-22T22:18:22,Benjammin,Luu,Radiant,Radiant,Ascendant 1,8770ec97-f64e-4cf9-a50d-d1d5cc84849b,"18/6/26, 0:55",Competitive,Ascent,Clove,Win,13,6,19,968,365,24,12,8,12,2.0,128.0,257.0,30.0,84.0,1,1,4
Benjammin#Luu,Benjammin,Luu,2026-06-22T22:18:22,Benjammin,Luu,Radiant,Radiant,Ascendant 2,2603e5de-554b-4622-8dee-c8a3e3d1b222,"17/6/26, 23:52",Competitive,Haven,Jett,Win,13,5,18,906,266,17,9,1,8,1.9,48.0,159.8,16.0,89.0,4,1,1
Benjammin#Luu,Benjammin,Luu,2026-06-22T22:18:22,Benjammin,Luu,Radiant,Radiant,Ascendant 3,62d7819b-a5df-40b5-894a-bcdbdd38cc01,"16/6/26, 1:55",Competitive,Pearl,Clove,Win,13,4,17,953,357,22,7,8,15,3.1,132.0,237.3,47.0,82.0,1,1,4
Benjammin#Luu,Benjammin,Luu,2026-06-22T22:18:22,Benjammin,Luu,Radiant,Radiant,Ascendant 3,208436f7-bc0e-4e9f-bb37-7ed702c923f3,"16/6/26, 1:05",Competitive,Fracture,Clove,Win,13,9,22,623,197,16,13,9,3,1.2,14.0,122.0,29.0,73.0,1,2,2
Benjammin#Luu,Benjammin,Luu,2026-06-22T22:18:22,Benjammin,Luu,Radiant,Radiant,Ascendant 3,2b960e3f-6c1f-468d-96f0-551fce768efa,"16/6/26, 0:26",Competitive,Lotus,Clove,Win,13,5,18,717,249,16,11,4,5,1.4,20.0,158.8,20.0,72.0,1,3,3
Benjammin#Luu,Benjammin,Luu,2026-06-22T22:18:22,Benjammin,Luu,Radiant,Radiant,Immortal 1,4d9d115c-604e-4219-892c-c34f328a01ba,"15/6/26, 23:26",Competitive,Ascent,Clove,Win,13,10,23,812,255,24,14,7,10,1.7,52.0,170.7,25.0,78.0,1,0,2
Benjammin#Luu,Benjammin,Luu,2026-06-22T22:18:22,Benjammin,Luu,Radiant,Radiant,Ascendant 3,dce55f7b-33ee-400d-a8cf-d3ec76998ee2,"15/6/26, 15:25",Competitive,Lotus,Jett,Win,16,14,30,723,301,31,19,5,12,1.6,56.0,189.3,29.0,67.0,5,1,6
Benjammin#Luu,Benjammin,Luu,2026-06-22T22:18:22,Benjammin,Luu,Radiant,Radiant,Immortal 1,2248d078-1ce8-496e-aa49-908adf2cf411,"15/6/26, 14:12",Competitive,Haven,Jett,Win,16,14,30,441,171,19,20,6,-1,0.9,-23.0,111.8,36.0,70.0,6,5,1
Benjammin#Luu,Benjammin,Luu,2026-06-22T22:18:22,Benjammin,Luu,Radiant,Radiant,Ascendant 3,df6c70a8-fb16-4796-9bb0-a3be732d4fc6,"14/6/26, 22:34",Competitive,Haven,Jett,Win,13,6,19,928,348,24,11,2,13,2.2,94.0,194.2,27.0,79.0,8,1,2
Benjammin#Luu,Benjammin,Luu,2026-06-22T22:18:22,Benjammin,Luu,Radiant,Radiant,Ascendant 2,d65897db-d9b3-4ca4-ba39-7aefb46adc94,"14/6/26, 21:51",Competitive,Fracture,Clove,Win,13,9,22,709,246,19,18,3,1,1.1,-8.0,158.3,33.0,77.0,3,2,2
Benjammin#Luu,Benjammin,Luu,2026-06-22T22:18:22,Benjammin,Luu,Radiant,Radiant,Immortal 1,d116e439-81c1-4c49-aa4c-e0ada0cd938d,"14/6/26, 21:14",Competitive,Ascent,Killjoy,Win,13,9,22,685,232,19,14,2,5,1.4,47.0,159.1,18.0,68.0,1,2,1
Benjammin#Luu,Benjammin,Luu,2026-06-22T22:18:22,Benjammin,Luu,Radiant,Radiant,Ascendant 2,df9175ef-cd64-4ccf-a342-25d92bca5ea0,"14/6/26, 19:42",Competitive,Fracture,Clove,Win,13,8,21,667,215,18,14,6,4,1.3,32.0,149.6,35.0,71.0,1,0,1
Benjammin#Luu,Benjammin,Luu,2026-06-22T22:18:22,Benjammin,Luu,Radiant,Radiant,Immortal 1,ae334cf4-b05d-4e6e-905b-832c6c9c93d0,"14/6/26, 19:11",Competitive,Lotus,Clove,Loss,8,13,21,368,177,13,16,2,-3,0.8,-18.0,134.9,25.0,67.0,1,0,0
Benjammin#Luu,Benjammin,Luu,2026-06-22T22:18:22,Benjammin,Luu,Radiant,Radiant,Ascendant 2,b0302720-f35d-4877-aaac-1209f7a0a45e,"14/6/26, 18:43",Competitive,Breeze,Clove,Win,13,5,18,900,350,24,13,4,11,1.9,65.0,213.9,39.0,78.0,2,1,3
Benjammin#Luu,Benjammin,Luu,2026-06-22T22:18:22,Benjammin,Luu,Radiant,Radiant,Immortal 1,0edd079b-2446-4f67-b0cc-1a90c1128226,"14/6/26, 18:09",Competitive,Split,Clove,Loss,2,13,15,379,248,12,16,2,-4,0.8,-25.0,169.1,37.0,60.0,1,1,1
Benjammin#Luu,Benjammin,Luu,2026-06-22T22:18:22,Benjammin,Luu,Radiant,Radiant,Ascendant 1,bd3f4380-2b7d-40ff-870f-e1fa601ec86d,"14/6/26, 17:32",Competitive,Haven,Jett,Loss,10,13,23,636,212,16,15,5,1,1.1,17.0,131.5,34.0,78.0,3,1,0
TulaShyydeuS#ssj69,TulaShyydeuS,ssj69,2026-06-22T22:21:21,TulaShyydeuS,ssj69,Radiant,Radiant,Immortal 1,512a56a4-9a62-4f9d-9643-4a4fb0320e3a,"22/6/26, 20:17",Competitive,Split,Viper,Loss,2,13,15,584,232,11,14,1,-3,0.8,2.0,157.0,26.0,80.0,1,1,0
TulaShyydeuS#ssj69,TulaShyydeuS,ssj69,2026-06-22T22:21:21,TulaShyydeuS,ssj69,Radiant,Radiant,Immortal 1,91b55af7-dffd-4144-8dda-fee06b521d9a,"22/6/26, 19:38",Competitive,Fracture,Chamber,Win,13,9,22,891,306,25,12,2,13,2.1,91.0,202.7,28.0,77.0,5,1,3
TulaShyydeuS#ssj69,TulaShyydeuS,ssj69,2026-06-22T22:21:21,TulaShyydeuS,ssj69,Radiant,Radiant,Immortal 1,b8686a6f-a9aa-49d4-9a48-124a13b7f54e,"22/6/26, 19:01",Competitive,Ascent,Vyse,Win,13,4,17,993,333,21,10,3,11,2.1,95.0,207.2,36.0,94.0,5,1,4
TulaShyydeuS#ssj69,TulaShyydeuS,ssj69,2026-06-22T22:21:21,TulaShyydeuS,ssj69,Radiant,Radiant,Immortal 1,de121d23-d273-44a6-8f73-14cde6b73e6a,"22/6/26, 18:24",Competitive,Pearl,Fade,Win,13,7,20,858,242,18,11,2,7,1.6,53.0,154.6,30.0,85.0,1,0,1
TulaShyydeuS#ssj69,TulaShyydeuS,ssj69,2026-06-22T22:21:21,TulaShyydeuS,ssj69,Radiant,Radiant,Immortal 1,eb100783-ec1a-434c-b2f2-1f06f9d3d0d2,"22/6/26, 17:47",Competitive,Fracture,Iso,Win,13,5,18,727,222,14,12,4,2,1.2,20.0,143.9,21.0,78.0,5,1,1
TulaShyydeuS#ssj69,TulaShyydeuS,ssj69,2026-06-22T22:21:21,TulaShyydeuS,ssj69,Radiant,Radiant,Ascendant 3,01cdcfb6-4806-4920-8d4e-744b4f47b6f9,"22/6/26, 16:30",Competitive,Ascent,Vyse,Win,13,4,17,407,26,6,3,20,4,185.0,263.1,27.0,94.0,4.0,0,2,703
TulaShyydeuS#ssj69,TulaShyydeuS,ssj69,2026-06-22T22:21:21,TulaShyydeuS,ssj69,Radiant,Radiant,Immortal 1,1f20ad76-2241-49cd-88e5-c9d3a0abd3d7,"21/6/26, 20:01",Competitive,Split,Viper,Loss,11,13,24,824,313,25,16,7,9,1.6,57.0,209.5,24.0,79.0,2,2,1
TulaShyydeuS#ssj69,TulaShyydeuS,ssj69,2026-06-22T22:21:21,TulaShyydeuS,ssj69,Radiant,Radiant,Immortal 1,75af4468-e83a-4770-88e3-76c4297f216f,"21/6/26, 19:29",Competitive,Breeze,Sova,Win,13,7,20,971,386,29,11,6,18,2.6,161.0,268.7,38.0,85.0,2,1,3
TulaShyydeuS#ssj69,TulaShyydeuS,ssj69,2026-06-22T22:21:21,TulaShyydeuS,ssj69,Radiant,Radiant,Ascendant 3,bc2bdce5-6169-4d7a-9618-28919f4037c0,"21/6/26, 18:38",Competitive,Split,Viper,Win,16,14,30,903,391,41,17,7,24,2.4,127.0,259.1,31.0,80.0,1,1,5
TulaShyydeuS#ssj69,TulaShyydeuS,ssj69,2026-06-22T22:21:21,TulaShyydeuS,ssj69,Radiant,Radiant,Immortal 1,d7dd2077-cd7e-4941-9968-4e4b7a555b5b,"21/6/26, 18:08",Competitive,Ascent,Vyse,Loss,6,13,19,710,320,21,16,1,5,1.3,46.0,189.6,25.0,74.0,3,0,2
TulaShyydeuS#ssj69,TulaShyydeuS,ssj69,2026-06-22T22:21:21,TulaShyydeuS,ssj69,Radiant,Radiant,Immortal 1,30aee0c1-3a39-47b8-856d-4b2b9bd18120,"21/6/26, 17:39",Competitive,Breeze,Jett,Win,13,5,18,959,424,28,9,4,19,3.1,194.0,288.4,32.0,83.0,3,1,4
TulaShyydeuS#ssj69,TulaShyydeuS,ssj69,2026-06-22T22:21:21,TulaShyydeuS,ssj69,Radiant,Radiant,Ascendant 2,52db114e-a59d-41cf-8551-d06ac0c85de9,"21/6/26, 16:48",Competitive,Haven,Cypher,Loss,13,15,28,909,279,28,14,2,14,2.0,89.0,185.1,40.0,89.0,2,1,2
TulaShyydeuS#ssj69,TulaShyydeuS,ssj69,2026-06-22T22:21:21,TulaShyydeuS,ssj69,Radiant,Radiant,Ascendant 3,ba3c0ce7-6c95-4513-8eb7-3efcad405d0a,"21/6/26, 16:11",Competitive,Lotus,Vyse,Loss,10,13,23,640,277,21,14,5,7,1.5,79.0,183.3,33.0,61.0,3,1,2
TulaShyydeuS#ssj69,TulaShyydeuS,ssj69,2026-06-22T22:21:21,TulaShyydeuS,ssj69,Radiant,Radiant,Immortal 1,bb2e6e4f-0a6f-4142-b991-111ffd1fdaa1,"19/6/26, 19:30",Competitive,Haven,Cypher,Win,15,13,28,790,269,27,18,6,9,1.5,70.0,182.0,34.0,75.0,2,2,2
TulaShyydeuS#ssj69,TulaShyydeuS,ssj69,2026-06-22T22:21:21,TulaShyydeuS,ssj69,Radiant,Radiant,Ascendant 1,f76b32cd-08b4-4f33-8c16-5087caa07b2e,"19/6/26, 19:00",Competitive,Breeze,Harbor,Loss,6,13,19,342,199,11,17,7,-6,0.7,-29.0,132.6,17.0,63.0,1,2,2
TulaShyydeuS#ssj69,TulaShyydeuS,ssj69,2026-06-22T22:21:21,TulaShyydeuS,ssj69,Radiant,Radiant,Ascendant 2,0b46cee1-da8a-4b2a-9b0b-7e8dfc36359f,"19/6/26, 18:32",Competitive,Ascent,Sova,Loss,3,13,16,465,222,11,14,1,-3,0.8,-2.0,157.4,34.0,69.0,1,0,1
TulaShyydeuS#ssj69,TulaShyydeuS,ssj69,2026-06-22T22:21:21,TulaShyydeuS,ssj69,Radiant,Radiant,Ascendant 2,3d4ef545-bf97-4f06-94ae-8fd5e1e9c9f1,"19/6/26, 18:04",Competitive,Split,Fade,Win,13,6,19,911,275,17,10,8,7,1.7,72.0,184.7,28.0,84.0,4,0,1
TulaShyydeuS#ssj69,TulaShyydeuS,ssj69,2026-06-22T22:21:21,TulaShyydeuS,ssj69,Radiant,Radiant,Ascendant 3,b63fc303-55d1-4d51-8777-f4552e3d7b06,"18/6/26, 19:48",Competitive,Haven,Sova,Win,13,7,20,776,248,19,16,8,3,1.2,13.0,161.0,36.0,80.0,3,1,1
TulaShyydeuS#ssj69,TulaShyydeuS,ssj69,2026-06-22T22:21:21,TulaShyydeuS,ssj69,Radiant,Radiant,Ascendant 3,9f41f7bc-0676-40cc-bf6a-c75cc8128819,"18/6/26, 19:05",Competitive,Fracture,Iso,Win,13,8,21,996,509,37,13,3,24,2.9,193.0,319.5,30.0,90.0,6,4,5
TulaShyydeuS#ssj69,TulaShyydeuS,ssj69,2026-06-22T22:21:21,TulaShyydeuS,ssj69,Radiant,Radiant,Ascendant 3,5ad047b0-7b2a-41f2-b6f2-7cae4d245493,"18/6/26, 18:32",Competitive,Fracture,Chamber,Win,13,7,20,884,303,23,12,3,11,1.9,51.0,183.9,26.0,80.0,8,0,2
Хави#zzz,Хави,zzz,2026-06-23T11:09:34,Хави,zzz,Radiant,Radiant,Immortal 1,83f45efc-c689-4cdc-b72c-6a18500d6bf3,"23/6/26, 1:55",Competitive,Breeze,Clove,Win,15,13,28,784,323,31,29,13,2,1.1,-8.0,199.0,25.0,82.0,2,1,4
Хави#zzz,Хави,zzz,2026-06-23T11:09:34,Хави,zzz,Radiant,Radiant,Immortal 1,bea70372-3b56-458d-afc3-2e7805ea8c89,"23/6/26, 0:27",Competitive,Ascent,Clove,Win,13,5,18,770,227,17,11,8,6,1.6,41.0,168.3,30.0,78.0,1,0,2
Хави#zzz,Хави,zzz,2026-06-23T11:09:34,Хави,zzz,Radiant,Radiant,Radiant,5619c99c-5e96-42e9-ac57-b6980e0a4516,"22/6/26, 23:42",Competitive,Haven,Clove,Loss,7,13,20,537,307,20,19,6,1,1.1,9.0,197.1,19.0,60.0,1,2,3
Хави#zzz,Хави,zzz,2026-06-23T11:09:34,Хави,zzz,Radiant,Radiant,Immortal 1,d29bb5eb-9197-42ea-bb38-0c7cd64d352e,"22/6/26, 22:34",Competitive,Fracture,Clove,Win,13,10,23,468,172,12,19,18,-7,0.6,-45.0,117.3,24.0,74.0,3,1,1
Хави#zzz,Хави,zzz,2026-06-23T11:09:34,Хави,zzz,Radiant,Radiant,Immortal 1,35125b47-2a1e-4cc2-88d1-013b4c848d1b,"22/6/26, 22:01",Competitive,Ascent,Clove,Loss,6,13,19,536,228,11,20,7,-9,0.6,-27.0,169.8,20.0,79.0,1,4,0
Хави#zzz,Хави,zzz,2026-06-23T11:09:34,Хави,zzz,Radiant,Radiant,Immortal 1,102e002c-e0dd-4041-bcd9-2e7eb7e8b6a3,"22/6/26, 21:22",Competitive,Breeze,Clove,Win,13,7,20,719,211,13,18,11,-5,0.7,-17.0,143.5,22.0,90.0,1,0,1
Хави#zzz,Хави,zzz,2026-06-23T11:09:34,Хави,zzz,Radiant,Radiant,Ascendant 3,08095128-eca7-4f6a-a771-8437136ada0f,"22/6/26, 20:44",Competitive,Haven,Neon,Loss,8,13,21,121,115,8,18,3,-10,0.4,-67.0,88.2,25.0,48.0,1,2,0
Хави#zzz,Хави,zzz,2026-06-23T11:09:34,Хави,zzz,Radiant,Radiant,Ascendant 3,fa00fe1d-1166-45ff-a7bd-b702fe2f329c,"22/6/26, 20:07",Competitive,Ascent,Clove,Loss,7,13,20,718,293,20,15,6,5,1.3,50.0,197.5,27.0,75.0,1,0,1
Хави#zzz,Хави,zzz,2026-06-23T11:09:34,Хави,zzz,Radiant,Radiant,Immortal 1,4ef7df17-1422-4ef8-8c95-48b519fdaab8,"22/6/26, 11:59",Competitive,Ascent,Neon,Win,13,3,16,932,343,21,10,3,11,2.1,80.0,207.9,24.0,81.0,3,1,2
Хави#zzz,Хави,zzz,2026-06-23T11:09:34,Хави,zzz,Radiant,Radiant,Ascendant 3,15377c48-a07b-4039-80a2-5dda933f0194,"22/6/26, 10:45",Competitive,Pearl,Neon,Win,15,13,28,713,281,28,21,6,7,1.3,26.0,180.5,22.0,71.0,4,3,4
Хави#zzz,Хави,zzz,2026-06-23T11:09:34,Хави,zzz,Radiant,Radiant,Ascendant 3,ee1a2af3-5ccd-4cd7-88f2-f4a286f74d94,"22/6/26, 10:07",Competitive,Split,Neon,Loss,8,13,21,366,167,13,17,5,-4,0.8,-73.0,107.1,15.0,76.0,2,2,0
Хави#zzz,Хави,zzz,2026-06-23T11:09:34,Хави,zzz,Radiant,Radiant,Ascendant 1,5cef883e-e7b1-4fe9-9386-986f2e333770,"18/6/26, 10:35",Competitive,Breeze,Neon,Win,13,10,23,947,407,29,17,14,12,1.7,97.0,258.1,21.0,83.0,7,2,3
Хави#zzz,Хави,zzz,2026-06-23T11:09:34,Хави,zzz,Radiant,Radiant,Immortal 1,3b601b90-3d3a-44c5-974e-d7b1fd06e766,"18/6/26, 9:01",Competitive,Split,Clove,Win,13,10,23,685,254,17,20,21,-3,0.8,-1.0,161.7,16.0,74.0,4,2,1
Хави#zzz,Хави,zzz,2026-06-23T11:09:34,Хави,zzz,Radiant,Radiant,Ascendant 2,ec675361-86db-44c4-a7ae-ecb461e24fde,"18/6/26, 8:24",Competitive,Haven,Neon,Loss,5,13,18,627,268,15,17,9,-2,0.9,-21.0,170.4,13.0,83.0,3,1,1
Хави#zzz,Хави,zzz,2026-06-23T11:09:34,Хави,zzz,Radiant,Radiant,Ascendant 3,3b80804b-4c64-4953-a070-8a205fd3cdf6,"18/6/26, 7:45",Competitive,Lotus,Neon,Loss,3,13,16,310,170,10,16,1,-6,0.6,-71.0,105.5,13.0,75.0,1,2,0
Хави#zzz,Хави,zzz,2026-06-23T11:09:34,Хави,zzz,Radiant,Radiant,Ascendant 2,1b4d9d49-d3aa-4511-bdaa-8f72845f12fe,"18/6/26, 5:59",Competitive,Breeze,Neon,Win,13,6,19,753,226,14,16,8,-2,0.9,2.0,156.5,23.0,84.0,2,1,0
Хави#zzz,Хави,zzz,2026-06-23T11:09:34,Хави,zzz,Radiant,Radiant,Ascendant 2,32bcccaa-10d0-4e77-bd14-8725461c3ee5,"18/6/26, 5:25",Competitive,Ascent,Clove,Loss,9,13,22,693,244,19,17,9,2,1.1,11.0,161.8,23.0,82.0,0,2,1
Хави#zzz,Хави,zzz,2026-06-23T11:09:34,Хави,zzz,Radiant,Radiant,Ascendant 2,37907f8c-8d75-4aea-8803-3cf306f38052,"17/6/26, 12:19",Competitive,Haven,Neon,Win,13,8,21,970,367,25,17,9,8,1.5,55.0,222.3,22.0,90.0,8,1,2
Хави#zzz,Хави,zzz,2026-06-23T11:09:34,Хави,zzz,Radiant,Radiant,Ascendant 2,5d0748a3-fc75-4fb8-9e8b-4c4e41728d38,"17/6/26, 11:25",Competitive,Fracture,Clove,Loss,7,13,20,481,201,15,19,2,-4,0.8,-16.0,139.3,38.0,75.0,1,3,1
Хави#zzz,Хави,zzz,2026-06-23T11:09:34,Хави,zzz,Radiant,Radiant,Ascendant 3,656a941f-5cf4-47ab-9c2a-a3d86bcd01cf,"12/6/26, 16:49",Competitive,Lotus,Neon,Win,13,7,20,878,327,22,17,6,5,1.3,35.0,195.3,15.0,80.0,6,5,1
softly23#15yo,softly23,15yo,2026-06-23T11:14:39,softly23,15yo,Immortal 1,Immortal 1,Immortal 1,addae767-64d0-4702-8052-f2397c370c2a,"17/6/26, 19:53",Competitive,Breeze,Cypher,Loss,9,13,22,185,131,9,16,0,-7,0.6,-52.0,90.0,14.0,55.0,0,0,0
softly23#15yo,softly23,15yo,2026-06-23T11:14:39,softly23,15yo,Immortal 1,Immortal 1,Ascendant 2,6e4c7279-4fab-43fb-aa08-f07800e4dc12,"7/6/26, 3:37",Competitive,Fracture,Brimstone,Win,13,8,21,766,245,18,15,12,3,1.2,7.0,135.9,28.0,81.0,1,1,2
softly23#15yo,softly23,15yo,2026-06-23T11:14:39,softly23,15yo,Immortal 1,Immortal 1,Immortal 1,356d1057-55c8-44ca-9284-0dcc4be6e5cb,"1/6/26, 20:19",Competitive,Split,Raze,Win,13,7,20,840,256,17,14,6,3,1.2,50.0,179.6,24.0,80.0,1,3,1
softly23#15yo,softly23,15yo,2026-06-23T11:14:39,softly23,15yo,Immortal 1,Immortal 1,Immortal 1,45332a0c-c36b-4b78-a4fb-b79fb58cab77,"23/5/26, 23:22",Competitive,Haven,Chamber,Win,13,9,22,854,268,22,12,3,10,1.8,81.0,184.7,31.0,77.0,2,0,2
softly23#15yo,softly23,15yo,2026-06-23T11:14:39,softly23,15yo,Immortal 1,Immortal 1,Immortal 1,d749d4e3-bd08-49ea-b336-1db3ec441820,"23/5/26, 22:45",Competitive,Split,Clove,Win,13,9,22,834,276,21,17,12,4,1.2,47.0,192.5,16.0,77.0,2,3,2
softly23#15yo,softly23,15yo,2026-06-23T11:14:39,softly23,15yo,Immortal 1,Immortal 1,Immortal 1,dd98b0ce-2d72-42cb-ae34-671cded39737,"23/5/26, 20:47",Competitive,Haven,Jett,Win,13,9,22,971,331,29,11,2,18,2.6,100.0,205.6,32.0,86.0,5,0,5
softly23#15yo,softly23,15yo,2026-06-23T11:14:39,softly23,15yo,Immortal 1,Immortal 1,Ascendant 3,94c5d974-fc68-4c7a-9bc0-fc1464c043f5,"23/5/26, 0:40",Competitive,Ascent,Chamber,Win,13,6,19,870,271,19,11,2,8,1.7,74.0,175.3,30.0,79.0,2,0,1
softly23#15yo,softly23,15yo,2026-06-23T11:14:39,softly23,15yo,Immortal 1,Immortal 1,Immortal 1,273e8bcd-6edb-441f-bf19-f91c931c2bb4,"22/5/26, 23:53",Competitive,Lotus,Chamber,Win,14,12,26,763,261,24,18,4,6,1.3,28.0,156.6,24.0,77.0,4,5,3
softly23#15yo,softly23,15yo,2026-06-23T11:14:39,softly23,15yo,Immortal 1,Immortal 1,Radiant,f028f42a-839b-48d0-b1d5-4a07cb5df9a5,"21/5/26, 19:46",Competitive,Lotus,Chamber,Win,13,11,24,438,149,13,15,7,-2,0.9,3.0,116.4,15.0,67.0,1,1,0
softly23#15yo,softly23,15yo,2026-06-23T11:14:39,softly23,15yo,Immortal 1,Immortal 1,Ascendant 2,0cbf5169-ef69-424f-b1f0-c85067d1b5d8,"21/5/26, 4:49",Competitive,Breeze,Chamber,Win,15,13,28,821,311,31,18,2,13,1.7,67.0,188.9,25.0,75.0,4,3,4
softly23#15yo,softly23,15yo,2026-06-23T11:14:39,softly23,15yo,Immortal 1,Immortal 1,Immortal 1,23e026a6-8936-4208-b2e8-9c1f808f3fbd,"21/5/26, 4:20",Competitive,Fracture,Raze,Win,13,6,19,746,222,15,13,4,2,1.1,1.0,137.1,26.0,84.0,4,2,1
softly23#15yo,softly23,15yo,2026-06-23T11:14:39,softly23,15yo,Immortal 1,Immortal 1,Ascendant 3,e5d64142-d5fc-4a78-ac91-17d8af46a558,"21/5/26, 3:43",Competitive,Fracture,Vyse,Loss,11,13,24,697,216,18,18,7,0,19.0,152.3,24.0,83.0,1.0,2,1,180
softly23#15yo,softly23,15yo,2026-06-23T11:14:39,softly23,15yo,Immortal 1,Immortal 1,Immortal 1,de621ab6-b974-4790-85af-2130058dfca1,"21/5/26, 3:09",Competitive,Haven,Chamber,Loss,8,13,21,458,193,14,16,3,-2,0.9,-9.0,119.7,39.0,71.0,3,4,0
softly23#15yo,softly23,15yo,2026-06-23T11:14:39,softly23,15yo,Immortal 1,Immortal 1,Immortal 1,89017929-c0de-4d61-9ddf-3a039e680cf1,"20/5/26, 19:24",Competitive,Haven,Phoenix,Win,13,6,19,811,239,16,9,8,7,1.8,51.0,170.1,32.0,79.0,2,1,1
softly23#15yo,softly23,15yo,2026-06-23T11:14:39,softly23,15yo,Immortal 1,Immortal 1,Immortal 1,103be5a5-e627-4e15-9041-7973d4b8cba1,"20/5/26, 18:26",Competitive,Breeze,Iso,Win,13,9,22,867,261,21,16,6,5,1.3,54.0,183.2,41.0,82.0,2,3,0
softly23#15yo,softly23,15yo,2026-06-23T11:14:39,softly23,15yo,Immortal 1,Immortal 1,Immortal 1,6bb7f9b0-edcb-4093-9acd-66a03cc56b7d,"20/5/26, 17:55",Competitive,Pearl,Chamber,Loss,6,13,19,459,178,10,16,6,-6,0.6,-22.0,127.5,26.0,79.0,3,2,0
softly23#15yo,softly23,15yo,2026-06-23T11:14:39,softly23,15yo,Immortal 1,Immortal 1,Immortal 1,ecbd589c-bae7-4db4-9116-312f1a33be1c,"20/5/26, 17:16",Competitive,Split,Unknown,Win,13,11,24,632,199,15,14,5,1,1.1,41.0,155.0,22.0,71.0,3,0,0
softly23#15yo,softly23,15yo,2026-06-23T11:14:39,softly23,15yo,Immortal 1,Immortal 1,Radiant,17351994-ffc9-4e85-8022-a7ebf0ab7d31,"17/5/26, 20:32",Competitive,Breeze,Chamber,Win,13,7,20,625,252,20,12,0,8,1.7,24.0,152.8,24.0,60.0,2,2,3
softly23#15yo,softly23,15yo,2026-06-23T11:14:39,softly23,15yo,Immortal 1,Immortal 1,Ascendant 3,aa8e721c-ebdd-41c5-bbda-0a99e2195c36,"17/5/26, 20:09",Competitive,Fracture,Phoenix,Win,13,2,15,843,326,18,7,5,11,2.6,66.0,209.1,24.0,73.0,0,1,2
softly23#15yo,softly23,15yo,2026-06-23T11:14:39,softly23,15yo,Immortal 1,Immortal 1,Immortal 1,6a8852c0-eb74-42d3-8fca-67fe77511981,"17/5/26, 19:37",Competitive,Ascent,Chamber,Loss,10,13,23,673,276,25,17,2,8,1.5,37.0,175.2,32.0,70.0,2,2,2
twitch luistygod#2412,twitch luistygod,2412,2026-06-23T11:18:24,twitch luistygod,2412,Immortal 3,Immortal 3,Ascendant 1,3508f64f-6f2a-4f2e-9535-bf317cb737a1,"15/6/26, 1:41",Competitive,Haven,Jett,Loss,6,13,19,380,212,13,17,2,-4,0.8,-22.0,144.7,28.0,63.0,3,3,1
twitch luistygod#2412,twitch luistygod,2412,2026-06-23T11:18:24,twitch luistygod,2412,Immortal 3,Immortal 3,Ascendant 2,e00f3564-bee5-41cd-89b9-c3e634607fc8,"13/6/26, 17:12",Competitive,Breeze,Viper,Loss,10,13,23,799,347,29,16,3,13,1.8,86.0,222.7,45.0,74.0,2,0,3
twitch luistygod#2412,twitch luistygod,2412,2026-06-23T11:18:24,twitch luistygod,2412,Immortal 3,Immortal 3,Ascendant 2,d434c714-a374-4caf-a562-a6e74625d9a9,"13/6/26, 16:32",Competitive,Pearl,Clove,Loss,8,13,21,822,304,20,20,15,0,30.0,203.7,21.0,90.0,3.0,2,3,560
twitch luistygod#2412,twitch luistygod,2412,2026-06-23T11:18:24,twitch luistygod,2412,Immortal 3,Immortal 3,Ascendant 2,d36a59c5-9739-4320-bff3-6b61e4918146,"13/6/26, 15:49",Competitive,Ascent,Jett,Win,13,11,24,718,278,22,21,6,1,1.1,25.0,194.6,27.0,71.0,1,4,1
twitch luistygod#2412,twitch luistygod,2412,2026-06-23T11:18:24,twitch luistygod,2412,Immortal 3,Immortal 3,Ascendant 2,e1c63576-0a93-4e7b-80a4-9c700169fc3a,"11/6/26, 13:35",Competitive,Pearl,Clove,Win,13,8,21,859,276,21,18,6,3,1.2,10.0,170.9,45.0,90.0,3,1,3
twitch luistygod#2412,twitch luistygod,2412,2026-06-23T11:18:24,twitch luistygod,2412,Immortal 3,Immortal 3,Diamond 2,9a0325a3-d9d4-4b12-a421-6ef6afaed707,"11/6/26, 12:59",Competitive,Haven,Jett,Win,13,10,23,556,226,20,16,5,4,1.2,11.0,145.2,25.0,61.0,7,6,3
twitch luistygod#2412,twitch luistygod,2412,2026-06-23T11:18:24,twitch luistygod,2412,Immortal 3,Immortal 3,Ascendant 3,3e0c103b-432e-4a43-8509-f3dc8d577213,"9/6/26, 21:41",Competitive,Lotus,Jett,Loss,11,13,24,662,252,18,20,9,-2,0.9,-12.0,161.5,23.0,79.0,5,4,2
twitch luistygod#2412,twitch luistygod,2412,2026-06-23T11:18:24,twitch luistygod,2412,Immortal 3,Immortal 3,Ascendant 1,a462cbb1-6fe9-47ff-8dd2-5f138e5167b8,"7/6/26, 10:56",Competitive,Haven,Cypher,Win,13,7,20,993,335,27,12,4,15,2.2,101.0,222.1,53.0,90.0,3,1,5
twitch luistygod#2412,twitch luistygod,2412,2026-06-23T11:18:24,twitch luistygod,2412,Immortal 3,Immortal 3,Diamond 2,5aef1677-92fd-4760-a5cb-46a480ae039d,"7/6/26, 10:05",Competitive,Ascent,Jett,Win,13,10,23,554,230,20,18,3,2,1.1,-8.0,141.3,34.0,65.0,6,8,3
twitch luistygod#2412,twitch luistygod,2412,2026-06-23T11:18:24,twitch luistygod,2412,Immortal 3,Immortal 3,Ascendant 1,38f67bec-21e6-4618-a28a-c3b8dbde0b8c,"7/6/26, 9:34",Competitive,Split,Jett,Win,13,4,17,987,411,25,11,0,14,2.3,121.0,253.9,37.0,88.0,7,3,3
twitch luistygod#2412,twitch luistygod,2412,2026-06-23T11:18:24,twitch luistygod,2412,Immortal 3,Immortal 3,Platinum 3,10bea489-683c-4c13-a6c3-1fae8005f994,"7/6/26, 8:41",Competitive,Lotus,Jett,Win,14,12,26,808,327,27,20,4,7,1.4,61.0,214.2,33.0,73.0,9,3,2
twitch luistygod#2412,twitch luistygod,2412,2026-06-23T11:18:24,twitch luistygod,2412,Immortal 3,Immortal 3,Diamond 1,7fe81b14-836a-489a-9b32-7a1e347a46a8,"7/6/26, 8:06",Competitive,Pearl,Jett,Win,13,4,17,949,282,19,9,4,10,2.1,95.0,200.2,45.0,88.0,1,2,3
twitch luistygod#2412,twitch luistygod,2412,2026-06-23T11:18:24,twitch luistygod,2412,Immortal 3,Immortal 3,Ascendant 2,73093d3d-14a8-4c63-8d8f-f4b3bf6abaac,"6/6/26, 8:32",Competitive,Lotus,Jett,Loss,12,14,26,539,249,21,23,4,-2,0.9,7.0,163.0,23.0,62.0,8,11,1
twitch luistygod#2412,twitch luistygod,2412,2026-06-23T11:18:24,twitch luistygod,2412,Immortal 3,Immortal 3,Platinum 2,c39ac95c-7152-4ffa-bcd3-e7deb3898099,"6/6/26, 7:42",Competitive,Split,Jett,Win,13,10,23,972,459,37,18,6,19,2.1,105.0,268.2,32.0,87.0,11,2,6
twitch luistygod#2412,twitch luistygod,2412,2026-06-23T11:18:24,twitch luistygod,2412,Immortal 3,Immortal 3,Ascendant 1,910c1742-6c62-4fe9-ba43-a0f9dfe93a5d,"6/6/26, 7:06",Competitive,Ascent,Jett,Win,13,8,21,943,406,29,17,3,12,1.7,102.0,253.1,31.0,81.0,7,5,6
twitch luistygod#2412,twitch luistygod,2412,2026-06-23T11:18:24,twitch luistygod,2412,Immortal 3,Immortal 3,Diamond 1,fce0a747-42e5-4a86-9105-9e7a865778de,"6/6/26, 6:27",Competitive,Pearl,Jett,Win,13,11,24,724,268,23,19,2,4,1.2,33.0,174.9,45.0,71.0,4,6,1
twitch luistygod#2412,twitch luistygod,2412,2026-06-23T11:18:24,twitch luistygod,2412,Immortal 3,Immortal 3,Diamond 3,70cdc429-b0da-463f-a2f0-86b07a3981bb,"6/6/26, 5:52",Competitive,Fracture,Jett,Loss,9,13,22,795,331,23,18,5,5,1.3,58.0,207.9,30.0,77.0,8,3,1
twitch luistygod#2412,twitch luistygod,2412,2026-06-23T11:18:24,twitch luistygod,2412,Immortal 3,Immortal 3,Ascendant 1,d42d1c95-055f-4810-ad31-813c80a3f9bb,"6/6/26, 5:17",Competitive,Pearl,Jett,Win,13,4,17,711,218,14,12,3,2,1.2,-4.0,125.1,26.0,82.0,5,1,1
twitch luistygod#2412,twitch luistygod,2412,2026-06-23T11:18:24,twitch luistygod,2412,Immortal 3,Immortal 3,Ascendant 2,00a78613-ff90-4818-9221-b9d0d901b8d2,"6/6/26, 4:39",Competitive,Split,Jett,Win,14,12,26,649,296,26,23,4,3,1.1,24.0,186.3,25.0,62.0,7,5,3
twitch luistygod#2412,twitch luistygod,2412,2026-06-23T11:18:24,twitch luistygod,2412,Immortal 3,Immortal 3,Diamond 2,b40fce1d-7ed2-4333-aab9-287e9d1e6037,"6/6/26, 3:59",Competitive,Ascent,Phoenix,Win,13,10,23,525,212,16,15,9,1,1.1,-8.0,135.9,38.0,65.0,5,3,0
EL103#103,EL103,103,2026-06-23T11:21:24,EL103,103,Immortal 3,Immortal 3,Immortal 1,2a46820e-be97-49f4-b93b-7856309eb569,"18/6/26, 19:23",Competitive,Fracture,Chamber,Loss,13,15,28,303,143,12,23,5,-11,0.5,-44.0,108.3,21.0,64.0,0,5,1
EL103#103,EL103,103,2026-06-23T11:21:24,EL103,103,Immortal 3,Immortal 3,Ascendant 2,4858a964-f358-4ab3-a95c-dd9eaac01ca6,"18/6/26, 18:24",Competitive,Breeze,Sova,Win,13,4,17,693,183,9,10,11,-1,0.9,19.0,133.8,11.0,82.0,1,0,0
EL103#103,EL103,103,2026-06-23T11:21:24,EL103,103,Immortal 3,Immortal 3,Ascendant 3,66faaa66-80f7-45a3-bae9-4759fd8daf11,"18/6/26, 17:31",Competitive,Ascent,Chamber,Loss,14,16,30,488,235,24,25,2,-1,1.0,-7.0,148.7,16.0,57.0,7,1,2
EL103#103,EL103,103,2026-06-23T11:21:24,EL103,103,Immortal 3,Immortal 3,Ascendant 1,3fa6704e-3dcb-429f-babe-24cd98fbc46b,"17/6/26, 20:45",Competitive,Split,Chamber,Win,13,10,23,912,298,25,14,6,11,1.8,74.0,196.0,14.0,83.0,5,5,4
EL103#103,EL103,103,2026-06-23T11:21:24,EL103,103,Immortal 3,Immortal 3,Ascendant 3,c2d0b2bf-ebed-4464-80d9-c70c008b368c,"17/6/26, 20:01",Competitive,Haven,Sova,Win,13,9,22,791,243,20,12,3,8,1.7,46.0,167.6,19.0,77.0,0,0,1
EL103#103,EL103,103,2026-06-23T11:21:24,EL103,103,Immortal 3,Immortal 3,Ascendant 2,1294353d-2269-475e-ade4-c7ec9b8c3840,"17/6/26, 19:28",Competitive,Split,Chamber,Win,13,6,19,980,337,22,14,4,8,1.6,75.0,224.4,27.0,89.0,5,3,3
EL103#103,EL103,103,2026-06-23T11:21:24,EL103,103,Immortal 3,Immortal 3,Ascendant 2,5125e45b-f62a-41bd-89aa-ee8fc08e7af4,"17/6/26, 2:19",Competitive,Fracture,Chamber,Win,13,8,21,767,288,24,11,0,13,2.2,78.0,197.3,26.0,67.0,3,1,4
EL103#103,EL103,103,2026-06-23T11:21:24,EL103,103,Immortal 3,Immortal 3,Ascendant 1,1f44614e-9c88-4fbc-90dd-fdeffe267656,"17/6/26, 1:40",Competitive,Haven,Chamber,Win,13,8,21,912,255,21,9,3,12,2.3,95.0,184.4,20.0,86.0,1,3,3
EL103#103,EL103,103,2026-06-23T11:21:24,EL103,103,Immortal 3,Immortal 3,Ascendant 1,4f3bc923-58aa-4ac9-ad23-51b179633c24,"17/6/26, 1:01",Competitive,Breeze,Chamber,Win,13,8,21,996,402,31,10,3,21,3.1,128.0,258.1,27.0,90.0,5,2,5
EL103#103,EL103,103,2026-06-23T11:21:24,EL103,103,Immortal 3,Immortal 3,Ascendant 2,b1423d85-cfbf-4e55-8b49-32697292a055,"16/6/26, 20:37",Competitive,Breeze,Chamber,Loss,11,13,24,620,249,20,17,5,3,1.2,34.0,162.7,13.0,67.0,2,3,1
EL103#103,EL103,103,2026-06-23T11:21:24,EL103,103,Immortal 3,Immortal 3,Ascendant 3,fa7108fa-fef9-4d90-9070-304d8939ab42,"16/6/26, 20:03",Competitive,Haven,Chamber,Win,13,9,22,472,174,12,14,3,-2,0.9,15.0,113.8,23.0,59.0,4,5,0
EL103#103,EL103,103,2026-06-23T11:21:24,EL103,103,Immortal 3,Immortal 3,Ascendant 3,12d93ec9-de60-42e5-adad-0ddf912bba7b,"16/6/26, 2:03",Competitive,Pearl,Chamber,Win,13,9,22,937,320,25,10,0,15,2.5,92.0,185.4,16.0,82.0,6,0,1
EL103#103,EL103,103,2026-06-23T11:21:24,EL103,103,Immortal 3,Immortal 3,Diamond 1,8e5cf8e0-412f-41da-9229-42a54777a447,"16/6/26, 1:29",Competitive,Haven,Chamber,Win,13,7,20,557,183,13,12,5,1,1.1,7.0,119.3,17.0,70.0,4,6,0
EL103#103,EL103,103,2026-06-23T11:21:24,EL103,103,Immortal 3,Immortal 3,Ascendant 2,996cf1d2-4f25-4ad5-8884-96fa0e54b6d6,"16/6/26, 0:58",Competitive,Lotus,Chamber,Win,13,5,18,890,292,21,8,5,13,2.6,114.0,199.3,24.0,78.0,3,2,3
EL103#103,EL103,103,2026-06-23T11:21:24,EL103,103,Immortal 3,Immortal 3,Gold 3,b6e42884-f693-4cc2-a865-f0f432bc3095,"14/6/26, 18:16",Competitive,Lotus,Chamber,Win,16,14,30,736,300,29,20,8,9,1.4,70.0,202.3,22.0,67.0,8,5,1
EL103#103,EL103,103,2026-06-23T11:21:24,EL103,103,Immortal 3,Immortal 3,Ascendant 1,8df77b8c-b381-494e-9132-1e7d5472e03d,"10/6/26, 0:15",Competitive,Breeze,Sova,Win,13,4,17,937,259,19,6,3,13,3.2,96.0,172.6,23.0,94.0,2,1,2
EL103#103,EL103,103,2026-06-23T11:21:24,EL103,103,Immortal 3,Immortal 3,Ascendant 1,57033990-78ef-47e2-a78f-1cf2183207c6,"31/5/26, 4:10",Competitive,Split,Skye,Loss,10,13,23,790,274,20,16,16,4,1.2,34.0,175.0,14.0,83.0,4,3,1
EL103#103,EL103,103,2026-06-23T11:21:24,EL103,103,Immortal 3,Immortal 3,Silver 2,304144f0-dece-46b5-9cad-6a0454d47076,"23/5/26, 2:29",Competitive,Haven,Phoenix,Win,14,12,26,942,397,35,19,10,16,1.8,111.0,274.0,31.0,85.0,10,4,4
EL103#103,EL103,103,2026-06-23T11:21:24,EL103,103,Immortal 3,Immortal 3,Diamond 2,f4f58016-bf90-4bcf-8f10-c14b458cdf17,"21/5/26, 20:34",Competitive,Ascent,Reyna,Win,13,5,18,941,269,15,11,9,4,1.4,89.0,204.2,17.0,89.0,1,1,1
EL103#103,EL103,103,2026-06-23T11:21:24,EL103,103,Immortal 3,Immortal 3,Ascendant 1,e3ef5f10-6e46-4f32-8022-a3056e8ee070,"21/5/26, 19:59",Competitive,Breeze,Viper,Win,13,7,20,562,184,14,13,2,1,1.1,-17.0,113.5,18.0,75.0,2,0,1
حياتي#0808,حياتي,0808,2026-06-23T11:24:22,حياتي,0808,Immortal 3,Immortal 3,Platinum 3,e4d53fd4-8631-48c6-a19d-c5b825231550,"21/6/26, 23:23",Competitive,Lotus,Fade,Loss,13,15,28,319,123,12,21,7,-9,0.6,-43.0,82.8,8.0,68.0,1,3,0
حياتي#0808,حياتي,0808,2026-06-23T11:24:22,حياتي,0808,Immortal 3,Immortal 3,Diamond 2,1faffc35-4b23-49b9-a1aa-e332c218b481,"21/6/26, 22:40",Competitive,Fracture,Breach,Loss,9,13,22,389,172,12,18,8,-6,0.7,-41.0,101.3,18.0,73.0,1,0,0
حياتي#0808,حياتي,0808,2026-06-23T11:24:22,حياتي,0808,Immortal 3,Immortal 3,Ascendant 1,68c6d8c8-04e5-4070-8592-bcfca697b55b,"15/6/26, 16:22",Competitive,Haven,Killjoy,Loss,9,13,22,181,120,9,17,2,-8,0.5,-48.0,86.9,30.0,55.0,0,1,0
حياتي#0808,حياتي,0808,2026-06-23T11:24:22,حياتي,0808,Immortal 3,Immortal 3,Diamond 2,c9d0c6df-11e9-4686-bd4a-960bf6e4f65f,"14/6/26, 21:43",Competitive,Fracture,Breach,Win,13,10,23,682,177,17,13,12,4,1.3,8.0,108.8,31.0,87.0,1,1,1
حياتي#0808,حياتي,0808,2026-06-23T11:24:22,حياتي,0808,Immortal 3,Immortal 3,Diamond 2,d358ea69-f566-49a7-a348-ca9ae8c7d121,"14/6/26, 21:10",Competitive,Lotus,Breach,Win,13,11,24,538,170,13,16,9,-3,0.8,-5.0,125.0,21.0,75.0,1,0,0
حياتي#0808,حياتي,0808,2026-06-23T11:24:22,حياتي,0808,Immortal 3,Immortal 3,Diamond 2,f12caae7-b1e7-4595-88ae-4ac318933af4,"14/6/26, 20:21",Competitive,Breeze,Sova,Win,13,10,23,557,143,12,15,4,-3,0.8,-15.0,120.8,24.0,83.0,0,0,0
حياتي#0808,حياتي,0808,2026-06-23T11:24:22,حياتي,0808,Immortal 3,Immortal 3,Platinum 1,6979187b-f1d8-419d-82f5-9aaa1913ace1,"14/6/26, 19:40",Competitive,Breeze,Sova,Win,13,6,19,593,137,12,11,5,1,1.1,-6.0,93.6,39.0,84.0,0,1,0
حياتي#0808,حياتي,0808,2026-06-23T11:24:22,حياتي,0808,Immortal 3,Immortal 3,Diamond 1,9bc40254-0a0e-48c5-9a9a-632ee42162ea,"14/6/26, 18:44",Competitive,Ascent,Sova,Win,13,9,22,767,191,14,14,7,0,41.0,155.6,19.0,86.0,0.0,0,0,845
حياتي#0808,حياتي,0808,2026-06-23T11:24:22,حياتي,0808,Immortal 3,Immortal 3,Diamond 1,b98000ab-da94-464c-b5a2-80f14e4f5d9c,"14/6/26, 18:08",Competitive,Ascent,Sova,Win,13,5,18,738,173,10,9,10,1,1.1,32.0,126.9,23.0,89.0,0,0,1
حياتي#0808,حياتي,0808,2026-06-23T11:24:22,حياتي,0808,Immortal 3,Immortal 3,Diamond 2,00357ceb-35d2-4b8e-933b-8dc937e54d18,"14/6/26, 17:41",Competitive,Lotus,Breach,Win,13,6,19,710,176,13,11,8,2,1.2,14.0,125.0,18.0,89.0,0,0,1
حياتي#0808,حياتي,0808,2026-06-23T11:24:22,حياتي,0808,Immortal 3,Immortal 3,Diamond 2,999ce854-c290-412f-b07a-064c037999e7,"14/6/26, 16:42",Competitive,Pearl,Iso,Win,13,7,20,658,200,14,14,9,0,20.0,138.8,32.0,75.0,3.0,2,0,845
حياتي#0808,حياتي,0808,2026-06-23T11:24:22,حياتي,0808,Immortal 3,Immortal 3,Diamond 2,d435be15-d5a3-43d8-ad1a-08bcc36435b3,"14/6/26, 15:39",Competitive,Haven,Iso,Win,13,3,16,933,275,16,8,7,8,2.0,74.0,163.4,32.0,88.0,5,0,2
حياتي#0808,حياتي,0808,2026-06-23T11:24:22,حياتي,0808,Immortal 3,Immortal 3,Gold 3,7eb5751a-ad80-43bd-b5f6-74baeffafca9,"11/6/26, 17:43",Competitive,Pearl,Fade,Loss,11,13,24,531,209,18,17,5,1,1.1,18.0,143.7,35.0,67.0,0,2,2
حياتي#0808,حياتي,0808,2026-06-23T11:24:22,حياتي,0808,Immortal 3,Immortal 3,Gold 3,0aad9aee-79d0-429b-9812-b9093eecd8b4,"11/6/26, 16:46",Competitive,Ascent,Chamber,Win,13,7,20,518,173,13,13,3,0,18.0,126.7,12.0,65.0,1.0,3,1,36
حياتي#0808,حياتي,0808,2026-06-23T11:24:22,حياتي,0808,Immortal 3,Immortal 3,Gold 3,a20718b5-275e-4df3-913a-5e6cb60b1e36,"11/6/26, 16:02",Competitive,Breeze,Iso,Win,13,1,14,362,19,6,5,13,3,159.0,253.6,24.0,93.0,1.0,0,2,104
حياتي#0808,حياتي,0808,2026-06-23T11:24:22,حياتي,0808,Immortal 3,Immortal 3,Gold 3,0e63884a-9547-4a56-8600-65372c6a1ca8,"11/6/26, 15:18",Competitive,Fracture,Iso,Win,13,4,17,872,246,15,12,6,3,1.2,46.0,158.7,24.0,88.0,3,1,1
حياتي#0808,حياتي,0808,2026-06-23T11:24:22,حياتي,0808,Immortal 3,Immortal 3,Platinum 3,9c721de1-6dc4-4b65-ae40-760beff39fff,"10/6/26, 22:50",Competitive,Split,Yoru,Win,13,3,16,911,302,19,7,2,12,2.7,76.0,161.8,16.0,81.0,3,3,3
حياتي#0808,حياتي,0808,2026-06-23T11:24:22,حياتي,0808,Immortal 3,Immortal 3,Platinum 3,ed560621-7ade-4b31-9494-1323728cfadf,"10/6/26, 22:19",Competitive,Breeze,Yoru,Win,13,1,14,396,20,6,3,14,3,140.0,237.2,22.0,100.0,3.0,0,3,331
حياتي#0808,حياتي,0808,2026-06-23T11:24:22,حياتي,0808,Immortal 3,Immortal 3,Platinum 3,115709e9-e6eb-4f45-a789-6fc2c7012ffc,"10/6/26, 21:51",Competitive,Haven,Yoru,Win,13,4,17,644,235,15,12,2,3,1.2,-2.0,140.7,20.0,71.0,1,1,1
حياتي#0808,حياتي,0808,2026-06-23T11:24:22,حياتي,0808,Immortal 3,Immortal 3,Platinum 3,488140f5-fe8c-432d-bb8e-1bff05fc72fa,"10/6/26, 19:13",Competitive,Fracture,Chamber,Win,13,5,18,821,273,18,15,4,3,1.2,10.0,158.7,8.0,83.0,2,2,1
CROUCH PEEK#luli,CROUCH PEEK,luli,2026-06-23T11:27:20,CROUCH PEEK,luli,Immortal 1,Immortal 1,Ascendant 1,116613a6-32c2-480a-9ad7-6d993fb599a2,"17/6/26, 20:43",Competitive,Split,Fade,Win,14,12,26,797,265,26,17,9,9,1.5,29.0,154.6,24.0,81.0,0,1,1
CROUCH PEEK#luli,CROUCH PEEK,luli,2026-06-23T11:27:20,CROUCH PEEK,luli,Immortal 1,Immortal 1,Ascendant 2,f0034bc7-3c8c-450b-88b0-f62c6966997e,"7/6/26, 23:21",Competitive,Ascent,Phoenix,Win,13,7,20,638,181,12,13,8,-1,0.9,-18.0,119.8,25.0,85.0,1,4,1
CROUCH PEEK#luli,CROUCH PEEK,luli,2026-06-23T11:27:20,CROUCH PEEK,luli,Immortal 1,Immortal 1,Ascendant 2,62e0cf2e-b1e7-428f-a1a3-b900a549619e,"6/6/26, 17:09",Competitive,Pearl,Unknown,Win,13,10,23,412,191,15,18,4,-3,0.8,-21.0,141.9,30.0,57.0,1,5,1
CROUCH PEEK#luli,CROUCH PEEK,luli,2026-06-23T11:27:20,CROUCH PEEK,luli,Immortal 1,Immortal 1,Ascendant 3,e0ec2038-775d-40a3-9c20-189b6f4a0fa0,"6/6/26, 16:33",Competitive,Fracture,Yoru,Win,13,8,21,581,207,15,17,4,-2,0.9,-8.0,140.8,19.0,71.0,2,3,1
CROUCH PEEK#luli,CROUCH PEEK,luli,2026-06-23T11:27:20,CROUCH PEEK,luli,Immortal 1,Immortal 1,Ascendant 3,72f474ea-b1e0-447c-a11f-0d999e218818,"6/6/26, 16:00",Competitive,Haven,Chamber,Loss,8,13,21,273,155,11,17,2,-6,0.7,-50.0,102.5,44.0,67.0,5,4,1
CROUCH PEEK#luli,CROUCH PEEK,luli,2026-06-23T11:27:20,CROUCH PEEK,luli,Immortal 1,Immortal 1,Ascendant 3,d9f0279c-c93e-46f0-8d7e-dd6046d92e70,"6/6/26, 15:25",Competitive,Split,Chamber,Loss,10,13,23,422,187,14,17,5,-3,0.8,-27.0,105.3,20.0,70.0,10,1,0
CROUCH PEEK#luli,CROUCH PEEK,luli,2026-06-23T11:27:20,CROUCH PEEK,luli,Immortal 1,Immortal 1,Immortal 1,0d6a89fb-12c5-4180-a1ec-4c18189f5c53,"5/6/26, 1:28",Competitive,Haven,Sova,Loss,3,13,16,128,149,8,13,3,-5,0.6,-55.0,96.5,47.0,50.0,2,1,0
CROUCH PEEK#luli,CROUCH PEEK,luli,2026-06-23T11:27:20,CROUCH PEEK,luli,Immortal 1,Immortal 1,Ascendant 3,e6023cc7-fa44-4a74-b69a-8e45013759e5,"5/6/26, 0:53",Competitive,Ascent,Jett,Win,13,5,18,738,200,13,9,4,4,1.4,24.0,146.3,15.0,83.0,1,2,2
CROUCH PEEK#luli,CROUCH PEEK,luli,2026-06-23T11:27:20,CROUCH PEEK,luli,Immortal 1,Immortal 1,Immortal 1,e0308662-ad72-4bc3-8ea2-4f8f88e4a838,"5/6/26, 0:24",Competitive,Fracture,Phoenix,Loss,5,13,18,100,62,3,16,2,-13,0.2,-127.0,46.4,13.0,44.0,0,2,0
CROUCH PEEK#luli,CROUCH PEEK,luli,2026-06-23T11:27:20,CROUCH PEEK,luli,Immortal 1,Immortal 1,Platinum 3,46f4013b-ca89-4381-9472-1f038c035cab,"4/6/26, 21:19",Competitive,Fracture,Breach,Loss,9,13,22,406,115,6,14,13,-8,0.4,-38.0,75.9,22.0,82.0,0,1,1
CROUCH PEEK#luli,CROUCH PEEK,luli,2026-06-23T11:27:20,CROUCH PEEK,luli,Immortal 1,Immortal 1,Ascendant 3,5ba9c139-b4f2-4572-8c16-334aedbf4089,"4/6/26, 20:21",Competitive,Split,Skye,Win,13,6,19,617,194,14,8,5,6,1.8,45.0,138.4,17.0,68.0,1,2,1
CROUCH PEEK#luli,CROUCH PEEK,luli,2026-06-23T11:27:20,CROUCH PEEK,luli,Immortal 1,Immortal 1,Immortal 1,aeacdec8-c2c4-4e2a-a48a-098f33ef0c5e,"4/6/26, 1:11",Competitive,Haven,Chamber,Loss,12,14,26,506,207,19,18,5,1,1.1,-7.0,131.6,29.0,69.0,3,2,0
CROUCH PEEK#luli,CROUCH PEEK,luli,2026-06-23T11:27:20,CROUCH PEEK,luli,Immortal 1,Immortal 1,Ascendant 3,c76260b8-1815-48c5-8871-539768151b41,"4/6/26, 0:44",Competitive,Lotus,Iso,Loss,3,13,16,409,182,10,13,4,-3,0.8,6.0,139.3,39.0,69.0,2,5,1
CROUCH PEEK#luli,CROUCH PEEK,luli,2026-06-23T11:27:20,CROUCH PEEK,luli,Immortal 1,Immortal 1,Immortal 1,f13fd9f7-1ad3-4a20-976c-48e9ba63d577,"3/6/26, 23:23",Competitive,Pearl,Tejo,Draw,16,16,32,321,130,14,25,8,-11,0.6,-21.0,107.6,25.0,62.0,1,2,0
CROUCH PEEK#luli,CROUCH PEEK,luli,2026-06-23T11:27:20,CROUCH PEEK,luli,Immortal 1,Immortal 1,Ascendant 3,ce974453-b9d9-46ea-a82a-88b18c1d7721,"3/6/26, 22:59",Competitive,Fracture,Unknown,Loss,3,13,16,296,213,12,14,2,-2,0.9,-16.0,137.5,35.0,44.0,0,3,2
CROUCH PEEK#luli,CROUCH PEEK,luli,2026-06-23T11:27:20,CROUCH PEEK,luli,Immortal 1,Immortal 1,Immortal 1,7bc44629-b442-43c7-bfd1-d236d162ba6f,"2/6/26, 23:53",Competitive,Haven,Sova,Win,14,12,26,547,142,11,16,6,-5,0.7,-5.0,109.9,25.0,81.0,0,3,0
CROUCH PEEK#luli,CROUCH PEEK,luli,2026-06-23T11:27:20,CROUCH PEEK,luli,Immortal 1,Immortal 1,Immortal 1,01925cd5-4404-43ac-8548-204d6d9badb4,"2/6/26, 23:21",Competitive,Fracture,Raze,Loss,7,13,20,340,182,11,16,5,-5,0.7,-24.0,119.9,26.0,65.0,4,2,0
CROUCH PEEK#luli,CROUCH PEEK,luli,2026-06-23T11:27:20,CROUCH PEEK,luli,Immortal 1,Immortal 1,Ascendant 3,8575b0a0-7f96-4df4-bc56-4b05d4848cee,"2/6/26, 22:40",Competitive,Pearl,Fade,Loss,10,13,23,563,187,14,17,11,-3,0.8,3.0,127.2,25.0,78.0,2,1,0
CROUCH PEEK#luli,CROUCH PEEK,luli,2026-06-23T11:27:20,CROUCH PEEK,luli,Immortal 1,Immortal 1,Ascendant 2,a415c5c2-6867-4dac-be63-35a216294964,"31/5/26, 1:47",Competitive,Haven,Sova,Win,13,10,23,744,191,15,15,12,0,20.0,125.4,33.0,91.0,0.0,0,1,392
CROUCH PEEK#luli,CROUCH PEEK,luli,2026-06-23T11:27:20,CROUCH PEEK,luli,Immortal 1,Immortal 1,Ascendant 2,5de894a9-d62f-40be-81ad-97b5b1a1cd85,"30/5/26, 2:38",Competitive,Pearl,Jett,Win,13,11,24,847,247,20,13,11,7,1.5,75.0,193.0,23.0,83.0,1,4,1
veno#2121,veno,2121,2026-06-23T11:30:24,veno,2121,Immortal 3,Immortal 3,Diamond 2,b712e1e2-c031-4d6a-ac41-fbc473d4d3d3,"13/6/26, 22:46",Competitive,Haven,Jett,Win,13,11,24,851,276,24,17,6,7,1.4,41.0,176.1,17.0,83.0,3,1,3
veno#2121,veno,2121,2026-06-23T11:30:24,veno,2121,Immortal 3,Immortal 3,Diamond 2,abe14224-3a08-421f-8bd8-439600e9e95d,"13/6/26, 22:04",Competitive,Split,Phoenix,Win,13,9,22,984,380,29,16,11,13,1.8,68.0,241.3,24.0,95.0,6,1,2
veno#2121,veno,2121,2026-06-23T11:30:24,veno,2121,Immortal 3,Immortal 3,Diamond 1,d5cea9b8-b23a-47b5-ba7d-135b7f4fe428,"13/6/26, 21:17",Competitive,Fracture,Unknown,Win,13,8,21,978,363,28,12,6,16,2.3,104.0,225.8,26.0,86.0,4,0,3
veno#2121,veno,2121,2026-06-23T11:30:24,veno,2121,Immortal 3,Immortal 3,Diamond 1,96fe7e94-ab50-48d3-a046-ce0283c2b825,"13/6/26, 20:44",Competitive,Lotus,Raze,Win,13,2,15,379,21,8,1,13,2,115.0,224.3,31.0,93.0,3.0,2,3,604
veno#2121,veno,2121,2026-06-23T11:30:24,veno,2121,Immortal 3,Immortal 3,Diamond 1,eb34121e-7c6c-4440-872c-970d004d35a2,"13/6/26, 20:12",Competitive,Haven,Jett,Win,13,2,15,955,315,19,7,3,12,2.7,70.0,181.6,21.0,87.0,2,3,2
veno#2121,veno,2121,2026-06-23T11:30:24,veno,2121,Immortal 3,Immortal 3,Platinum 3,b8681f0d-6e83-4cf5-999f-0bdffe60dc6f,"13/6/26, 19:19",Competitive,Split,Unknown,Win,13,5,18,854,219,14,10,3,4,1.4,58.0,149.6,18.0,94.0,5,2,0
veno#2121,veno,2121,2026-06-23T11:30:24,veno,2121,Immortal 3,Immortal 3,Ascendant 1,12d8d879-60a8-4546-9eba-66de97b46740,"13/6/26, 18:14",Competitive,Pearl,Unknown,Win,13,4,17,765,218,14,7,0,7,2.0,67.0,152.6,35.0,76.0,3,2,0
veno#2121,veno,2121,2026-06-23T11:30:24,veno,2121,Immortal 3,Immortal 3,Ascendant 2,78b002af-d802-4304-9b0e-060fcae961ce,"6/6/26, 18:31",Competitive,Split,Unknown,Win,15,13,28,905,337,35,19,6,16,1.8,75.0,215.8,28.0,82.0,4,0,5
veno#2121,veno,2121,2026-06-23T11:30:24,veno,2121,Immortal 3,Immortal 3,Ascendant 2,8085e51e-b10a-49c4-9a7a-c4e7837694b9,"6/6/26, 17:58",Competitive,Lotus,Raze,Loss,6,13,19,384,169,12,14,0,-2,0.9,-1.0,113.7,41.0,68.0,1,0,1
veno#2121,veno,2121,2026-06-23T11:30:24,veno,2121,Immortal 3,Immortal 3,Ascendant 3,773e73ea-d5cd-4b51-ac6a-ac0cd8d9f9df,"6/6/26, 17:25",Competitive,Ascent,Sage,Win,13,6,19,731,205,16,12,3,4,1.3,9.0,140.2,32.0,84.0,1,1,1
veno#2121,veno,2121,2026-06-23T11:30:24,veno,2121,Immortal 3,Immortal 3,Ascendant 1,198c8b37-ffe0-4df3-a842-c7f3087cab5f,"6/6/26, 16:44",Competitive,Pearl,Unknown,Loss,9,13,22,266,164,10,19,3,-9,0.5,-39.0,115.8,19.0,59.0,3,3,0
veno#2121,veno,2121,2026-06-23T11:30:24,veno,2121,Immortal 3,Immortal 3,Diamond 1,c0dcf32b-ab24-4446-a148-d14509f887ab,"28/5/26, 3:22",Competitive,Pearl,Reyna,Loss,12,14,26,507,236,21,20,7,1,1.1,-1.0,159.1,22.0,62.0,2,3,3
veno#2121,veno,2121,2026-06-23T11:30:24,veno,2121,Immortal 3,Immortal 3,Diamond 1,c4fc7ca8-0367-41b4-8b8a-03dd16e40454,"28/5/26, 2:39",Competitive,Split,Cypher,Win,13,6,19,993,443,32,7,4,25,4.6,164.0,254.0,33.0,89.0,3,0,6
veno#2121,veno,2121,2026-06-23T11:30:24,veno,2121,Immortal 3,Immortal 3,Platinum 2,7b2d384e-a716-422f-98fc-b5dca9234c47,"28/5/26, 1:29",Competitive,Fracture,Unknown,Win,13,3,16,864,310,19,9,3,10,2.1,80.0,200.4,29.0,75.0,3,1,2
veno#2121,veno,2121,2026-06-23T11:30:24,veno,2121,Immortal 3,Immortal 3,Diamond 3,db63fcad-be0a-4fe4-9e04-bc94e9a19c27,"28/5/26, 0:39",Competitive,Breeze,Harbor,Loss,11,13,24,693,256,23,16,4,7,1.4,2.0,147.2,32.0,79.0,3,0,1
veno#2121,veno,2121,2026-06-23T11:30:24,veno,2121,Immortal 3,Immortal 3,Ascendant 2,4dbef60c-3203-4a37-868d-ffd33c5d83be,"25/5/26, 20:30",Competitive,Haven,Vyse,Win,13,7,20,916,270,22,9,1,13,2.4,86.0,182.1,43.0,85.0,2,2,1
veno#2121,veno,2121,2026-06-23T11:30:24,veno,2121,Immortal 3,Immortal 3,Ascendant 2,938dacaa-8442-46fd-83f0-cb513de0b4f2,"25/5/26, 18:51",Competitive,Lotus,Unknown,Win,13,9,22,777,257,21,13,2,8,1.6,51.0,181.0,27.0,73.0,0,1,2
veno#2121,veno,2121,2026-06-23T11:30:24,veno,2121,Immortal 3,Immortal 3,Ascendant 1,1d2aa2bc-3969-4f53-bb16-94424502a4bc,"25/5/26, 17:52",Competitive,Split,Viper,Win,13,9,22,586,188,14,14,5,0,2.0,141.6,23.0,73.0,0.0,2,1,384
veno#2121,veno,2121,2026-06-23T11:30:24,veno,2121,Immortal 3,Immortal 3,Ascendant 2,be24c427-df06-4c9b-b52c-47721b0fff40,"24/5/26, 20:39",Competitive,Lotus,Viper,Win,13,4,17,775,214,14,9,3,5,1.6,36.0,135.1,31.0,82.0,0,0,1
veno#2121,veno,2121,2026-06-23T11:30:24,veno,2121,Immortal 3,Immortal 3,Diamond 2,29f9824c-7a5e-45ba-8908-5d79e581b49f,"23/5/26, 21:41",Competitive,Ascent,Vyse,Win,13,10,23,876,267,22,12,6,10,1.8,63.0,162.2,32.0,83.0,2,0,2
nvzıи#16y,nvzıи,16y,2026-06-23T11:33:22,nvzıи,16y,Immortal 1,Immortal 1,Immortal 1,6b3e7779-c2c3-496b-8182-c5198fd8f8bd,"23/6/26, 2:49",Competitive,Lotus,Neon,Win,13,9,22,882,332,27,15,2,12,1.8,57.0,214.2,27.0,77.0,4,2,3
nvzıи#16y,nvzıи,16y,2026-06-23T11:33:22,nvzıи,16y,Immortal 1,Immortal 1,Ascendant 3,2741b5f2-d800-4bc0-9db8-a7ad8e2b41d3,"23/6/26, 2:14",Competitive,Split,Neon,Win,13,5,18,973,313,21,11,4,10,1.9,76.0,210.6,23.0,100.0,2,1,2
nvzıи#16y,nvzıи,16y,2026-06-23T11:33:22,nvzıи,16y,Immortal 1,Immortal 1,Immortal 1,f0cb96b2-f898-486d-a792-aaad810f47d3,"23/6/26, 0:43",Competitive,Haven,Jett,Loss,11,13,24,457,206,17,18,2,-1,0.9,-17.0,128.8,32.0,67.0,6,4,1
nvzıи#16y,nvzıи,16y,2026-06-23T11:33:22,nvzıи,16y,Immortal 1,Immortal 1,Ascendant 3,9f947a25-80e2-4cee-8c60-5e030310a6d4,"23/6/26, 0:00",Competitive,Ascent,Jett,Loss,12,14,26,367,185,17,21,1,-4,0.8,-26.0,125.5,23.0,62.0,2,3,1
nvzıи#16y,nvzıи,16y,2026-06-23T11:33:22,nvzıи,16y,Immortal 1,Immortal 1,Ascendant 2,8234adf9-b983-49f1-82b7-6345796cccaa,"22/6/26, 23:04",Competitive,Haven,Phoenix,Win,14,12,26,778,287,29,16,3,13,1.8,5.0,180.8,34.0,81.0,5,2,3
nvzıи#16y,nvzıи,16y,2026-06-23T11:33:22,nvzıи,16y,Immortal 1,Immortal 1,Ascendant 3,26deb308-f4a3-440f-be95-15d5a96120ba,"22/6/26, 22:17",Competitive,Split,Chamber,Win,13,9,22,565,188,13,17,2,-4,0.8,-32.0,126.4,35.0,77.0,3,2,0
nvzıи#16y,nvzıи,16y,2026-06-23T11:33:22,nvzıи,16y,Immortal 1,Immortal 1,Ascendant 3,0605ee90-d759-449a-bca0-b0f99a3b0e76,"22/6/26, 21:26",Competitive,Ascent,Chamber,Win,14,12,26,853,281,27,17,4,10,1.6,57.0,187.7,28.0,81.0,4,3,2
nvzıи#16y,nvzıи,16y,2026-06-23T11:33:22,nvzıи,16y,Immortal 1,Immortal 1,Ascendant 3,62a25014-d029-456a-8b39-beaaba491177,"22/6/26, 20:16",Competitive,Pearl,Reyna,Loss,8,13,21,671,255,21,17,2,4,1.2,25.0,168.9,35.0,76.0,1,3,0
nvzıи#16y,nvzıи,16y,2026-06-23T11:33:22,nvzıи,16y,Immortal 1,Immortal 1,Ascendant 3,89e79b54-5893-4504-8f49-b2263f80b4b9,"22/6/26, 19:52",Competitive,Split,Sage,Loss,2,13,15,638,280,13,14,7,-1,0.9,-0.0,167.6,45.0,80.0,0,3,1
nvzıи#16y,nvzıи,16y,2026-06-23T11:33:22,nvzıи,16y,Immortal 1,Immortal 1,Ascendant 2,0b460d96-c720-4de6-984d-4705fa959561,"22/6/26, 19:28",Competitive,Lotus,Unknown,Win,10,3,13,943,310,15,10,2,5,1.5,73.0,203.3,33.0,85.0,3,1,1
nvzıи#16y,nvzıи,16y,2026-06-23T11:33:22,nvzıи,16y,Immortal 1,Immortal 1,Immortal 1,c9b6d4e5-bdab-4f7e-ac13-92f1440baa2e,"22/6/26, 18:54",Competitive,Ascent,Neon,Win,13,9,22,760,222,18,14,3,4,1.3,45.0,168.1,35.0,77.0,1,6,1
nvzıи#16y,nvzıи,16y,2026-06-23T11:33:22,nvzıи,16y,Immortal 1,Immortal 1,Immortal 1,6d69336d-17db-4d54-8e11-bc3ae22949a1,"22/6/26, 18:21",Competitive,Haven,Neon,Loss,10,13,23,541,227,16,17,9,-1,0.9,21.0,158.9,23.0,65.0,3,5,2
nvzıи#16y,nvzıи,16y,2026-06-23T11:33:22,nvzıи,16y,Immortal 1,Immortal 1,Immortal 1,626f0375-93ec-4baa-95c8-1f1ac4591694,"22/6/26, 17:47",Competitive,Breeze,Phoenix,Loss,9,13,22,617,251,22,16,5,6,1.4,-34.0,155.6,46.0,82.0,3,3,1
nvzıи#16y,nvzıи,16y,2026-06-23T11:33:22,nvzıи,16y,Immortal 1,Immortal 1,Immortal 1,7ab32d7d-491e-4582-b1ba-257137935bfc,"22/6/26, 17:12",Competitive,Split,Chamber,Win,13,6,19,922,382,26,12,3,14,2.2,86.0,229.8,36.0,79.0,4,0,4
nvzıи#16y,nvzıи,16y,2026-06-23T11:33:22,nvzıи,16y,Immortal 1,Immortal 1,Ascendant 3,01cdcfb6-4806-4920-8d4e-744b4f47b6f9,"22/6/26, 16:30",Competitive,Ascent,Sova,Win,13,4,17,364,98,7,10,7,-3,0.7,-47.0,74.5,21.0,71.0,0,0,0
nvzıи#16y,nvzıи,16y,2026-06-23T11:33:22,nvzıи,16y,Immortal 1,Immortal 1,Ascendant 3,1d445347-70d8-4f33-abeb-2d5ca15b2215,"22/6/26, 15:45",Competitive,Pearl,Phoenix,Loss,5,13,18,625,231,14,13,6,1,1.1,-15.0,165.3,31.0,89.0,1,0,1
nvzıи#16y,nvzıи,16y,2026-06-23T11:33:22,nvzıи,16y,Immortal 1,Immortal 1,Ascendant 3,15be99cb-4091-426a-9307-d4e430569c62,"22/6/26, 2:14",Competitive,Ascent,Phoenix,Win,13,7,20,920,301,20,14,9,6,1.4,30.0,207.9,32.0,95.0,3,0,2
nvzıи#16y,nvzıи,16y,2026-06-23T11:33:22,nvzıи,16y,Immortal 1,Immortal 1,Ascendant 3,b01f22e1-5f46-4701-90a8-ebb2d1d0a869,"22/6/26, 0:51",Competitive,Breeze,Sova,Loss,12,14,26,293,159,14,23,6,-9,0.6,-59.0,106.1,18.0,65.0,1,2,0
nvzıи#16y,nvzıи,16y,2026-06-23T11:33:22,nvzıи,16y,Immortal 1,Immortal 1,Immortal 1,4e015074-20d9-4163-8657-1521f61fdac4,"22/6/26, 0:15",Competitive,Breeze,Viper,Loss,12,14,26,322,177,16,21,3,-5,0.8,-30.0,119.3,23.0,58.0,2,1,2
nvzıи#16y,nvzıи,16y,2026-06-23T11:33:22,nvzıи,16y,Immortal 1,Immortal 1,Immortal 1,0e207d86-89ac-4151-9050-df27f79caa83,"21/6/26, 23:44",Competitive,Pearl,Killjoy,Loss,6,13,19,225,161,10,15,6,-5,0.7,-63.0,99.3,14.0,63.0,3,3,1
KremA#Cheat,KremA,Cheat,2026-06-23T11:39:00,KremA,Cheat,Immortal 2,Immortal 2,Ascendant 3,091150e3-02bc-483d-b092-d5ab341406ba,"21/6/26, 15:36",Competitive,Fracture,Reyna,Loss,7,13,20,378,155,9,18,8,-9,0.5,-63.0,107.5,13.0,80.0,1,4,0
KremA#Cheat,KremA,Cheat,2026-06-23T11:39:00,KremA,Cheat,Immortal 2,Immortal 2,Ascendant 3,8a5dae93-9c28-463c-864e-477b8d6dee39,"21/6/26, 15:06",Competitive,Lotus,Chamber,Loss,6,13,19,140,126,5,15,8,-10,0.3,-49.0,102.4,9.0,53.0,1,2,0
KremA#Cheat,KremA,Cheat,2026-06-23T11:39:00,KremA,Cheat,Immortal 2,Immortal 2,Ascendant 3,846eb82b-61f0-4238-9da0-3bab4ab8dc94,"21/6/26, 14:27",Competitive,Haven,Chamber,Win,13,11,24,746,275,23,16,0,7,1.4,46.0,171.9,35.0,71.0,6,3,1
KremA#Cheat,KremA,Cheat,2026-06-23T11:39:00,KremA,Cheat,Immortal 2,Immortal 2,Immortal 1,477775ca-1f92-4036-b248-129fd95bf554,"21/6/26, 13:58",Competitive,Breeze,Chamber,Loss,5,13,18,541,260,16,14,3,2,1.1,45.0,174.2,20.0,61.0,2,2,3
KremA#Cheat,KremA,Cheat,2026-06-23T11:39:00,KremA,Cheat,Immortal 2,Immortal 2,Immortal 1,435f8b45-fe07-4da7-923b-10e7a91f5bf3,"21/6/26, 12:31",Competitive,Lotus,Chamber,Win,13,8,21,689,218,17,13,3,4,1.3,11.0,141.5,26.0,76.0,4,1,3
KremA#Cheat,KremA,Cheat,2026-06-23T11:39:00,KremA,Cheat,Immortal 2,Immortal 2,Immortal 1,6b15e00c-93df-453d-aa12-08c74c74f22b,"13/6/26, 22:11",Competitive,Haven,Cypher,Loss,2,11,13,100,109,5,13,0,-8,0.4,-96.0,75.1,18.0,31.0,1,1,0
KremA#Cheat,KremA,Cheat,2026-06-23T11:39:00,KremA,Cheat,Immortal 2,Immortal 2,Ascendant 3,4b6ed068-dd46-42a6-837e-0fdfb512b577,"13/6/26, 21:39",Competitive,Ascent,Cypher,Win,13,5,18,527,199,12,13,5,-1,0.9,-6.0,124.1,20.0,67.0,0,1,1
KremA#Cheat,KremA,Cheat,2026-06-23T11:39:00,KremA,Cheat,Immortal 2,Immortal 2,Ascendant 3,a582a575-82a3-43df-8032-5f82c41576e4,"13/6/26, 16:05",Competitive,Fracture,Killjoy,Win,13,8,21,602,185,16,13,4,3,1.2,-5.0,121.0,20.0,76.0,1,0,1
KremA#Cheat,KremA,Cheat,2026-06-23T11:39:00,KremA,Cheat,Immortal 2,Immortal 2,Immortal 1,e57d1b88-75b0-4240-bde0-ef03696432b7,"13/6/26, 15:22",Competitive,Lotus,Reyna,Loss,11,13,24,784,310,25,18,10,7,1.4,57.0,199.4,32.0,75.0,5,1,2
KremA#Cheat,KremA,Cheat,2026-06-23T11:39:00,KremA,Cheat,Immortal 2,Immortal 2,Ascendant 3,fcce9e79-c24c-485a-a740-980e8ab8985c,"13/6/26, 14:56",Competitive,Pearl,Killjoy,Loss,5,13,18,355,166,10,15,3,-5,0.7,-29.0,110.4,12.0,72.0,1,0,0
KremA#Cheat,KremA,Cheat,2026-06-23T11:39:00,KremA,Cheat,Immortal 2,Immortal 2,Ascendant 3,b0860fff-8cff-4b51-a045-89f72b114db4,"13/6/26, 14:24",Competitive,Lotus,Killjoy,Loss,5,13,18,388,223,12,15,5,-3,0.8,0.0,143.2,14.0,56.0,0,1,1
KremA#Cheat,KremA,Cheat,2026-06-23T11:39:00,KremA,Cheat,Immortal 2,Immortal 2,Immortal 1,b9e19c73-832c-4d0b-97df-1f86773aa897,"9/6/26, 23:13",Competitive,Pearl,Fade,Loss,11,13,24,285,138,10,20,12,-10,0.5,-53.0,101.1,18.0,67.0,2,0,0
KremA#Cheat,KremA,Cheat,2026-06-23T11:39:00,KremA,Cheat,Immortal 2,Immortal 2,Immortal 1,acb5cc46-55e3-4624-8178-23494c0bf56d,"9/6/26, 22:44",Competitive,Fracture,Killjoy,Loss,6,13,19,145,160,12,16,2,-4,0.8,-71.0,100.6,23.0,47.0,0,4,0
KremA#Cheat,KremA,Cheat,2026-06-23T11:39:00,KremA,Cheat,Immortal 2,Immortal 2,Immortal 1,7b1f23b9-0c6e-49df-9c3d-e6b9d8fd820b,"9/6/26, 22:19",Competitive,Breeze,Cypher,Win,13,3,16,468,139,8,10,3,-2,0.8,-29.0,97.5,39.0,75.0,0,0,1
KremA#Cheat,KremA,Cheat,2026-06-23T11:39:00,KremA,Cheat,Immortal 2,Immortal 2,Ascendant 3,0a00ba91-7dfa-4f7c-a6f4-10e687a560d0,"7/6/26, 22:28",Competitive,Ascent,Cypher,Win,14,12,26,858,286,25,17,10,8,1.5,59.0,186.0,28.0,81.0,6,3,3
KremA#Cheat,KremA,Cheat,2026-06-23T11:39:00,KremA,Cheat,Immortal 2,Immortal 2,Immortal 2,9c2bc844-0859-4ba4-be92-c12bc4d50c5f,"7/6/26, 21:55",Competitive,Pearl,Fade,Win,13,6,19,855,229,15,9,8,6,1.7,76.0,167.6,20.0,84.0,1,0,1
KremA#Cheat,KremA,Cheat,2026-06-23T11:39:00,KremA,Cheat,Immortal 2,Immortal 2,Ascendant 3,7aa35b80-e806-413c-9758-c67f27c5bc83,"7/6/26, 21:15",Competitive,Haven,Chamber,Win,13,8,21,462,143,10,15,4,-5,0.7,-15.0,115.6,27.0,71.0,1,3,0
KremA#Cheat,KremA,Cheat,2026-06-23T11:39:00,KremA,Cheat,Immortal 2,Immortal 2,Ascendant 3,65d91acc-a258-4ad3-9e8b-ed78512e3cf8,"6/6/26, 0:27",Competitive,Ascent,Clove,Win,13,11,24,651,242,19,24,14,-5,0.8,-29.0,166.7,33.0,79.0,2,2,1
KremA#Cheat,KremA,Cheat,2026-06-23T11:39:00,KremA,Cheat,Immortal 2,Immortal 2,Ascendant 3,d9e43364-9378-4c90-94f0-8e1281b8bc68,"5/6/26, 23:51",Competitive,Haven,Clove,Win,13,8,21,969,339,27,14,13,13,1.9,85.0,214.6,47.0,86.0,2,2,3
KremA#Cheat,KremA,Cheat,2026-06-23T11:39:00,KremA,Cheat,Immortal 2,Immortal 2,Ascendant 3,eb10f0e5-fd7f-46f5-b918-6da6b913b4e6,"31/5/26, 19:35",Competitive,Fracture,Killjoy,Win,13,7,20,934,338,25,10,1,15,2.5,154.0,252.3,25.0,80.0,4,0,3
4 4 4#Jime,4 4 4,Jime,2026-06-23T11:41:58,4 4 4,Jime,Immortal 3,Immortal 3,Ascendant 2,988e3809-e4a2-48d2-a117-cf6baab9cb37,"18/6/26, 15:54",Competitive,Lotus,Clove,Loss,8,13,21,120,105,8,15,2,-7,0.5,-52.0,72.1,47.0,38.0,1,4,0
4 4 4#Jime,4 4 4,Jime,2026-06-23T11:41:58,4 4 4,Jime,Immortal 3,Immortal 3,Ascendant 3,8be03a94-c60d-40e6-aacb-891f6a060e10,"17/6/26, 22:09",Competitive,Ascent,Clove,Loss,11,13,24,667,295,24,25,9,-1,1.0,-11.0,188.8,35.0,75.0,5,3,3
4 4 4#Jime,4 4 4,Jime,2026-06-23T11:41:58,4 4 4,Jime,Immortal 3,Immortal 3,Ascendant 1,eb082ca9-6b80-44b8-a793-f1d8c060bc53,"16/6/26, 18:48",Competitive,Haven,Phoenix,Win,14,12,26,939,376,33,19,13,14,1.7,92.0,252.0,30.0,85.0,6,5,4
4 4 4#Jime,4 4 4,Jime,2026-06-23T11:41:58,4 4 4,Jime,Immortal 3,Immortal 3,Ascendant 2,fa116535-b142-438a-ba0c-caed09cf5eed,"16/6/26, 18:09",Competitive,Pearl,Unknown,Win,13,5,18,376,24,12,6,12,2,125.0,257.0,43.0,94.0,3.0,3,4,843
4 4 4#Jime,4 4 4,Jime,2026-06-23T11:41:58,4 4 4,Jime,Immortal 3,Immortal 3,Ascendant 2,1f6acbc9-49ae-4ca2-af18-c5e0eca19869,"16/6/26, 16:53",Competitive,Fracture,Reyna,Win,13,4,17,893,323,21,10,2,11,2.1,102.0,216.3,33.0,76.0,2,3,2
4 4 4#Jime,4 4 4,Jime,2026-06-23T11:41:58,4 4 4,Jime,Immortal 3,Immortal 3,Diamond 3,1d6a7c62-ffdb-4661-a644-ced57d404add,"16/6/26, 16:14",Competitive,Haven,Jett,Loss,4,13,17,475,289,16,15,1,1,1.1,14.0,163.5,12.0,53.0,4,4,1
4 4 4#Jime,4 4 4,Jime,2026-06-23T11:41:58,4 4 4,Jime,Immortal 3,Immortal 3,Ascendant 2,1d55083a-1ca8-4122-8ea8-18e566ca59c0,"14/6/26, 23:18",Competitive,Breeze,Viper,Loss,4,13,17,628,234,14,15,4,-1,0.9,8.0,156.5,29.0,82.0,0,2,1
4 4 4#Jime,4 4 4,Jime,2026-06-23T11:41:58,4 4 4,Jime,Immortal 3,Immortal 3,Immortal 1,6123d69a-4b8c-4871-9014-0262605251d7,"14/6/26, 22:09",Competitive,Split,Clove,Win,13,9,22,645,240,19,22,6,-3,0.9,-12.0,166.6,29.0,73.0,3,3,2
4 4 4#Jime,4 4 4,Jime,2026-06-23T11:41:58,4 4 4,Jime,Immortal 3,Immortal 3,Ascendant 2,c36640e9-85db-42c9-9cf5-f950dd545765,"14/6/26, 15:43",Competitive,Ascent,Sova,Loss,11,13,24,780,248,19,17,11,2,1.1,22.0,169.3,30.0,88.0,1,0,1
4 4 4#Jime,4 4 4,Jime,2026-06-23T11:41:58,4 4 4,Jime,Immortal 3,Immortal 3,Ascendant 1,689bb0ec-33f5-4864-be34-47195e31b5b1,"13/6/26, 3:55",Competitive,Pearl,Iso,Win,13,3,16,964,294,16,11,8,5,1.4,77.0,211.6,24.0,94.0,2,1,2
4 4 4#Jime,4 4 4,Jime,2026-06-23T11:41:58,4 4 4,Jime,Immortal 3,Immortal 3,Ascendant 2,a9f4e995-15c1-4abc-879f-aec4ff4acc78,"12/6/26, 21:37",Competitive,Split,Clove,Win,13,7,20,404,31,15,8,16,2,101.0,260.1,31.0,100.0,5.0,1,5,576
4 4 4#Jime,4 4 4,Jime,2026-06-23T11:41:58,4 4 4,Jime,Immortal 3,Immortal 3,Ascendant 3,003231f5-7a36-4142-986c-20f761b7254c,"31/5/26, 20:20",Competitive,Lotus,Reyna,Win,13,5,18,423,142,10,15,5,-5,0.7,-44.0,96.8,26.0,72.0,2,5,0
4 4 4#Jime,4 4 4,Jime,2026-06-23T11:41:58,4 4 4,Jime,Immortal 3,Immortal 3,Ascendant 3,0fbd8cb1-6e77-4cdd-ac6a-8d92366acf91,"31/5/26, 19:55",Competitive,Fracture,Reyna,Win,13,3,16,420,24,12,5,12,2,98.0,255.9,36.0,94.0,8.0,1,3,406
4 4 4#Jime,4 4 4,Jime,2026-06-23T11:41:58,4 4 4,Jime,Immortal 3,Immortal 3,Ascendant 1,f533ff3f-8eac-4d04-a436-5d1ed77a9bad,"31/5/26, 17:05",Competitive,Lotus,Unknown,Win,13,6,19,985,321,21,13,9,8,1.6,84.0,225.8,38.0,95.0,2,3,2
4 4 4#Jime,4 4 4,Jime,2026-06-23T11:41:58,4 4 4,Jime,Immortal 3,Immortal 3,Ascendant 1,edca8c8a-d5d2-45a6-8e01-776f27b6730c,"31/5/26, 2:32",Competitive,Fracture,Reyna,Win,13,6,19,896,310,19,14,6,5,1.4,66.0,213.8,25.0,79.0,4,3,2
4 4 4#Jime,4 4 4,Jime,2026-06-23T11:41:58,4 4 4,Jime,Immortal 3,Immortal 3,Ascendant 2,2e8fc33e-e62d-4fb5-97d7-bd1cb32e7efc,"31/5/26, 1:58",Competitive,Breeze,Sova,Win,13,8,21,358,171,13,15,3,-2,0.9,-28.0,112.4,43.0,52.0,0,1,1
4 4 4#Jime,4 4 4,Jime,2026-06-23T11:41:58,4 4 4,Jime,Immortal 3,Immortal 3,Ascendant 1,e02974ca-7e9d-48f8-82b8-2f7d69d865c1,"30/5/26, 22:31",Competitive,Ascent,Clove,Loss,10,13,23,493,222,18,22,7,-4,0.8,-44.0,128.4,57.0,74.0,3,3,1
4 4 4#Jime,4 4 4,Jime,2026-06-23T11:41:58,4 4 4,Jime,Immortal 3,Immortal 3,Ascendant 3,d2aa924a-9bd2-47a2-b18c-e92be6f35dad,"30/5/26, 16:09",Competitive,Pearl,Sova,Win,13,4,17,972,295,18,7,7,11,2.6,87.0,187.5,38.0,100.0,1,0,2
4 4 4#Jime,4 4 4,Jime,2026-06-23T11:41:58,4 4 4,Jime,Immortal 3,Immortal 3,Ascendant 1,24d4c961-643f-4d0f-a988-733a579e2e09,"30/5/26, 15:29",Competitive,Pearl,Fade,Win,13,8,21,806,230,13,14,13,-1,0.9,47.0,168.7,23.0,81.0,0,1,0
4 4 4#Jime,4 4 4,Jime,2026-06-23T11:41:58,4 4 4,Jime,Immortal 3,Immortal 3,Ascendant 3,09cce83e-e9c7-402f-915d-7807c8f22602,"30/5/26, 4:06",Competitive,Lotus,Reyna,Win,13,5,18,956,344,21,10,8,11,2.1,110.0,208.6,25.0,83.0,4,2,3
10y7#LCZ,10y7,LCZ,2026-06-23T11:44:56,10y7,LCZ,Radiant,Radiant,Immortal 1,ca997217-b4c1-4fac-999e-c3774534a87b,"22/6/26, 0:26",Competitive,Split,Skye,Win,13,9,22,607,206,17,14,6,3,1.2,23.0,137.9,37.0,68.0,2,2,1
10y7#LCZ,10y7,LCZ,2026-06-23T11:44:56,10y7,LCZ,Radiant,Radiant,Ascendant 3,5d7b99c4-78bc-4d43-8e6e-e275ea5402fc,"21/6/26, 23:52",Competitive,Fracture,Brimstone,Win,13,9,22,776,257,18,15,18,3,1.2,21.0,182.7,28.0,77.0,0,0,1
10y7#LCZ,10y7,LCZ,2026-06-23T11:44:56,10y7,LCZ,Radiant,Radiant,Ascendant 2,e6595ee6-4a88-42bc-8b6b-d22aeedf41f2,"18/6/26, 22:14",Competitive,Ascent,Jett,Loss,10,13,23,548,225,17,17,3,0,3.0,146.0,26.0,70.0,4.0,4,0,381
10y7#LCZ,10y7,LCZ,2026-06-23T11:44:56,10y7,LCZ,Radiant,Radiant,Ascendant 3,ffe745ad-5af0-4614-aa13-24efbfc8ba8d,"18/6/26, 18:12",Competitive,Breeze,Sova,Win,13,1,14,680,135,7,4,9,3,1.8,40.0,101.4,41.0,86.0,0,0,0
10y7#LCZ,10y7,LCZ,2026-06-23T11:44:56,10y7,LCZ,Radiant,Radiant,Ascendant 2,5b833ebc-9a01-453d-87e4-dad21402bf95,"18/6/26, 17:34",Competitive,Pearl,Fade,Win,13,5,18,738,201,14,9,6,5,1.6,23.0,131.6,41.0,83.0,0,0,0
10y7#LCZ,10y7,LCZ,2026-06-23T11:44:56,10y7,LCZ,Radiant,Radiant,Immortal 1,92e22520-8bdc-4812-b8b0-2669742c7048,"17/6/26, 17:01",Competitive,Pearl,Fade,Win,13,3,16,760,206,12,7,6,5,1.7,44.0,150.5,30.0,81.0,1,1,0
10y7#LCZ,10y7,LCZ,2026-06-23T11:44:56,10y7,LCZ,Radiant,Radiant,Ascendant 2,be2219ae-5d4e-4a07-be49-640d03bc5950,"17/6/26, 14:55",Competitive,Fracture,Unknown,Win,13,5,18,941,317,23,8,10,15,2.9,84.0,188.5,34.0,83.0,2,0,3
10y7#LCZ,10y7,LCZ,2026-06-23T11:44:56,10y7,LCZ,Radiant,Radiant,Ascendant 3,a39fbc4e-0212-4c50-83f2-1f173bbb26ea,"17/6/26, 0:16",Competitive,Haven,Cypher,Win,13,6,19,587,135,10,10,4,0,1.0,-8.0,91.2,25.0,84.0,0,0,0
10y7#LCZ,10y7,LCZ,2026-06-23T11:44:56,10y7,LCZ,Radiant,Radiant,Immortal 1,eeaf4218-e472-4bf3-add0-69418c075777,"16/6/26, 0:15",Competitive,Lotus,Raze,Win,13,7,20,773,248,19,13,4,6,1.5,43.0,163.4,23.0,75.0,0,2,3
10y7#LCZ,10y7,LCZ,2026-06-23T11:44:56,10y7,LCZ,Radiant,Radiant,Ascendant 2,a01eb9e4-b978-4477-a1cb-7855d536d23d,"15/6/26, 23:50",Competitive,Haven,Sova,Loss,5,13,18,715,225,14,15,6,-1,0.9,37.0,173.4,28.0,94.0,0,0,1
10y7#LCZ,10y7,LCZ,2026-06-23T11:44:56,10y7,LCZ,Radiant,Radiant,Ascendant 3,d5e6d6f6-96bc-4b71-b4f0-eac7eb6ae861,"15/6/26, 20:01",Competitive,Breeze,Sova,Win,13,11,24,778,236,20,13,7,7,1.5,47.0,157.2,28.0,79.0,0,0,2
10y7#LCZ,10y7,LCZ,2026-06-23T11:44:56,10y7,LCZ,Radiant,Radiant,Ascendant 3,ce3bb475-1735-4bfd-9559-cbfa496f6049,"14/6/26, 21:53",Competitive,Lotus,Chamber,Win,13,11,24,220,116,11,15,1,-4,0.7,-46.0,84.7,27.0,50.0,3,3,1
10y7#LCZ,10y7,LCZ,2026-06-23T11:44:56,10y7,LCZ,Radiant,Radiant,Immortal 1,d116e439-81c1-4c49-aa4c-e0ada0cd938d,"14/6/26, 21:14",Competitive,Ascent,Sova,Loss,9,13,22,765,270,21,14,5,7,1.5,76.0,196.2,32.0,77.0,1,0,0
10y7#LCZ,10y7,LCZ,2026-06-23T11:44:56,10y7,LCZ,Radiant,Radiant,Ascendant 3,6c90b7d1-d2c7-45d7-bd12-544bf627a972,"14/6/26, 16:03",Competitive,Breeze,Sova,Win,13,7,20,673,197,12,12,6,0,30.0,142.0,20.0,75.0,1.0,1,0,597
10y7#LCZ,10y7,LCZ,2026-06-23T11:44:56,10y7,LCZ,Radiant,Radiant,Immortal 1,eb271d15-8ba9-4067-b7ee-9354d8100ec4,"14/6/26, 15:30",Competitive,Split,Skye,Loss,6,13,19,328,198,13,15,3,-2,0.9,-17.0,128.1,41.0,58.0,0,1,3
10y7#LCZ,10y7,LCZ,2026-06-23T11:44:56,10y7,LCZ,Radiant,Radiant,Ascendant 3,07db59e6-9e79-4d9b-95e3-b805c8b9aee8,"13/6/26, 17:29",Competitive,Split,Skye,Win,13,11,24,805,243,21,12,16,9,1.8,68.0,168.3,33.0,79.0,1,1,2
10y7#LCZ,10y7,LCZ,2026-06-23T11:44:56,10y7,LCZ,Radiant,Radiant,Ascendant 2,3c70b3f5-9ba4-405b-8c78-f917509b2482,"13/6/26, 16:45",Competitive,Lotus,Fade,Win,13,9,22,934,271,23,11,5,12,2.1,63.0,164.9,29.0,95.0,2,0,2
10y7#LCZ,10y7,LCZ,2026-06-23T11:44:56,10y7,LCZ,Radiant,Radiant,Ascendant 2,b9ab2170-be46-491f-bb8e-a5fdef36fb14,"13/6/26, 16:13",Competitive,Breeze,Sova,Win,13,9,22,625,154,11,14,5,-3,0.8,8.0,105.3,23.0,82.0,1,0,0
10y7#LCZ,10y7,LCZ,2026-06-23T11:44:56,10y7,LCZ,Radiant,Radiant,Ascendant 1,598bd0ed-a7fd-4248-996f-0ca20e193c65,"12/6/26, 23:08",Competitive,Fracture,Brimstone,Win,13,11,24,777,236,20,15,8,5,1.3,25.0,150.9,29.0,83.0,1,1,0
10y7#LCZ,10y7,LCZ,2026-06-23T11:44:56,10y7,LCZ,Radiant,Radiant,Ascendant 1,fbe273eb-c440-410d-b62b-e191490a053d,"12/6/26, 22:36",Competitive,Lotus,Skye,Loss,7,13,20,556,197,14,15,7,-1,0.9,-2.0,145.3,46.0,80.0,1,0,0
gianluigi buffon#GTG,gianluigi buffon,GTG,2026-06-23T11:47:55,gianluigi buffon,GTG,Radiant,Radiant,Ascendant 1,ae7801b4-5dfa-46e9-a347-d87f4336f1ec,"23/6/26, 0:08",Competitive,Lotus,Clove,Win,13,7,20,627,250,18,16,5,2,1.1,9.0,157.5,32.0,65.0,2,2,2
gianluigi buffon#GTG,gianluigi buffon,GTG,2026-06-23T11:47:55,gianluigi buffon,GTG,Radiant,Radiant,Ascendant 1,6304fd49-710d-4d98-a65f-74a8de475ce1,"22/6/26, 23:31",Competitive,Lotus,Clove,Win,13,5,18,956,316,20,14,10,6,1.4,51.0,203.3,49.0,94.0,2,2,2
gianluigi buffon#GTG,gianluigi buffon,GTG,2026-06-23T11:47:55,gianluigi buffon,GTG,Radiant,Radiant,Ascendant 3,ba2127b8-3c8e-4cc0-87ff-e195aecc8ebb,"22/6/26, 22:50",Competitive,Fracture,Clove,Win,13,10,23,858,345,29,18,4,11,1.6,80.0,230.9,42.0,74.0,1,0,4
gianluigi buffon#GTG,gianluigi buffon,GTG,2026-06-23T11:47:55,gianluigi buffon,GTG,Radiant,Radiant,Ascendant 2,4676fd6d-bd41-4df9-9fcd-c2668ad3224d,"22/6/26, 13:47",Competitive,Ascent,Killjoy,Loss,9,13,22,338,152,11,18,4,-7,0.6,-25.0,114.7,22.0,68.0,2,0,0
gianluigi buffon#GTG,gianluigi buffon,GTG,2026-06-23T11:47:55,gianluigi buffon,GTG,Radiant,Radiant,Diamond 3,127dce80-459a-4452-8c97-1580f59d5a53,"22/6/26, 13:00",Competitive,Pearl,Clove,Loss,9,13,22,368,175,13,21,6,-8,0.6,-29.0,139.5,19.0,68.0,0,2,0
gianluigi buffon#GTG,gianluigi buffon,GTG,2026-06-23T11:47:55,gianluigi buffon,GTG,Radiant,Radiant,Diamond 3,f8afde9c-a2a5-4297-90fe-5ceea26b44d4,"22/6/26, 12:12",Competitive,Ascent,Killjoy,Win,13,11,24,898,299,25,15,2,10,1.7,68.0,209.0,33.0,83.0,2,1,4
gianluigi buffon#GTG,gianluigi buffon,GTG,2026-06-23T11:47:55,gianluigi buffon,GTG,Radiant,Radiant,Ascendant 3,2bf062de-ce92-4144-bb24-3111f67e3186,"22/6/26, 0:21",Competitive,Fracture,Clove,Win,13,10,23,526,203,15,20,10,-5,0.8,-41.0,127.1,23.0,74.0,5,1,0
gianluigi buffon#GTG,gianluigi buffon,GTG,2026-06-23T11:47:55,gianluigi buffon,GTG,Radiant,Radiant,Ascendant 3,f0ecf5fd-ff80-4db2-a839-aa734b8b882e,"21/6/26, 23:06",Competitive,Split,Clove,Loss,11,13,24,575,258,20,25,16,-5,0.8,-40.0,161.8,24.0,75.0,3,2,0
gianluigi buffon#GTG,gianluigi buffon,GTG,2026-06-23T11:47:55,gianluigi buffon,GTG,Radiant,Radiant,Ascendant 2,c9ec7726-8be3-43a4-90f1-1058188648f5,"21/6/26, 19:53",Competitive,Breeze,Chamber,Win,18,16,34,595,236,29,21,2,8,1.4,21.0,151.6,52.0,65.0,4,3,5
gianluigi buffon#GTG,gianluigi buffon,GTG,2026-06-23T11:47:55,gianluigi buffon,GTG,Radiant,Radiant,Ascendant 2,91b862e9-4e5c-4f5d-8e44-59f04f061d2c,"21/6/26, 19:12",Competitive,Split,Clove,Win,13,7,20,741,232,17,15,15,2,1.1,7.0,155.3,28.0,80.0,1,1,2
gianluigi buffon#GTG,gianluigi buffon,GTG,2026-06-23T11:47:55,gianluigi buffon,GTG,Radiant,Radiant,Ascendant 3,a71acee0-111e-4458-bd70-94dca9e32b1c,"21/6/26, 18:48",Competitive,Pearl,Clove,Loss,2,13,15,383,198,10,15,3,-5,0.7,-37.0,136.7,42.0,73.0,0,2,0
gianluigi buffon#GTG,gianluigi buffon,GTG,2026-06-23T11:47:55,gianluigi buffon,GTG,Radiant,Radiant,Ascendant 1,5482fc4e-0685-44a9-aa85-9b7ed1624ef8,"21/6/26, 17:38",Competitive,Ascent,Killjoy,Win,13,6,19,757,265,17,11,3,6,1.6,79.0,192.9,23.0,68.0,1,0,2
gianluigi buffon#GTG,gianluigi buffon,GTG,2026-06-23T11:47:55,gianluigi buffon,GTG,Radiant,Radiant,Ascendant 2,cdca0100-6b6b-4927-898e-c11bcfeaf5d8,"21/6/26, 17:07",Competitive,Pearl,Clove,Loss,4,13,17,660,300,17,17,10,0,-13.0,190.7,34.0,82.0,0.0,0,1,697
gianluigi buffon#GTG,gianluigi buffon,GTG,2026-06-23T11:47:55,gianluigi buffon,GTG,Radiant,Radiant,Diamond 3,ae4171bd-087a-4e5e-9e61-043c89828cdf,"21/6/26, 16:35",Competitive,Breeze,Chamber,Win,13,4,17,625,178,13,10,1,3,1.3,15.0,126.3,26.0,76.0,1,1,0
gianluigi buffon#GTG,gianluigi buffon,GTG,2026-06-23T11:47:55,gianluigi buffon,GTG,Radiant,Radiant,Ascendant 2,2176e7df-fa2b-4ea6-88d8-d794262a296c,"21/6/26, 15:54",Competitive,Haven,Clove,Win,14,12,26,878,267,25,17,17,8,1.5,43.0,187.7,36.0,92.0,1,1,0
gianluigi buffon#GTG,gianluigi buffon,GTG,2026-06-23T11:47:55,gianluigi buffon,GTG,Radiant,Radiant,Ascendant 2,01427ede-e0b9-4344-a456-65104eeb113a,"21/6/26, 14:08",Competitive,Split,Clove,Win,14,12,26,706,251,23,20,14,3,1.1,4.0,160.9,31.0,77.0,1,1,1
gianluigi buffon#GTG,gianluigi buffon,GTG,2026-06-23T11:47:55,gianluigi buffon,GTG,Radiant,Radiant,Diamond 3,60fe9c6b-0527-4811-88df-26342c6b593c,"20/6/26, 21:04",Competitive,Breeze,Chamber,Loss,13,15,28,576,221,22,20,3,2,1.1,12.0,145.5,29.0,68.0,1,4,1
gianluigi buffon#GTG,gianluigi buffon,GTG,2026-06-23T11:47:55,gianluigi buffon,GTG,Radiant,Radiant,Ascendant 2,6b8d1eb7-f30f-43e0-b94f-1b19fb7265ed,"20/6/26, 20:08",Competitive,Fracture,Clove,Win,13,5,18,930,313,20,13,6,7,1.5,69.0,208.2,35.0,83.0,1,1,2
gianluigi buffon#GTG,gianluigi buffon,GTG,2026-06-23T11:47:55,gianluigi buffon,GTG,Radiant,Radiant,Ascendant 2,2e3eeaa9-1872-4e01-b08d-8f8e16cb3ff7,"20/6/26, 19:33",Competitive,Lotus,Clove,Win,13,8,21,587,217,17,14,7,3,1.2,7.0,149.5,52.0,67.0,1,1,2
gianluigi buffon#GTG,gianluigi buffon,GTG,2026-06-23T11:47:55,gianluigi buffon,GTG,Radiant,Radiant,Ascendant 2,c17e1627-81cb-4b45-a1be-2db79e5cf879,"20/6/26, 18:53",Competitive,Ascent,Killjoy,Win,13,11,24,902,337,27,15,6,12,1.8,140.0,246.8,25.0,79.0,1,0,2
P4SGARSSJGOD#S1NK,P4SGARSSJGOD,S1NK,2026-06-23T14:49:54,P4SGARSSJGOD,S1NK,Immortal 2,Immortal 2,Immortal 1,11448bf8-8fef-4881-b1be-c3e95684044e,"22/6/26, 22:15",Competitive,Ascent,Clove,Loss,11,13,24,648,208,17,20,11,-3,0.8,-0.0,149.3,35.0,83.0,1,0,0
P4SGARSSJGOD#S1NK,P4SGARSSJGOD,S1NK,2026-06-23T14:49:54,P4SGARSSJGOD,S1NK,Immortal 2,Immortal 2,Immortal 1,bf4525b9-b7f8-4405-8385-ef82a09e7c6c,"22/6/26, 21:46",Competitive,Fracture,Clove,Win,13,6,19,610,169,10,14,13,-4,0.7,-34.0,108.5,23.0,89.0,1,2,1
P4SGARSSJGOD#S1NK,P4SGARSSJGOD,S1NK,2026-06-23T14:49:54,P4SGARSSJGOD,S1NK,Immortal 2,Immortal 2,Ascendant 1,30cae94b-9253-408b-bdee-f56db525ea28,"22/6/26, 21:08",Competitive,Breeze,Reyna,Loss,10,13,23,405,192,17,19,5,-2,0.9,-41.0,114.1,35.0,70.0,5,3,0
P4SGARSSJGOD#S1NK,P4SGARSSJGOD,S1NK,2026-06-23T14:49:54,P4SGARSSJGOD,S1NK,Immortal 2,Immortal 2,Ascendant 2,deb3e54b-3a66-4df9-9364-5cf85e5fb3e2,"22/6/26, 20:38",Competitive,Haven,Jett,Loss,9,13,22,225,162,10,19,4,-9,0.5,-52.0,107.2,13.0,55.0,2,2,0
P4SGARSSJGOD#S1NK,P4SGARSSJGOD,S1NK,2026-06-23T14:49:54,P4SGARSSJGOD,S1NK,Immortal 2,Immortal 2,Immortal 1,95b21b75-2767-45e9-8a26-73aec43c6c46,"18/6/26, 22:31",Competitive,Pearl,Clove,Loss,7,13,20,544,266,21,19,3,2,1.1,-35.0,148.9,33.0,75.0,1,1,2
P4SGARSSJGOD#S1NK,P4SGARSSJGOD,S1NK,2026-06-23T14:49:54,P4SGARSSJGOD,S1NK,Immortal 2,Immortal 2,Ascendant 2,aaabfdd8-a709-42fb-a45a-40c8bd378d6f,"18/6/26, 22:00",Competitive,Pearl,Chamber,Loss,6,13,19,534,223,14,16,3,-2,0.9,1.0,157.8,26.0,74.0,4,2,2
P4SGARSSJGOD#S1NK,P4SGARSSJGOD,S1NK,2026-06-23T14:49:54,P4SGARSSJGOD,S1NK,Immortal 2,Immortal 2,Ascendant 2,c17154bc-5465-4f33-a099-41c4911dd88e,"18/6/26, 21:26",Competitive,Fracture,Jett,Loss,7,13,20,456,213,16,14,2,2,1.1,9.0,139.9,19.0,65.0,2,7,3
P4SGARSSJGOD#S1NK,P4SGARSSJGOD,S1NK,2026-06-23T14:49:54,P4SGARSSJGOD,S1NK,Immortal 2,Immortal 2,Ascendant 1,4fda2227-a497-443f-91de-22c677dac8b6,"18/6/26, 20:43",Competitive,Ascent,Sova,Loss,12,14,26,793,260,23,17,17,6,1.4,51.0,173.2,22.0,81.0,2,1,3
P4SGARSSJGOD#S1NK,P4SGARSSJGOD,S1NK,2026-06-23T14:49:54,P4SGARSSJGOD,S1NK,Immortal 2,Immortal 2,Ascendant 3,c36e3f55-ec3f-4350-908d-6a72da3105b2,"16/6/26, 14:45",Competitive,Lotus,Chamber,Win,13,7,20,792,226,16,11,3,5,1.4,44.0,145.5,26.0,80.0,4,1,2
P4SGARSSJGOD#S1NK,P4SGARSSJGOD,S1NK,2026-06-23T14:49:54,P4SGARSSJGOD,S1NK,Immortal 2,Immortal 2,Immortal 1,1aedd55d-5174-4bc0-bc54-f3d77ab3449a,"16/6/26, 14:20",Competitive,Ascent,Clove,Win,13,2,15,929,287,15,11,14,4,1.4,58.0,184.7,20.0,87.0,2,1,1
P4SGARSSJGOD#S1NK,P4SGARSSJGOD,S1NK,2026-06-23T14:49:54,P4SGARSSJGOD,S1NK,Immortal 2,Immortal 2,Ascendant 3,363d6601-082f-4db3-baa1-f0c23a4ca3cf,"15/6/26, 21:30",Competitive,Lotus,Clove,Loss,9,13,22,697,261,20,20,9,0,2.0,167.8,27.0,82.0,1.0,4,3,655
P4SGARSSJGOD#S1NK,P4SGARSSJGOD,S1NK,2026-06-23T14:49:54,P4SGARSSJGOD,S1NK,Immortal 2,Immortal 2,Immortal 1,3dafefd5-b1df-4a84-b915-d4004d980026,"15/6/26, 20:59",Competitive,Pearl,Tejo,Win,13,8,21,599,160,13,13,6,0,1.0,-6.0,106.6,26.0,81.0,2,0,1
P4SGARSSJGOD#S1NK,P4SGARSSJGOD,S1NK,2026-06-23T14:49:54,P4SGARSSJGOD,S1NK,Immortal 2,Immortal 2,Immortal 1,5bb89f34-03be-4d1a-952b-cbf71e8b037f,"12/6/26, 17:29",Competitive,Fracture,Chamber,Win,14,12,26,707,242,23,17,2,6,1.4,37.0,164.9,41.0,73.0,5,1,0
P4SGARSSJGOD#S1NK,P4SGARSSJGOD,S1NK,2026-06-23T14:49:54,P4SGARSSJGOD,S1NK,Immortal 2,Immortal 2,Immortal 1,5a6f1d08-1107-4f80-89a6-75ac3a781d86,"12/6/26, 17:06",Competitive,Ascent,Clove,Loss,4,13,17,222,155,6,17,13,-11,0.3,-52.0,112.3,21.0,65.0,0,0,1
P4SGARSSJGOD#S1NK,P4SGARSSJGOD,S1NK,2026-06-23T14:49:54,P4SGARSSJGOD,S1NK,Immortal 2,Immortal 2,Immortal 1,09cb20ed-322c-44f3-b266-2a67ee3de913,"12/6/26, 16:21",Competitive,Haven,Clove,Win,16,14,30,777,262,29,22,11,7,1.3,42.0,180.4,41.0,77.0,2,4,4
P4SGARSSJGOD#S1NK,P4SGARSSJGOD,S1NK,2026-06-23T14:49:54,P4SGARSSJGOD,S1NK,Immortal 2,Immortal 2,Ascendant 3,f977ab55-1855-4a4f-b630-bcca6515aff5,"11/6/26, 23:28",Competitive,Split,Clove,Loss,11,13,24,628,249,20,21,7,-1,0.9,-6.0,155.3,30.0,75.0,5,1,1
P4SGARSSJGOD#S1NK,P4SGARSSJGOD,S1NK,2026-06-23T14:49:54,P4SGARSSJGOD,S1NK,Immortal 2,Immortal 2,Ascendant 3,d1e6be85-cb3f-4bb6-b3cf-fe0f068413ef,"11/6/26, 22:50",Competitive,Breeze,Chamber,Win,13,7,20,914,316,25,11,3,14,2.3,74.0,196.3,26.0,80.0,4,1,5
P4SGARSSJGOD#S1NK,P4SGARSSJGOD,S1NK,2026-06-23T14:49:54,P4SGARSSJGOD,S1NK,Immortal 2,Immortal 2,Ascendant 3,c2a5798e-2f8e-4f6d-b3e6-eb01148b08a3,"11/6/26, 22:09",Competitive,Fracture,Raze,Win,14,12,26,501,177,14,18,6,-4,0.8,1.0,136.5,17.0,69.0,1,5,0
P4SGARSSJGOD#S1NK,P4SGARSSJGOD,S1NK,2026-06-23T14:49:54,P4SGARSSJGOD,S1NK,Immortal 2,Immortal 2,Ascendant 3,569ada8d-aa15-4944-8b6e-356a13174d00,"11/6/26, 21:29",Competitive,Lotus,Raze,Loss,13,15,28,644,269,27,20,4,7,1.4,13.0,160.5,16.0,68.0,3,3,3
P4SGARSSJGOD#S1NK,P4SGARSSJGOD,S1NK,2026-06-23T14:49:54,P4SGARSSJGOD,S1NK,Immortal 2,Immortal 2,Immortal 1,b77a67e2-2177-4a3c-9989-570a2934189c,"11/6/26, 20:51",Competitive,Ascent,Jett,Loss,10,13,23,448,219,18,18,3,0,-21.0,136.3,28.0,65.0,4.0,3,0,214
Martinj#1204,Martinj,1204,2026-06-23T14:52:52,Martinj,1204,Immortal 2,Immortal 2,Ascendant 3,aff22c0a-4a6e-4d2c-bc70-f8552259b60a,"22/6/26, 23:46",Competitive,Pearl,Chamber,Loss,8,13,21,488,244,17,17,3,0,4.0,155.2,24.0,62.0,4.0,5,1,135
Martinj#1204,Martinj,1204,2026-06-23T14:52:52,Martinj,1204,Immortal 2,Immortal 2,Ascendant 2,8234adf9-b983-49f1-82b7-6345796cccaa,"22/6/26, 23:04",Competitive,Haven,Sova,Loss,12,14,26,574,221,18,21,9,-3,0.9,-3.0,146.2,19.0,73.0,1,2,1
Martinj#1204,Martinj,1204,2026-06-23T14:52:52,Martinj,1204,Immortal 2,Immortal 2,Ascendant 2,5e5d0680-9db7-4dbd-9bd9-594553ce8436,"22/6/26, 22:22",Competitive,Lotus,Clove,Win,13,6,19,941,301,23,12,6,11,1.9,45.0,188.8,25.0,100.0,1,0,2
Martinj#1204,Martinj,1204,2026-06-23T14:52:52,Martinj,1204,Immortal 2,Immortal 2,Ascendant 3,7b7f54d2-36f4-451d-bb06-e8bc7cbd0332,"22/6/26, 21:53",Competitive,Breeze,Sova,Win,13,7,20,530,160,14,11,4,3,1.3,-13.0,100.9,33.0,75.0,0,0,1
Martinj#1204,Martinj,1204,2026-06-23T14:52:52,Martinj,1204,Immortal 2,Immortal 2,Ascendant 2,42126b6d-1fe4-47a0-9b6f-d6274e0b6444,"22/6/26, 1:55",Competitive,Breeze,Chamber,Loss,8,13,21,310,188,13,19,5,-6,0.7,-39.0,123.5,17.0,62.0,1,5,1
Martinj#1204,Martinj,1204,2026-06-23T14:52:52,Martinj,1204,Immortal 2,Immortal 2,Ascendant 2,b039c218-2900-4cc5-86da-7ce9722868ae,"22/6/26, 1:24",Competitive,Ascent,Reyna,Loss,7,13,20,298,163,12,16,2,-4,0.8,-29.0,102.6,6.0,65.0,1,3,1
Martinj#1204,Martinj,1204,2026-06-23T14:52:52,Martinj,1204,Immortal 2,Immortal 2,Immortal 1,6c4efcef-b6de-4d1b-81d6-0ffab6c22784,"16/6/26, 18:33",Competitive,Fracture,Breach,Loss,8,13,21,693,243,18,14,8,4,1.3,21.0,160.0,38.0,81.0,0,0,1
Martinj#1204,Martinj,1204,2026-06-23T14:52:52,Martinj,1204,Immortal 2,Immortal 2,Immortal 1,615a9dc3-bbac-480b-90ca-163162f3eb6b,"16/6/26, 0:50",Competitive,Split,Raze,Win,13,9,22,675,274,20,16,4,4,1.2,24.0,173.6,24.0,64.0,4,1,3
Martinj#1204,Martinj,1204,2026-06-23T14:52:52,Martinj,1204,Immortal 2,Immortal 2,Ascendant 3,912501a4-6fc1-4951-87b9-18420f1c6a9c,"16/6/26, 0:14",Competitive,Fracture,Breach,Win,13,11,24,617,209,18,14,7,4,1.3,19.0,147.0,28.0,71.0,0,0,1
Martinj#1204,Martinj,1204,2026-06-23T14:52:52,Martinj,1204,Immortal 2,Immortal 2,Immortal 1,6ec8eb09-0d2b-4e2d-8dea-edadadb899fc,"15/6/26, 23:41",Competitive,Haven,Jett,Win,13,8,21,788,248,19,14,3,5,1.4,42.0,160.3,35.0,76.0,4,3,1
Martinj#1204,Martinj,1204,2026-06-23T14:52:52,Martinj,1204,Immortal 2,Immortal 2,Diamond 3,a90002a7-274a-487b-b26b-1f4ff5ed0909,"15/6/26, 1:57",Competitive,Breeze,Chamber,Loss,12,14,26,614,257,24,20,2,4,1.2,31.0,169.3,37.0,65.0,7,1,3
Martinj#1204,Martinj,1204,2026-06-23T14:52:52,Martinj,1204,Immortal 2,Immortal 2,Diamond 3,ef42b27e-f88a-40d6-b16b-ab15c0c20d57,"15/6/26, 1:20",Competitive,Split,Viper,Loss,5,13,18,667,275,17,18,9,-1,0.9,-5.0,170.3,28.0,83.0,2,0,0
Martinj#1204,Martinj,1204,2026-06-23T14:52:52,Martinj,1204,Immortal 2,Immortal 2,Ascendant 3,089243d6-c13f-441d-9dc8-ee9f46f86bb9,"8/6/26, 19:00",Competitive,Lotus,Raze,Loss,5,13,18,680,260,17,15,3,2,1.1,11.0,163.4,20.0,83.0,2,1,2
Martinj#1204,Martinj,1204,2026-06-23T14:52:52,Martinj,1204,Immortal 2,Immortal 2,Ascendant 2,bffa9589-f11e-4c7a-83df-f7df36c40b7f,"4/6/26, 2:10",Competitive,Ascent,Killjoy,Loss,9,13,22,676,256,19,19,5,0,15.0,166.4,19.0,77.0,2.0,0,1,801
Martinj#1204,Martinj,1204,2026-06-23T14:52:52,Martinj,1204,Immortal 2,Immortal 2,Ascendant 3,776f94d4-eeae-411a-b51c-98357c318160,"3/6/26, 17:10",Competitive,Haven,Sova,Loss,12,14,26,424,153,14,18,1,-4,0.8,-20.0,104.6,34.0,73.0,1,0,0
Martinj#1204,Martinj,1204,2026-06-23T14:52:52,Martinj,1204,Immortal 2,Immortal 2,Immortal 1,475b7ffd-a52a-433b-a111-1bd56459db2d,"3/6/26, 16:35",Competitive,Fracture,Breach,Win,13,8,21,493,179,14,12,8,2,1.2,-8.0,110.3,23.0,67.0,0,0,0
Martinj#1204,Martinj,1204,2026-06-23T14:52:52,Martinj,1204,Immortal 2,Immortal 2,Immortal 1,711790c8-3864-4523-bea2-c2fdf49372c9,"3/6/26, 16:02",Competitive,Lotus,Fade,Loss,9,13,22,526,168,13,17,9,-4,0.8,-10.0,116.5,35.0,82.0,1,1,0
Martinj#1204,Martinj,1204,2026-06-23T14:52:52,Martinj,1204,Immortal 2,Immortal 2,Immortal 1,84e631ff-496f-47ba-ac8f-3fc3313247fb,"1/6/26, 23:40",Competitive,Pearl,Fade,Win,13,8,21,688,194,15,11,9,4,1.4,34.0,139.3,35.0,76.0,0,1,1
Martinj#1204,Martinj,1204,2026-06-23T14:52:52,Martinj,1204,Immortal 2,Immortal 2,Ascendant 3,e3f31239-c121-409d-b4ab-ab3a27eacef8,"27/5/26, 23:46",Competitive,Lotus,Fade,Loss,10,13,23,190,119,10,19,4,-9,0.5,-52.0,86.2,24.0,57.0,1,1,0
Martinj#1204,Martinj,1204,2026-06-23T14:52:52,Martinj,1204,Immortal 2,Immortal 2,Ascendant 3,384c2169-1616-4c96-89ea-81efffd0625f,"27/5/26, 23:10",Competitive,Pearl,Fade,Win,13,7,20,835,226,15,11,16,4,1.4,33.0,135.4,20.0,90.0,1,0,1
ManoloDeus#LST,ManoloDeus,LST,2026-06-23T14:55:49,ManoloDeus,LST,Immortal 2,Immortal 2,Ascendant 1,2050de71-20cb-4c79-af2c-4811799ba2a2,"21/6/26, 23:39",Competitive,Lotus,Omen,Loss,7,13,20,637,259,18,16,8,2,1.1,50.0,187.2,29.0,70.0,0,2,1
ManoloDeus#LST,ManoloDeus,LST,2026-06-23T14:55:49,ManoloDeus,LST,Immortal 2,Immortal 2,Ascendant 1,3dc63c70-9adb-455c-a7ca-6e02ab382266,"21/6/26, 23:07",Competitive,Haven,Jett,Win,13,5,18,918,345,23,10,2,13,2.3,106.0,214.2,29.0,78.0,5,2,5
ManoloDeus#LST,ManoloDeus,LST,2026-06-23T14:55:49,ManoloDeus,LST,Immortal 2,Immortal 2,Ascendant 2,6047622e-2014-4eea-93db-ea0f0b904c0a,"20/6/26, 19:16",Competitive,Split,Sage,Loss,2,13,15,228,173,8,15,4,-7,0.5,-76.0,106.9,47.0,67.0,1,0,0
ManoloDeus#LST,ManoloDeus,LST,2026-06-23T14:55:49,ManoloDeus,LST,Immortal 2,Immortal 2,Ascendant 2,38f6a526-0355-4253-af5b-8f2eb099f610,"20/6/26, 18:45",Competitive,Breeze,Jett,Loss,2,13,15,598,277,14,14,5,0,15.0,164.7,11.0,73.0,0.0,3,2,407
ManoloDeus#LST,ManoloDeus,LST,2026-06-23T14:55:49,ManoloDeus,LST,Immortal 2,Immortal 2,Ascendant 1,913fe080-cdc3-4795-b264-a1b4fac22cb5,"14/6/26, 2:24",Competitive,Haven,Omen,Loss,4,13,17,642,237,14,15,4,-1,0.9,-4.0,152.4,36.0,88.0,1,1,1
ManoloDeus#LST,ManoloDeus,LST,2026-06-23T14:55:49,ManoloDeus,LST,Immortal 2,Immortal 2,Ascendant 2,08011f67-4a46-4a74-a6a0-9f59cdc252b6,"14/6/26, 1:46",Competitive,Fracture,Cypher,Loss,10,13,23,651,266,21,18,3,3,1.2,28.0,174.3,28.0,70.0,5,1,2
ManoloDeus#LST,ManoloDeus,LST,2026-06-23T14:55:49,ManoloDeus,LST,Immortal 2,Immortal 2,Ascendant 1,7a3b9d6a-7737-4ac3-a3b1-3e727484d859,"14/6/26, 1:09",Competitive,Split,Omen,Loss,10,13,23,558,206,16,18,7,-2,0.9,-16.0,127.7,33.0,78.0,0,2,0
ManoloDeus#LST,ManoloDeus,LST,2026-06-23T14:55:49,ManoloDeus,LST,Immortal 2,Immortal 2,Immortal 1,d8d6d27c-bed3-4f60-84a8-b787fd03172d,"3/6/26, 0:28",Competitive,Lotus,Raze,Win,13,9,22,827,235,16,18,7,-2,0.9,30.0,169.3,20.0,86.0,4,1,1
ManoloDeus#LST,ManoloDeus,LST,2026-06-23T14:55:49,ManoloDeus,LST,Immortal 2,Immortal 2,Ascendant 3,9860246f-a0c9-4689-8d2a-407e4b9e80b6,"2/6/26, 23:55",Competitive,Haven,Sova,Win,13,5,18,909,267,18,7,5,11,2.6,115.0,194.6,48.0,83.0,1,0,2
ManoloDeus#LST,ManoloDeus,LST,2026-06-23T14:55:49,ManoloDeus,LST,Immortal 2,Immortal 2,Ascendant 3,e721c8d2-ec39-482c-95aa-ff549d6e1e62,"2/6/26, 23:16",Competitive,Fracture,Killjoy,Win,13,10,23,657,245,19,14,4,5,1.4,66.0,172.4,23.0,61.0,1,6,1
ManoloDeus#LST,ManoloDeus,LST,2026-06-23T14:55:49,ManoloDeus,LST,Immortal 2,Immortal 2,Ascendant 2,c24b8ce5-4692-4e8c-9f3c-8c7abe93017a,"2/6/26, 22:41",Competitive,Split,Raze,Win,13,7,20,660,234,17,15,3,2,1.1,16.0,152.8,22.0,70.0,6,3,1
ManoloDeus#LST,ManoloDeus,LST,2026-06-23T14:55:49,ManoloDeus,LST,Immortal 2,Immortal 2,Ascendant 3,9d6bf1a9-ac53-4a0e-86f3-71e8d319e136,"2/6/26, 22:08",Competitive,Pearl,Astra,Win,13,6,19,867,267,18,10,8,8,1.8,77.0,177.9,32.0,79.0,2,1,1
ManoloDeus#LST,ManoloDeus,LST,2026-06-23T14:55:49,ManoloDeus,LST,Immortal 2,Immortal 2,Immortal 1,b5a8c91b-b869-496a-91be-6a1dce789aa6,"2/6/26, 21:34",Competitive,Lotus,Fade,Win,13,10,23,705,197,15,15,16,0,14.0,141.4,36.0,83.0,0.0,0,0,355
ManoloDeus#LST,ManoloDeus,LST,2026-06-23T14:55:49,ManoloDeus,LST,Immortal 2,Immortal 2,Immortal 1,5755af18-c090-4668-8e74-b054781c69f2,"1/6/26, 1:13",Competitive,Breeze,Chamber,Loss,9,13,22,526,215,15,18,8,-3,0.8,-10.0,149.0,30.0,73.0,4,4,1
ManoloDeus#LST,ManoloDeus,LST,2026-06-23T14:55:49,ManoloDeus,LST,Immortal 2,Immortal 2,Ascendant 1,74fc91b1-5dd0-4bcc-8e4a-64d6dab933f3,"1/6/26, 0:45",Competitive,Ascent,KAY/O,Win,13,5,18,638,190,10,9,13,1,1.1,33.0,146.6,38.0,72.0,1,0,0
ManoloDeus#LST,ManoloDeus,LST,2026-06-23T14:55:49,ManoloDeus,LST,Immortal 2,Immortal 2,Ascendant 1,d0b5681a-ef45-46ae-9279-26ae4075e873,"1/6/26, 0:10",Competitive,Pearl,Killjoy,Win,13,7,20,937,362,26,11,2,15,2.4,133.0,247.3,38.0,80.0,2,2,6
ManoloDeus#LST,ManoloDeus,LST,2026-06-23T14:55:49,ManoloDeus,LST,Immortal 2,Immortal 2,Ascendant 1,a8fe0fbf-c0a2-4a50-930c-430d17a58e1a,"31/5/26, 23:28",Competitive,Split,Sage,Loss,10,13,23,821,330,25,17,5,8,1.5,64.0,220.5,31.0,78.0,1,3,4
ManoloDeus#LST,ManoloDeus,LST,2026-06-23T14:55:49,ManoloDeus,LST,Immortal 2,Immortal 2,Ascendant 1,a7137abe-8e3a-4db0-8ffb-6b864aafaaf9,"27/5/26, 22:34",Competitive,Fracture,Breach,Win,15,13,28,669,243,27,15,3,12,1.8,47.0,160.0,38.0,68.0,2,0,4
ManoloDeus#LST,ManoloDeus,LST,2026-06-23T14:55:49,ManoloDeus,LST,Immortal 2,Immortal 2,Ascendant 2,3e9af92d-d07b-48e0-b8e2-f971aaa1596a,"27/5/26, 22:01",Competitive,Pearl,Jett,Loss,5,13,18,169,168,10,17,3,-7,0.6,-83.0,112.3,31.0,56.0,1,5,0
ManoloDeus#LST,ManoloDeus,LST,2026-06-23T14:55:49,ManoloDeus,LST,Immortal 2,Immortal 2,Ascendant 1,e2cf4709-bd2d-4c48-ba14-d0bed0b4dab0,"27/5/26, 21:24",Competitive,Split,Omen,Win,13,10,23,856,251,21,14,13,7,1.5,38.0,156.6,30.0,87.0,3,3,2
Drip#00000,Drip,00000,2026-06-23T14:59:11,Drip,00000,Immortal 2,Immortal 2,Ascendant 1,7a24ba06-9675-405f-8f18-fde387d22d38,"18/6/26, 5:09",Competitive,Pearl,Jett,Win,13,9,22,697,264,23,18,2,5,1.3,23.0,166.6,35.0,68.0,10,6,3
Drip#00000,Drip,00000,2026-06-23T14:59:11,Drip,00000,Immortal 2,Immortal 2,Diamond 3,e42507a7-62e9-497a-8062-57817da48453,"18/6/26, 4:02",Competitive,Breeze,Jett,Win,13,8,21,644,289,20,16,2,4,1.2,8.0,167.8,38.0,62.0,7,3,3
Drip#00000,Drip,00000,2026-06-23T14:59:11,Drip,00000,Immortal 2,Immortal 2,Ascendant 1,5e4f011b-c092-427d-b87c-0895d61a0267,"24/5/26, 20:17",Competitive,Lotus,Clove,Win,13,7,20,853,306,24,15,7,9,1.6,68.0,226.1,43.0,75.0,3,2,3
Drip#00000,Drip,00000,2026-06-23T14:59:11,Drip,00000,Immortal 2,Immortal 2,Diamond 3,cf54e401-bf97-431c-af06-4f666d1dbe45,"9/5/26, 4:10",Competitive,Haven,Chamber,Win,13,9,22,804,319,26,13,1,13,2.0,82.0,207.5,33.0,68.0,5,3,4
Drip#00000,Drip,00000,2026-06-23T14:59:11,Drip,00000,Immortal 2,Immortal 2,Ascendant 1,142811a6-6e61-4fc8-ba3c-a899081b0809,"9/5/26, 3:30",Competitive,Ascent,Chamber,Win,13,8,21,912,311,24,14,3,10,1.7,68.0,204.3,31.0,81.0,6,0,2
Drip#00000,Drip,00000,2026-06-23T14:59:11,Drip,00000,Immortal 2,Immortal 2,Ascendant 2,77d43eeb-ab2c-405c-b749-14f174c8defd,"6/5/26, 16:28",Competitive,Pearl,Chamber,Win,13,4,17,604,173,11,9,1,2,1.2,7.0,127.9,50.0,76.0,0,1,0
Drip#00000,Drip,00000,2026-06-23T14:59:11,Drip,00000,Immortal 2,Immortal 2,Ascendant 1,70524eea-96a3-401c-877e-01fccaf7920d,"6/5/26, 16:01",Competitive,Ascent,Jett,Win,13,5,18,905,292,19,14,4,5,1.4,54.0,198.9,49.0,83.0,3,1,2
Drip#00000,Drip,00000,2026-06-23T14:59:11,Drip,00000,Immortal 2,Immortal 2,Diamond 1,aa538b67-144c-4947-8c29-177699709bd1,"6/5/26, 15:25",Competitive,Breeze,Sova,Win,13,9,22,785,259,20,15,6,5,1.3,25.0,166.2,27.0,77.0,3,4,2
Drip#00000,Drip,00000,2026-06-23T14:59:11,Drip,00000,Immortal 2,Immortal 2,Diamond 2,d880b63f-83f3-46ac-ae6f-f20f44854914,"3/5/26, 23:40",Competitive,Lotus,Jett,Win,13,1,14,915,284,14,10,4,4,1.4,51.0,171.1,5.0,86.0,3,0,1
Drip#00000,Drip,00000,2026-06-23T14:59:11,Drip,00000,Immortal 2,Immortal 2,Ascendant 3,34a5ae36-780e-4cfc-90fc-2aa9126994f6,"3/5/26, 23:18",Competitive,Pearl,Chamber,Loss,3,13,16,117,136,7,15,0,-8,0.5,-52.0,99.2,39.0,50.0,0,2,0
Drip#00000,Drip,00000,2026-06-23T14:59:11,Drip,00000,Immortal 2,Immortal 2,Diamond 3,57b668f0-491d-43e9-b67f-da5047751e0c,"19/4/26, 1:29",Competitive,Fracture,Brimstone,Loss,4,13,17,775,329,20,14,7,6,1.4,46.0,199.3,23.0,82.0,1,1,1
Drip#00000,Drip,00000,2026-06-23T14:59:11,Drip,00000,Immortal 2,Immortal 2,Ascendant 1,613db506-ead5-426d-87f1-89004cb1aeaa,"19/4/26, 0:56",Competitive,Split,Jett,Loss,6,13,19,177,172,11,18,1,-7,0.6,-59.0,111.9,14.0,47.0,4,2,0
Drip#00000,Drip,00000,2026-06-23T14:59:11,Drip,00000,Immortal 2,Immortal 2,Diamond 3,a40d015e-99bb-4d2e-961d-8596484a584e,"18/4/26, 19:47",Competitive,Haven,Phoenix,Win,14,12,26,790,264,26,16,3,10,1.6,45.0,172.1,50.0,77.0,2,4,4
Drip#00000,Drip,00000,2026-06-23T14:59:11,Drip,00000,Immortal 2,Immortal 2,Diamond 3,37d08147-db66-45b5-8441-bd710a9362cd,"12/4/26, 15:49",Competitive,Haven,Jett,Loss,7,13,20,699,319,23,15,3,8,1.5,67.0,203.7,30.0,70.0,5,0,3
Drip#00000,Drip,00000,2026-06-23T14:59:11,Drip,00000,Immortal 2,Immortal 2,Ascendant 1,927346f8-e291-4205-a423-20be6f2e81a2,"12/4/26, 15:09",Competitive,Fracture,Brimstone,Loss,11,13,24,624,232,19,18,13,1,1.1,5.0,157.6,25.0,75.0,2,1,0
Drip#00000,Drip,00000,2026-06-23T14:59:11,Drip,00000,Immortal 2,Immortal 2,Ascendant 1,e519dc99-0c0b-40a3-9b39-64f21b26d2f4,"12/4/26, 14:45",Competitive,Bind,Chamber,Win,13,3,16,721,210,13,8,3,5,1.6,50.0,155.9,22.0,75.0,0,1,2
Drip#00000,Drip,00000,2026-06-23T14:59:11,Drip,00000,Immortal 2,Immortal 2,Diamond 2,40fc21b4-03aa-42c4-b1c5-2a6972d10245,"12/4/26, 14:08",Competitive,Fracture,Brimstone,Loss,9,13,22,367,181,12,17,10,-5,0.7,-2.0,130.0,29.0,59.0,3,2,0
Drip#00000,Drip,00000,2026-06-23T14:59:11,Drip,00000,Immortal 2,Immortal 2,Ascendant 1,e4d2845e-2d2b-4bae-9c20-794618bb3db1,"11/4/26, 17:37",Competitive,Breeze,Sova,Win,13,8,21,803,235,17,15,8,2,1.1,36.0,162.3,27.0,81.0,3,0,0
Drip#00000,Drip,00000,2026-06-23T14:59:11,Drip,00000,Immortal 2,Immortal 2,Diamond 2,afe329f7-7f47-4154-ab12-b8fbe449011b,"11/4/26, 17:01",Competitive,Haven,Chamber,Win,13,10,23,585,252,20,18,2,2,1.1,28.0,162.3,41.0,52.0,3,4,2
Drip#00000,Drip,00000,2026-06-23T14:59:11,Drip,00000,Immortal 2,Immortal 2,Ascendant 2,fca454b4-a7eb-4284-953c-806637a87391,"7/4/26, 4:26",Competitive,Breeze,Sova,Win,13,5,18,764,228,17,12,6,5,1.4,13.0,140.2,21.0,83.0,0,1,1
volten#333,volten,333,2026-06-23T15:05:12,volten,333,Immortal 2,Immortal 2,Immortal 1,d10cf657-367e-4fa8-b390-b6f24295294e,"22/6/26, 19:56",Competitive,Fracture,Tejo,Win,13,11,24,862,279,24,16,4,8,1.5,47.0,177.1,25.0,83.0,5,0,2
volten#333,volten,333,2026-06-23T15:05:12,volten,333,Immortal 2,Immortal 2,Immortal 1,3dafefd5-b1df-4a84-b915-d4004d980026,"15/6/26, 20:59",Competitive,Pearl,Chamber,Win,13,8,21,605,199,15,14,4,1,1.1,12.0,135.3,16.0,71.0,1,3,1
volten#333,volten,333,2026-06-23T15:05:12,volten,333,Immortal 2,Immortal 2,Ascendant 3,3225d9fe-0158-4cc5-82de-08e814aa66af,"10/6/26, 21:22",Competitive,Haven,Jett,Loss,9,13,22,535,239,18,19,1,-1,0.9,-2.0,143.6,24.0,68.0,6,4,1
volten#333,volten,333,2026-06-23T15:05:12,volten,333,Immortal 2,Immortal 2,Ascendant 3,2c302657-8b42-41af-895e-59584c4e577e,"2/6/26, 21:09",Competitive,Breeze,Jett,Loss,6,13,19,539,261,18,18,1,0,4.0,185.1,19.0,68.0,5.0,4,2,76
volten#333,volten,333,2026-06-23T15:05:12,volten,333,Immortal 2,Immortal 2,Immortal 1,ea3675f4-afd8-4e25-a5dd-2a0d7f4b7508,"2/6/26, 20:51",Competitive,Ascent,Phoenix,Loss,2,10,12,161,192,8,10,1,-2,0.8,-82.0,111.7,33.0,42.0,1,2,1
volten#333,volten,333,2026-06-23T15:05:12,volten,333,Immortal 2,Immortal 2,Immortal 1,ec8b7eb7-076c-43ee-b9c7-d880e615e07c,"1/6/26, 22:29",Competitive,Breeze,Jett,Win,13,4,17,498,120,8,8,1,0,-11.0,77.0,50.0,76.0,3.0,1,0,488
volten#333,volten,333,2026-06-23T15:05:12,volten,333,Immortal 2,Immortal 2,Ascendant 3,2cd37a24-9c86-45be-9122-c73f70351c7e,"1/6/26, 20:38",Competitive,Fracture,Chamber,Win,13,9,22,515,166,12,13,3,-1,0.9,7.0,122.5,32.0,68.0,1,4,0
volten#333,volten,333,2026-06-23T15:05:12,volten,333,Immortal 2,Immortal 2,Immortal 1,6b21f1e3-bd07-4bed-b7f3-fe7fab6f981d,"1/6/26, 20:08",Competitive,Split,Skye,Win,13,8,21,871,246,18,12,9,6,1.5,51.0,160.1,35.0,86.0,4,0,0
volten#333,volten,333,2026-06-23T15:05:12,volten,333,Immortal 2,Immortal 2,Ascendant 3,bd066891-1e30-4f50-af9b-89fac85493f6,"25/5/26, 22:17",Competitive,Pearl,Breach,Win,16,14,30,743,276,28,22,11,6,1.3,10.0,171.8,25.0,77.0,2,4,3
volten#333,volten,333,2026-06-23T15:05:12,volten,333,Immortal 2,Immortal 2,Immortal 1,09a2317d-d26d-4be9-81a2-a1255ae826f4,"22/5/26, 19:37",Competitive,Pearl,Vyse,Win,13,10,23,809,310,28,18,4,10,1.6,41.0,185.1,30.0,74.0,4,1,3
volten#333,volten,333,2026-06-23T15:05:12,volten,333,Immortal 2,Immortal 2,Immortal 1,e91c067b-8744-4ddf-b0cf-43bef72994d1,"22/5/26, 19:08",Competitive,Haven,Jett,Loss,5,13,18,199,149,7,16,5,-9,0.4,-47.0,106.6,20.0,61.0,0,4,0
volten#333,volten,333,2026-06-23T15:05:12,volten,333,Immortal 2,Immortal 2,Ascendant 3,d03d3acc-e823-460b-b21f-fac1b7c62492,"22/5/26, 18:33",Competitive,Haven,Jett,Win,13,11,24,868,307,30,14,1,16,2.1,66.0,193.5,28.0,79.0,1,3,3
volten#333,volten,333,2026-06-23T15:05:12,volten,333,Immortal 2,Immortal 2,Immortal 1,27eae2e3-6de8-416f-bb48-f52951dd24b4,"22/5/26, 18:06",Competitive,Lotus,Fade,Loss,4,13,17,100,91,5,15,6,-10,0.3,-88.0,59.8,25.0,59.0,0,2,0
volten#333,volten,333,2026-06-23T15:05:12,volten,333,Immortal 2,Immortal 2,Ascendant 3,7d28e871-de32-42c1-a301-acb1e6d1cd95,"22/5/26, 17:25",Competitive,Split,Chamber,Win,13,9,22,685,232,19,14,4,5,1.4,43.0,158.3,31.0,68.0,1,3,2
volten#333,volten,333,2026-06-23T15:05:12,volten,333,Immortal 2,Immortal 2,Ascendant 2,5de2d8d6-7ece-4470-9d90-d09380eef8d9,"19/5/26, 19:02",Competitive,Fracture,Phoenix,Loss,6,13,19,267,160,11,16,0,-5,0.7,-56.0,115.8,52.0,68.0,3,3,0
volten#333,volten,333,2026-06-23T15:05:12,volten,333,Immortal 2,Immortal 2,Ascendant 2,4203cff8-03e6-4e50-ad47-86e3699f9a12,"19/5/26, 18:30",Competitive,Ascent,Chamber,Loss,5,13,18,410,223,14,15,1,-1,0.9,-3.0,147.2,35.0,61.0,5,1,1
volten#333,volten,333,2026-06-23T15:05:12,volten,333,Immortal 2,Immortal 2,Ascendant 3,c6afdf03-5bd8-476a-af51-7eaaafb36131,"19/5/26, 17:52",Competitive,Ascent,Chamber,Loss,11,13,24,861,362,33,16,4,17,2.1,85.0,217.4,32.0,79.0,4,2,5
volten#333,volten,333,2026-06-23T15:05:12,volten,333,Immortal 2,Immortal 2,Ascendant 2,3569674d-2ded-48f1-b7a5-13cf6eccab41,"19/5/26, 17:14",Competitive,Pearl,Chamber,Loss,8,13,21,788,333,26,15,1,11,1.7,75.0,216.7,28.0,76.0,6,1,4
volten#333,volten,333,2026-06-23T15:05:12,volten,333,Immortal 2,Immortal 2,Immortal 1,01da02bb-c257-4229-a577-e9a52c858c4b,"18/5/26, 18:06",Competitive,Breeze,Chamber,Win,13,11,24,598,201,16,16,4,0,18.0,131.1,22.0,71.0,5.0,3,1,507
volten#333,volten,333,2026-06-23T15:05:12,volten,333,Immortal 2,Immortal 2,Immortal 1,e75a141c-3c09-431f-b347-a1021f647896,"18/5/26, 17:34",Competitive,Lotus,Fade,Win,13,5,18,827,228,16,8,10,8,2.0,56.0,152.7,27.0,83.0,2,1,1
uPSET#369,uPSET,369,2026-06-23T15:08:10,uPSET,369,Immortal 2,Immortal 2,Ascendant 3,dd9682b2-0a9f-49a8-8853-cb0da1ba9186,"17/6/26, 22:09",Competitive,Split,Raze,Loss,10,13,23,799,293,22,18,2,4,1.2,64.0,206.7,19.0,78.0,3,1,1
uPSET#369,uPSET,369,2026-06-23T15:08:10,uPSET,369,Immortal 2,Immortal 2,Ascendant 3,09674fed-2ea4-46a7-896a-12f08e056995,"17/6/26, 21:36",Competitive,Fracture,Jett,Win,13,7,20,963,285,21,10,3,11,2.1,89.0,180.0,35.0,95.0,6,1,0
uPSET#369,uPSET,369,2026-06-23T15:08:10,uPSET,369,Immortal 2,Immortal 2,Ascendant 3,bc995c3c-2cbf-4945-93ce-f81f622a911c,"17/6/26, 20:40",Competitive,Breeze,Jett,Loss,13,15,28,388,168,15,20,3,-5,0.8,-55.0,104.5,20.0,71.0,4,7,2
uPSET#369,uPSET,369,2026-06-23T15:08:10,uPSET,369,Immortal 2,Immortal 2,Immortal 1,7a4da087-e473-4c9c-a6d6-a0874d010414,"16/6/26, 22:39",Competitive,Lotus,Jett,Loss,13,15,28,635,279,25,24,7,1,1.0,5.0,169.3,24.0,68.0,9,3,2
uPSET#369,uPSET,369,2026-06-23T15:08:10,uPSET,369,Immortal 2,Immortal 2,Immortal 1,a0e1dfbf-8063-4d4f-841c-bd15ed5bc7d5,"16/6/26, 22:00",Competitive,Breeze,Jett,Loss,12,14,26,714,265,24,24,7,0,15.0,170.0,26.0,77.0,6.0,1,0,622
uPSET#369,uPSET,369,2026-06-23T15:08:10,uPSET,369,Immortal 2,Immortal 2,Immortal 1,579324a4-2e1c-411d-a0ee-5b875eefd471,"16/6/26, 21:32",Competitive,Pearl,Jett,Win,13,4,17,959,279,16,8,5,8,2.0,103.0,203.9,32.0,94.0,3,1,1
uPSET#369,uPSET,369,2026-06-23T15:08:10,uPSET,369,Immortal 2,Immortal 2,Immortal 1,532809ea-14de-4d31-b185-6f94530123ea,"14/6/26, 22:47",Competitive,Lotus,Raze,Win,14,12,26,672,239,22,21,1,1,1.1,-6.0,147.5,18.0,77.0,4,3,2
uPSET#369,uPSET,369,2026-06-23T15:08:10,uPSET,369,Immortal 2,Immortal 2,Immortal 1,0e525cd0-ed1d-4a11-9303-c2a2e9d5b66e,"14/6/26, 22:03",Competitive,Split,Deadlock,Win,13,10,23,658,242,22,15,4,7,1.5,45.0,163.3,19.0,65.0,0,2,3
uPSET#369,uPSET,369,2026-06-23T15:08:10,uPSET,369,Immortal 2,Immortal 2,Immortal 1,32c0a010-1fcd-400c-ba26-bc58bc69666e,"14/6/26, 21:22",Competitive,Breeze,Sova,Win,13,11,24,192,110,9,19,5,-10,0.5,-64.0,80.6,18.0,46.0,0,3,1
uPSET#369,uPSET,369,2026-06-23T15:08:10,uPSET,369,Immortal 2,Immortal 2,Immortal 1,07d4ea68-a7e2-40e8-a9d2-2a744969d6f8,"14/6/26, 20:49",Competitive,Split,Deadlock,Win,9,5,14,683,206,12,9,2,3,1.3,5.0,125.7,28.0,79.0,1,1,1
uPSET#369,uPSET,369,2026-06-23T15:08:10,uPSET,369,Immortal 2,Immortal 2,Ascendant 3,8a1557a1-f61f-4fbb-8861-6452188d246b,"14/6/26, 20:17",Competitive,Pearl,Phoenix,Loss,2,13,15,230,186,8,15,5,-7,0.5,-55.0,127.1,22.0,60.0,3,3,0
uPSET#369,uPSET,369,2026-06-23T15:08:10,uPSET,369,Immortal 2,Immortal 2,Immortal 1,f115c923-039b-4f08-89d1-f770ff55cdbf,"14/6/26, 19:31",Competitive,Breeze,Neon,Loss,11,13,24,395,162,13,20,4,-7,0.7,-55.0,100.2,23.0,75.0,7,3,0
uPSET#369,uPSET,369,2026-06-23T15:08:10,uPSET,369,Immortal 2,Immortal 2,Immortal 1,0cd999f8-8a9f-4c65-af4f-6ad32a0544ba,"14/6/26, 17:55",Competitive,Fracture,Jett,Win,13,9,22,703,250,19,14,2,5,1.4,37.0,155.3,26.0,68.0,6,2,2
uPSET#369,uPSET,369,2026-06-23T15:08:10,uPSET,369,Immortal 2,Immortal 2,Ascendant 3,0a4da166-167c-495a-ae09-48ca0a1ebce1,"14/6/26, 17:18",Competitive,Pearl,Phoenix,Loss,6,13,19,194,171,9,16,5,-7,0.6,-55.0,131.9,29.0,53.0,2,5,0
uPSET#369,uPSET,369,2026-06-23T15:08:10,uPSET,369,Immortal 2,Immortal 2,Immortal 1,a82ba1f6-45b4-46c1-a5f0-20361b508aa1,"14/6/26, 16:54",Competitive,Ascent,Phoenix,Win,13,3,16,891,289,16,9,6,7,1.8,59.0,198.2,36.0,81.0,2,1,3
uPSET#369,uPSET,369,2026-06-23T15:08:10,uPSET,369,Immortal 2,Immortal 2,Immortal 1,48a10f9b-6229-4125-a67a-26cf1014c5fe,"12/6/26, 23:18",Competitive,Ascent,Phoenix,Loss,9,13,22,754,308,24,16,3,8,1.5,33.0,205.3,31.0,77.0,1,1,2
uPSET#369,uPSET,369,2026-06-23T15:08:10,uPSET,369,Immortal 2,Immortal 2,Ascendant 3,b1ed8b8e-6aa1-4887-8a8c-d609f22575db,"12/6/26, 22:43",Competitive,Split,Raze,Win,13,7,20,947,332,22,13,8,9,1.7,64.0,216.1,16.0,85.0,4,1,4
uPSET#369,uPSET,369,2026-06-23T15:08:10,uPSET,369,Immortal 2,Immortal 2,Ascendant 3,e9c24d43-05e2-4832-bcbe-011e96864aac,"12/6/26, 22:07",Competitive,Haven,Cypher,Win,13,8,21,793,219,18,11,3,7,1.6,53.0,140.8,27.0,81.0,1,1,1
uPSET#369,uPSET,369,2026-06-23T15:08:10,uPSET,369,Immortal 2,Immortal 2,Ascendant 3,e6ea2a7c-e7e5-42cb-b24d-ee1bc047adca,"11/6/26, 20:30",Competitive,Breeze,Jett,Loss,9,13,22,728,331,24,19,3,5,1.3,36.0,197.8,39.0,73.0,7,3,3
uPSET#369,uPSET,369,2026-06-23T15:08:10,uPSET,369,Immortal 2,Immortal 2,Ascendant 2,b2cdb09a-d3da-45b8-a86a-036797e16642,"11/6/26, 13:51",Competitive,Split,Raze,Loss,10,13,23,710,280,22,15,6,7,1.5,71.0,202.2,23.0,70.0,2,4,4
xan#vic,xan,vic,2026-06-23T15:19:34,xan,vic,Ascendant 3,Ascendant 3,Ascendant 3,01252c21-cf00-49a3-ac59-d694c234aba6,"20/6/26, 18:48",Competitive,Breeze,Chamber,Win,13,5,18,686,215,13,14,4,-1,0.9,4.0,141.2,29.0,78.0,6,5,0
xan#vic,xan,vic,2026-06-23T15:19:34,xan,vic,Ascendant 3,Ascendant 3,Diamond 3,ae7c947a-d29d-4512-b01a-ab2f3c8b311d,"19/6/26, 13:24",Competitive,Split,Chamber,Win,13,1,14,739,220,11,8,2,3,1.4,21.0,143.9,16.0,79.0,1,2,1
xan#vic,xan,vic,2026-06-23T15:19:34,xan,vic,Ascendant 3,Ascendant 3,Diamond 2,282b651c-45e5-457a-a597-f7ced5157020,"19/6/26, 13:00",Competitive,Breeze,Chamber,Win,10,2,12,965,286,13,6,2,7,2.2,106.0,213.7,29.0,92.0,2,1,1
xan#vic,xan,vic,2026-06-23T15:19:34,xan,vic,Ascendant 3,Ascendant 3,Ascendant 2,3361df72-24e6-4118-ac5f-a3d99cb7dcc5,"19/6/26, 9:40",Competitive,Lotus,Chamber,Loss,2,13,15,308,216,11,15,0,-4,0.7,-18.0,151.1,30.0,53.0,2,1,0
xan#vic,xan,vic,2026-06-23T15:19:34,xan,vic,Ascendant 3,Ascendant 3,Ascendant 1,fa507343-4e0a-4ce0-b716-0420682707bb,"12/6/26, 22:20",Competitive,Pearl,Chamber,Win,13,6,19,539,169,12,9,4,3,1.3,19.0,110.9,26.0,68.0,2,2,0
xan#vic,xan,vic,2026-06-23T15:19:34,xan,vic,Ascendant 3,Ascendant 3,Ascendant 1,5e95549e-a3df-492b-8c8b-07985808c15e,"12/6/26, 21:44",Competitive,Split,Chamber,Win,13,11,24,419,185,14,17,2,-3,0.8,-20.0,127.1,19.0,62.0,1,1,0
xan#vic,xan,vic,2026-06-23T15:19:34,xan,vic,Ascendant 3,Ascendant 3,Ascendant 1,ea2d000b-fa85-442c-aa62-ac5370d24462,"12/6/26, 21:08",Competitive,Lotus,Chamber,Loss,9,13,22,660,308,24,16,4,8,1.5,59.0,199.6,17.0,64.0,4,1,4
xan#vic,xan,vic,2026-06-23T15:19:34,xan,vic,Ascendant 3,Ascendant 3,Ascendant 3,619f0050-e7d0-4049-942d-9e911f2b7393,"12/6/26, 0:26",Competitive,Breeze,Chamber,Win,13,10,23,490,183,16,17,3,-1,0.9,-20.0,121.0,31.0,70.0,3,3,1
xan#vic,xan,vic,2026-06-23T15:19:34,xan,vic,Ascendant 3,Ascendant 3,Ascendant 2,0af15034-8d48-4d24-b60a-c1577f9bbb29,"11/6/26, 23:41",Competitive,Fracture,Chamber,Loss,10,13,23,511,206,15,17,5,-2,0.9,1.0,137.8,22.0,70.0,2,5,2
xan#vic,xan,vic,2026-06-23T15:19:34,xan,vic,Ascendant 3,Ascendant 3,Ascendant 1,928f1128-d1f1-48f6-a39d-4c5d34ea1dde,"11/6/26, 22:57",Competitive,Haven,Clove,Win,13,11,24,785,290,26,20,7,6,1.3,11.0,187.7,33.0,79.0,3,1,3
xan#vic,xan,vic,2026-06-23T15:19:34,xan,vic,Ascendant 3,Ascendant 3,Ascendant 1,9fcf60c0-e252-4096-99b0-dcf1f6d686df,"11/6/26, 22:18",Competitive,Fracture,Chamber,Win,13,10,23,968,316,27,16,1,11,1.7,78.0,210.2,40.0,91.0,4,2,3
xan#vic,xan,vic,2026-06-23T15:19:34,xan,vic,Ascendant 3,Ascendant 3,Ascendant 1,8b616189-c361-4d09-ae2e-b373ca984bc9,"11/6/26, 21:37",Competitive,Split,Chamber,Win,13,10,23,498,189,16,17,4,-1,0.9,1.0,129.6,26.0,65.0,4,7,0
xan#vic,xan,vic,2026-06-23T15:19:34,xan,vic,Ascendant 3,Ascendant 3,Ascendant 1,4f9be7f4-38f9-472f-ab57-087458327dd2,"11/6/26, 20:59",Competitive,Ascent,Clove,Loss,9,13,22,477,228,17,21,7,-4,0.8,-19.0,160.7,36.0,68.0,2,0,0
xan#vic,xan,vic,2026-06-23T15:19:34,xan,vic,Ascendant 3,Ascendant 3,Ascendant 2,ad0f779f-fbe0-4f3e-b255-28c567d5e0b5,"11/6/26, 19:22",Competitive,Breeze,Chamber,Loss,8,13,21,477,215,15,16,2,-1,0.9,-18.0,137.8,21.0,71.0,3,3,1
xan#vic,xan,vic,2026-06-23T15:19:34,xan,vic,Ascendant 3,Ascendant 3,Ascendant 1,da4fb0c4-11a8-48a0-9811-933587f32f68,"11/6/26, 18:40",Competitive,Breeze,Chamber,Win,13,10,23,826,323,26,17,3,9,1.5,51.0,192.0,28.0,74.0,9,2,1
xan#vic,xan,vic,2026-06-23T15:19:34,xan,vic,Ascendant 3,Ascendant 3,Ascendant 1,417fc343-1fb0-4a77-a33b-fcfc8bfd2cdb,"11/6/26, 18:08",Competitive,Lotus,Chamber,Win,13,5,18,886,304,20,9,1,11,2.2,70.0,182.1,16.0,78.0,7,2,2
xan#vic,xan,vic,2026-06-23T15:19:34,xan,vic,Ascendant 3,Ascendant 3,Ascendant 3,c70dcbb3-666d-43ca-8e73-dda735019e48,"10/6/26, 11:55",Competitive,Ascent,Chamber,Loss,9,13,22,211,141,11,17,1,-6,0.7,-27.0,106.7,22.0,45.0,1,4,1
xan#vic,xan,vic,2026-06-23T15:19:34,xan,vic,Ascendant 3,Ascendant 3,Ascendant 2,0abc89bb-3910-4d3f-8383-4ffca4166c59,"10/6/26, 11:15",Competitive,Haven,Chamber,Loss,10,13,23,619,250,19,19,4,0,21.0,165.0,18.0,70.0,3.0,1,1,112
xan#vic,xan,vic,2026-06-23T15:19:34,xan,vic,Ascendant 3,Ascendant 3,Ascendant 2,6819603a-202b-4ba0-bb33-38f54fdf92b6,"10/6/26, 10:48",Competitive,Pearl,Chamber,Loss,4,13,17,698,276,15,15,5,0,18.0,183.8,26.0,82.0,4.0,2,1,174
xan#vic,xan,vic,2026-06-23T15:19:34,xan,vic,Ascendant 3,Ascendant 3,Ascendant 1,37ebaa7e-4fed-4da9-a796-fa6f97670a0e,"10/6/26, 10:00",Competitive,Lotus,Chamber,Loss,12,14,26,681,217,22,19,6,3,1.2,17.0,150.0,36.0,81.0,6,2,0
Valentino7880#3521,Valentino7880,3521,2026-06-23T15:22:31,Valentino7880,3521,Ascendant 2,Ascendant 2,Diamond 2,4270ee14-73c6-4cc5-9b18-7ba5c1828fcc,"23/6/26, 7:27",Competitive,Breeze,Jett,Win,15,13,28,721,225,23,18,5,5,1.3,26.0,156.4,40.0,79.0,3,2,0
Valentino7880#3521,Valentino7880,3521,2026-06-23T15:22:31,Valentino7880,3521,Ascendant 2,Ascendant 2,Ascendant 2,1505bdb2-4656-48e5-ade4-3c19ea076561,"22/6/26, 12:00",Competitive,Lotus,Chamber,Win,13,10,23,708,219,18,14,3,4,1.3,46.0,152.7,41.0,74.0,3,4,2
Valentino7880#3521,Valentino7880,3521,2026-06-23T15:22:31,Valentino7880,3521,Ascendant 2,Ascendant 2,Ascendant 2,2d8e2c32-163c-4229-b708-c4aa0ebc52c6,"21/6/26, 22:49",Competitive,Ascent,Jett,Loss,7,13,20,134,105,7,15,3,-8,0.5,-41.0,83.3,30.0,50.0,0,5,1
Valentino7880#3521,Valentino7880,3521,2026-06-23T15:22:31,Valentino7880,3521,Ascendant 2,Ascendant 2,Diamond 3,272f12d3-2e08-457b-8ddb-65998f7af0e0,"21/6/26, 4:30",Competitive,Split,Chamber,Loss,12,14,26,783,270,26,17,3,9,1.5,34.0,177.3,38.0,81.0,2,1,3
Valentino7880#3521,Valentino7880,3521,2026-06-23T15:22:31,Valentino7880,3521,Ascendant 2,Ascendant 2,Ascendant 2,3e42a1af-ee1a-4f4f-89ab-802d8ee8ea1f,"21/6/26, 3:49",Competitive,Breeze,Chamber,Loss,12,14,26,565,177,18,16,2,2,1.1,-6.0,116.9,29.0,81.0,2,5,1
Valentino7880#3521,Valentino7880,3521,2026-06-23T15:22:31,Valentino7880,3521,Ascendant 2,Ascendant 2,Ascendant 2,b84fc6d6-90d7-44ce-974f-412f6c409ac9,"21/6/26, 3:26",Competitive,Haven,Jett,Loss,1,13,14,321,239,11,14,1,-3,0.8,-25.0,160.3,58.0,50.0,1,1,1
Valentino7880#3521,Valentino7880,3521,2026-06-23T15:22:31,Valentino7880,3521,Ascendant 2,Ascendant 2,Ascendant 2,d2214c51-f39c-4a66-b36b-9173fe326e7f,"21/6/26, 2:45",Competitive,Ascent,Jett,Win,13,10,23,675,227,19,13,3,6,1.5,39.0,156.7,30.0,70.0,2,4,2
Valentino7880#3521,Valentino7880,3521,2026-06-23T15:22:31,Valentino7880,3521,Ascendant 2,Ascendant 2,Ascendant 2,1e36f203-9216-4755-9544-b8ee98e69e01,"21/6/26, 2:01",Competitive,Breeze,Jett,Loss,13,15,28,449,200,19,20,5,-1,0.9,-15.0,129.0,33.0,64.0,3,4,1
Valentino7880#3521,Valentino7880,3521,2026-06-23T15:22:31,Valentino7880,3521,Ascendant 2,Ascendant 2,Diamond 1,02d6f712-4287-4f85-a16a-23b3a019d0a2,"21/6/26, 1:21",Competitive,Lotus,Chamber,Loss,11,13,24,780,307,28,14,3,14,2.0,54.0,187.5,43.0,75.0,6,0,2
Valentino7880#3521,Valentino7880,3521,2026-06-23T15:22:31,Valentino7880,3521,Ascendant 2,Ascendant 2,Ascendant 2,be2a217b-fc62-4f2e-9b3a-73b6ca72a6cd,"20/6/26, 22:49",Competitive,Lotus,Fade,Win,14,12,26,419,162,16,19,5,-3,0.8,-27.0,102.3,37.0,69.0,0,5,1
Valentino7880#3521,Valentino7880,3521,2026-06-23T15:22:31,Valentino7880,3521,Ascendant 2,Ascendant 2,Diamond 3,ba00b673-f860-498c-91ca-3f847ca1c5d5,"20/6/26, 22:15",Competitive,Split,Chamber,Loss,10,13,23,867,294,26,16,3,10,1.6,66.0,195.9,22.0,87.0,2,1,4
Valentino7880#3521,Valentino7880,3521,2026-06-23T15:22:31,Valentino7880,3521,Ascendant 2,Ascendant 2,Diamond 3,c3de2fbc-2a51-4e0b-b2bd-766106f1d5fa,"20/6/26, 21:41",Competitive,Breeze,Chamber,Win,13,7,20,817,288,23,11,0,12,2.1,44.0,171.3,31.0,75.0,4,1,2
Valentino7880#3521,Valentino7880,3521,2026-06-23T15:22:31,Valentino7880,3521,Ascendant 2,Ascendant 2,Ascendant 2,3f8d87e7-32d1-4274-b6ae-731d3fe342bb,"20/6/26, 2:40",Competitive,Haven,Jett,Loss,6,13,19,526,248,17,15,4,2,1.1,5.0,163.3,50.0,68.0,5,1,2
Valentino7880#3521,Valentino7880,3521,2026-06-23T15:22:31,Valentino7880,3521,Ascendant 2,Ascendant 2,Ascendant 2,d13d9876-e0e0-4526-8a09-b7baeac6ac3d,"20/6/26, 0:14",Competitive,Ascent,Sova,Win,13,8,21,390,148,10,14,8,-4,0.7,-16.0,103.1,37.0,62.0,1,0,1
Valentino7880#3521,Valentino7880,3521,2026-06-23T15:22:31,Valentino7880,3521,Ascendant 2,Ascendant 2,Ascendant 2,09a459f8-a908-4c3a-a4e4-955b1cdaa1ba,"19/6/26, 23:46",Competitive,Pearl,Phoenix,Loss,4,13,17,276,178,10,13,5,-3,0.8,-21.0,131.2,19.0,59.0,1,0,1
Valentino7880#3521,Valentino7880,3521,2026-06-23T15:22:31,Valentino7880,3521,Ascendant 2,Ascendant 2,Ascendant 2,b080093b-fc7d-489d-bc9f-f4dc778c149f,"19/6/26, 23:13",Competitive,Lotus,Fade,Loss,6,13,19,798,336,22,15,7,7,1.5,82.0,234.1,39.0,79.0,1,2,2
Valentino7880#3521,Valentino7880,3521,2026-06-23T15:22:31,Valentino7880,3521,Ascendant 2,Ascendant 2,Ascendant 2,b97dee55-6fb1-4129-8894-4f88fd35fcb2,"18/6/26, 22:41",Competitive,Breeze,Chamber,Win,13,6,19,688,202,14,14,2,0,-12.0,125.2,40.0,84.0,1.0,2,2,776
Valentino7880#3521,Valentino7880,3521,2026-06-23T15:22:31,Valentino7880,3521,Ascendant 2,Ascendant 2,Ascendant 2,a7ce99cb-885d-4883-91ee-3b8f594e42a1,"18/6/26, 21:54",Competitive,Breeze,Chamber,Loss,13,15,28,626,212,20,22,8,-2,0.9,11.0,150.6,21.0,75.0,1,4,2
Valentino7880#3521,Valentino7880,3521,2026-06-23T15:22:31,Valentino7880,3521,Ascendant 2,Ascendant 2,Ascendant 1,d7bbadd4-3dce-430b-9363-32e673860b07,"18/6/26, 21:00",Competitive,Haven,Phoenix,Win,15,13,28,405,191,19,22,5,-3,0.9,-56.0,115.5,33.0,68.0,2,4,1
Valentino7880#3521,Valentino7880,3521,2026-06-23T15:22:31,Valentino7880,3521,Ascendant 2,Ascendant 2,Ascendant 1,1e5d7efb-e9b7-470d-abfb-1bd2ee0faf02,"15/6/26, 8:34",Competitive,Lotus,Chamber,Loss,10,13,23,510,202,17,16,3,1,1.1,4.0,136.3,44.0,70.0,2,0,2
Kishi#Kaise,Kishi,Kaise,2026-06-23T15:28:32,Kishi,Kaise,Ascendant 3,Ascendant 3,Ascendant 3,ea139f9c-b7e7-4198-b152-dcf8be9287b1,"22/6/26, 22:40",Competitive,Split,Sage,Win,13,6,19,968,298,19,11,11,8,1.7,96.0,209.0,26.0,89.0,1,0,2
Kishi#Kaise,Kishi,Kaise,2026-06-23T15:28:32,Kishi,Kaise,Ascendant 3,Ascendant 3,Ascendant 3,9ad242d5-cedb-4534-8497-c0f163c3a4c0,"22/6/26, 22:02",Competitive,Fracture,Tejo,Win,13,11,24,755,229,19,16,6,3,1.2,36.0,154.0,21.0,79.0,2,2,0
Kishi#Kaise,Kishi,Kaise,2026-06-23T15:28:32,Kishi,Kaise,Ascendant 3,Ascendant 3,Ascendant 2,1dfa426d-2adb-436a-9adb-0cf914179149,"20/6/26, 19:40",Competitive,Lotus,Raze,Loss,4,13,17,151,132,7,14,2,-7,0.5,-35.0,105.3,33.0,53.0,0,2,0
Kishi#Kaise,Kishi,Kaise,2026-06-23T15:28:32,Kishi,Kaise,Ascendant 3,Ascendant 3,Ascendant 2,3d236085-8491-4ebb-95f4-847309628fa1,"17/6/26, 22:14",Competitive,Lotus,Raze,Loss,10,13,23,536,237,19,18,2,1,1.1,10.0,152.5,33.0,65.0,4,6,1
Kishi#Kaise,Kishi,Kaise,2026-06-23T15:28:32,Kishi,Kaise,Ascendant 3,Ascendant 3,Ascendant 3,84915790-b521-494d-97d8-50a2cf6b4e4a,"17/6/26, 18:49",Competitive,Pearl,Fade,Win,13,8,21,765,225,17,12,7,5,1.4,52.0,158.0,20.0,76.0,1,1,1
Kishi#Kaise,Kishi,Kaise,2026-06-23T15:28:32,Kishi,Kaise,Ascendant 3,Ascendant 3,Ascendant 2,1277f3c5-21fc-42f2-bfc8-59b9847262c1,"17/6/26, 0:13",Competitive,Fracture,Chamber,Win,13,9,22,822,291,23,11,1,12,2.1,64.0,179.7,17.0,73.0,5,0,3
Kishi#Kaise,Kishi,Kaise,2026-06-23T15:28:32,Kishi,Kaise,Ascendant 3,Ascendant 3,Ascendant 1,e2cbe446-4a18-47d5-be12-37b5bd25cb5b,"16/6/26, 23:41",Competitive,Breeze,Jett,Win,13,4,17,655,188,13,11,5,2,1.2,-6.0,128.1,13.0,82.0,1,1,1
Kishi#Kaise,Kishi,Kaise,2026-06-23T15:28:32,Kishi,Kaise,Ascendant 3,Ascendant 3,Ascendant 2,d0fc03f0-9f6a-4669-aa9b-6349118da29c,"16/6/26, 23:03",Competitive,Breeze,Jett,Loss,11,13,24,607,242,20,18,3,2,1.1,34.0,158.7,37.0,67.0,5,2,3
Kishi#Kaise,Kishi,Kaise,2026-06-23T15:28:32,Kishi,Kaise,Ascendant 3,Ascendant 3,Ascendant 2,fb7da14d-7b0c-4367-a18b-df2c046162e2,"16/6/26, 22:23",Competitive,Haven,Phoenix,Win,13,11,24,364,178,14,19,1,-5,0.7,-30.0,122.1,17.0,58.0,4,9,0
Kishi#Kaise,Kishi,Kaise,2026-06-23T15:28:32,Kishi,Kaise,Ascendant 3,Ascendant 3,Ascendant 1,b6bc95fa-7fa7-4aac-8ca1-521792210c72,"14/6/26, 14:48",Competitive,Split,Sage,Loss,5,13,18,399,208,11,16,10,-5,0.7,-14.0,155.4,27.0,67.0,4,2,0
Kishi#Kaise,Kishi,Kaise,2026-06-23T15:28:32,Kishi,Kaise,Ascendant 3,Ascendant 3,Ascendant 2,8d1b5867-4ff2-47cf-8fd4-a8aecbc015fc,"14/6/26, 13:49",Competitive,Pearl,Fade,Win,13,11,24,558,224,19,17,3,2,1.1,0.0,132.9,43.0,67.0,4,2,1
Kishi#Kaise,Kishi,Kaise,2026-06-23T15:28:32,Kishi,Kaise,Ascendant 3,Ascendant 3,Diamond 3,b445cfe7-5bd7-475a-af07-29f0ae1bd1d9,"10/6/26, 19:42",Competitive,Pearl,Fade,Loss,6,13,19,593,258,16,15,3,1,1.1,38.0,172.8,36.0,68.0,2,0,1
Kishi#Kaise,Kishi,Kaise,2026-06-23T15:28:32,Kishi,Kaise,Ascendant 3,Ascendant 3,Ascendant 1,7f69f689-4c1d-46ca-bd18-f7a68c0793a0,"10/6/26, 19:05",Competitive,Breeze,Viper,Loss,8,13,21,310,185,13,17,3,-4,0.8,-21.0,121.9,44.0,57.0,4,4,0
Kishi#Kaise,Kishi,Kaise,2026-06-23T15:28:32,Kishi,Kaise,Ascendant 3,Ascendant 3,Diamond 3,da048d61-3438-4090-9a7f-0e623b7ae682,"4/6/26, 21:01",Competitive,Split,Jett,Loss,6,13,19,739,295,21,16,3,5,1.3,41.0,195.8,33.0,79.0,4,2,2
Kishi#Kaise,Kishi,Kaise,2026-06-23T15:28:32,Kishi,Kaise,Ascendant 3,Ascendant 3,Ascendant 2,b92788ce-c642-4a79-aa14-49332242c684,"19/5/26, 20:24",Competitive,Breeze,Jett,Loss,9,13,22,498,239,17,17,3,0,15.0,152.1,31.0,59.0,4.0,7,2,331
Kishi#Kaise,Kishi,Kaise,2026-06-23T15:28:32,Kishi,Kaise,Ascendant 3,Ascendant 3,Ascendant 1,be0a8d70-ecc0-42ca-af86-eaf00e31b45b,"19/5/26, 19:51",Competitive,Fracture,Reyna,Win,13,8,21,911,302,22,13,6,9,1.7,77.0,206.3,30.0,81.0,1,1,1
Kishi#Kaise,Kishi,Kaise,2026-06-23T15:28:32,Kishi,Kaise,Ascendant 3,Ascendant 3,Ascendant 2,0cc574f3-3983-4980-b669-3f902528308b,"19/5/26, 19:30",Competitive,Pearl,Reyna,Loss,1,13,14,397,275,12,13,0,-1,0.9,-21.0,169.2,23.0,57.0,1,1,1
Kishi#Kaise,Kishi,Kaise,2026-06-23T15:28:32,Kishi,Kaise,Ascendant 3,Ascendant 3,Ascendant 3,17b72ee5-8885-46f8-b1a6-1b6c1b2e6d2c,"19/5/26, 19:05",Competitive,Haven,Jett,Loss,2,13,15,100,89,4,14,2,-10,0.3,-104.0,57.6,26.0,53.0,3,2,0
Kishi#Kaise,Kishi,Kaise,2026-06-23T15:28:32,Kishi,Kaise,Ascendant 3,Ascendant 3,Ascendant 3,88eb3564-4b0b-4006-9621-c543c1c09bc6,"18/5/26, 19:42",Competitive,Haven,Sova,Loss,8,13,21,663,224,15,17,6,-2,0.9,21.0,157.4,44.0,81.0,3,2,1
Kishi#Kaise,Kishi,Kaise,2026-06-23T15:28:32,Kishi,Kaise,Ascendant 3,Ascendant 3,Ascendant 3,2bf2d76d-0315-49b4-baf3-b7cb410f1362,"16/5/26, 19:55",Competitive,Fracture,Reyna,Loss,8,13,21,481,208,15,19,3,-4,0.8,-12.0,151.0,19.0,71.0,1,5,0
ibuprofen0#mshll,ibuprofen0,mshll,2026-06-23T15:31:29,ibuprofen0,mshll,Ascendant 3,Ascendant 3,Ascendant 3,dd1d2f46-35f7-47f9-b95a-efbcf274ffb3,"23/6/26, 5:01",Competitive,Breeze,Chamber,Loss,6,13,19,519,252,16,14,5,2,1.1,-3.0,162.5,23.0,68.0,2,2,0
ibuprofen0#mshll,ibuprofen0,mshll,2026-06-23T15:31:29,ibuprofen0,mshll,Ascendant 3,Ascendant 3,Ascendant 2,712cc29e-7605-44a6-bbd8-25de0bc0cc07,"23/6/26, 4:22",Competitive,Lotus,Clove,Loss,11,13,24,442,169,15,19,7,-4,0.8,-34.0,109.3,24.0,75.0,1,0,0
ibuprofen0#mshll,ibuprofen0,mshll,2026-06-23T15:31:29,ibuprofen0,mshll,Ascendant 3,Ascendant 3,Ascendant 1,ee2ea446-235b-4afd-87f5-0fd7aad59f6e,"23/6/26, 3:49",Competitive,Haven,Phoenix,Win,13,7,20,543,237,16,15,6,1,1.1,-49.0,156.1,24.0,70.0,1,3,2
ibuprofen0#mshll,ibuprofen0,mshll,2026-06-23T15:31:29,ibuprofen0,mshll,Ascendant 3,Ascendant 3,Diamond 3,b602238c-abf9-4134-b209-3673325410c5,"23/6/26, 3:16",Competitive,Breeze,Chamber,Win,13,7,20,614,236,17,15,1,2,1.1,12.0,148.8,35.0,65.0,2,2,2
ibuprofen0#mshll,ibuprofen0,mshll,2026-06-23T15:31:29,ibuprofen0,mshll,Ascendant 3,Ascendant 3,Ascendant 2,f6336240-8e1a-449a-9be4-61b1f717d47d,"22/6/26, 22:53",Competitive,Ascent,Sova,Win,13,10,23,667,208,16,15,6,1,1.1,7.0,138.7,24.0,78.0,1,1,1
ibuprofen0#mshll,ibuprofen0,mshll,2026-06-23T15:31:29,ibuprofen0,mshll,Ascendant 3,Ascendant 3,Ascendant 3,a2611af2-31e3-4798-9811-8072304a3f14,"22/6/26, 22:08",Competitive,Split,Chamber,Win,13,8,21,757,248,19,15,4,4,1.3,22.0,165.1,28.0,76.0,2,2,1
ibuprofen0#mshll,ibuprofen0,mshll,2026-06-23T15:31:29,ibuprofen0,mshll,Ascendant 3,Ascendant 3,Ascendant 2,067d8b6d-0ff1-4d37-b4c9-0ceb07ccaa13,"22/6/26, 21:28",Competitive,Breeze,Chamber,Loss,11,13,24,706,301,25,18,3,7,1.4,28.0,191.6,23.0,71.0,3,2,4
ibuprofen0#mshll,ibuprofen0,mshll,2026-06-23T15:31:29,ibuprofen0,mshll,Ascendant 3,Ascendant 3,Ascendant 1,dbe3f20d-725e-4867-8106-1286bae8e5ed,"20/6/26, 5:42",Competitive,Haven,Phoenix,Loss,8,13,21,618,307,23,16,4,7,1.4,22.0,199.5,39.0,67.0,3,4,3
ibuprofen0#mshll,ibuprofen0,mshll,2026-06-23T15:31:29,ibuprofen0,mshll,Ascendant 3,Ascendant 3,Ascendant 3,24e51563-4cc9-44ce-badd-3611ddb72204,"20/6/26, 1:48",Competitive,Haven,Clove,Loss,9,13,22,647,261,19,21,7,-2,0.9,-24.0,168.9,32.0,82.0,3,5,2
ibuprofen0#mshll,ibuprofen0,mshll,2026-06-23T15:31:29,ibuprofen0,mshll,Ascendant 3,Ascendant 3,Diamond 1,deaf2ca4-70a4-4c9f-b00e-0177a0f48bd7,"20/6/26, 0:45",Competitive,Pearl,Clove,Win,15,13,28,879,349,34,24,13,10,1.4,45.0,228.4,26.0,82.0,6,2,4
ibuprofen0#mshll,ibuprofen0,mshll,2026-06-23T15:31:29,ibuprofen0,mshll,Ascendant 3,Ascendant 3,Ascendant 2,d13d9876-e0e0-4526-8a09-b7baeac6ac3d,"20/6/26, 0:14",Competitive,Ascent,Omen,Loss,8,13,21,506,178,13,16,8,-3,0.8,-19.0,110.3,26.0,81.0,1,3,1
ibuprofen0#mshll,ibuprofen0,mshll,2026-06-23T15:31:29,ibuprofen0,mshll,Ascendant 3,Ascendant 3,Ascendant 2,c1ff4fdb-972e-46b2-8e85-41f89f4538ac,"19/6/26, 23:42",Competitive,Breeze,Chamber,Win,13,10,23,718,261,23,15,1,8,1.5,12.0,146.0,22.0,74.0,5,1,4
ibuprofen0#mshll,ibuprofen0,mshll,2026-06-23T15:31:29,ibuprofen0,mshll,Ascendant 3,Ascendant 3,Diamond 3,f95a2202-9d59-4cd0-b244-a9a8dc40b3b0,"19/6/26, 21:14",Competitive,Lotus,Clove,Loss,8,13,21,248,169,10,20,8,-10,0.5,-61.0,117.7,28.0,62.0,0,4,1
ibuprofen0#mshll,ibuprofen0,mshll,2026-06-23T15:31:29,ibuprofen0,mshll,Ascendant 3,Ascendant 3,Ascendant 1,3e21b035-5786-4317-bbf2-bd2ef13af214,"19/6/26, 0:16",Competitive,Haven,Clove,Win,13,10,23,743,276,20,20,9,0,-4.0,170.4,20.0,78.0,1.0,3,2,758
ibuprofen0#mshll,ibuprofen0,mshll,2026-06-23T15:31:29,ibuprofen0,mshll,Ascendant 3,Ascendant 3,Ascendant 2,4677c75c-ca92-4cd3-8ab0-3c6d30e23e08,"18/6/26, 23:37",Competitive,Lotus,Clove,Win,13,10,23,815,276,22,20,10,2,1.1,11.0,187.2,32.0,83.0,2,2,2
ibuprofen0#mshll,ibuprofen0,mshll,2026-06-23T15:31:29,ibuprofen0,mshll,Ascendant 3,Ascendant 3,Ascendant 2,22cc07a6-5a12-4f85-bb32-1332181b7236,"18/6/26, 20:18",Competitive,Haven,Clove,Loss,6,13,19,763,358,25,20,4,5,1.2,14.0,220.7,38.0,84.0,3,3,4
ibuprofen0#mshll,ibuprofen0,mshll,2026-06-23T15:31:29,ibuprofen0,mshll,Ascendant 3,Ascendant 3,Diamond 3,b190cd11-4892-4360-abbe-7ff0b2a11314,"18/6/26, 19:46",Competitive,Pearl,Chamber,Win,13,7,20,800,270,20,12,5,8,1.7,46.0,175.4,26.0,75.0,5,1,2
ibuprofen0#mshll,ibuprofen0,mshll,2026-06-23T15:31:29,ibuprofen0,mshll,Ascendant 3,Ascendant 3,Diamond 1,6c2b0603-67bb-44b4-a98e-c12118ebaa3b,"18/6/26, 5:08",Competitive,Fracture,Chamber,Loss,7,13,20,312,185,11,18,4,-7,0.6,-24.0,133.0,13.0,60.0,4,3,0
ibuprofen0#mshll,ibuprofen0,mshll,2026-06-23T15:31:29,ibuprofen0,mshll,Ascendant 3,Ascendant 3,Ascendant 3,5946ffe7-9a09-4384-b666-3c09df2ab733,"18/6/26, 4:31",Competitive,Split,Chamber,Win,13,10,23,591,205,16,14,1,2,1.1,11.0,127.9,21.0,70.0,6,1,0
ibuprofen0#mshll,ibuprofen0,mshll,2026-06-23T15:31:29,ibuprofen0,mshll,Ascendant 3,Ascendant 3,Ascendant 1,74c6b55c-f071-4791-9ec9-e3d6bd0ab51a,"18/6/26, 3:54",Competitive,Fracture,Chamber,Loss,9,13,22,582,251,21,18,2,3,1.2,16.0,167.6,33.0,68.0,3,1,1
Reynoru#Hwk,Reynoru,Hwk,2026-06-23T15:34:26,Reynoru,Hwk,Ascendant 2,Ascendant 2,Diamond 3,3257a76a-b81c-4f84-a300-ce63e6c2bfc1,"22/6/26, 1:13",Competitive,Lotus,Jett,Win,13,10,23,967,371,29,18,6,11,1.6,86.0,236.0,33.0,87.0,10,2,2
Reynoru#Hwk,Reynoru,Hwk,2026-06-23T15:34:26,Reynoru,Hwk,Ascendant 2,Ascendant 2,Ascendant 1,f23feac7-3446-475d-9055-6416d3438d75,"21/6/26, 2:02",Competitive,Ascent,Astra,Win,13,10,23,329,108,8,14,8,-6,0.6,-31.0,77.3,21.0,65.0,1,3,0
Reynoru#Hwk,Reynoru,Hwk,2026-06-23T15:34:26,Reynoru,Hwk,Ascendant 2,Ascendant 2,Ascendant 1,41be042e-61d2-41bc-b102-daba87d258f5,"21/6/26, 1:36",Competitive,Fracture,Reyna,Loss,4,13,17,497,312,18,15,1,3,1.2,24.0,190.8,28.0,47.0,3,4,3
Reynoru#Hwk,Reynoru,Hwk,2026-06-23T15:34:26,Reynoru,Hwk,Ascendant 2,Ascendant 2,Ascendant 1,03f97cc8-dd66-4ce4-8bf1-1e362eba645c,"21/6/26, 0:54",Competitive,Split,Skye,Win,13,7,20,501,135,10,13,10,-3,0.8,-34.0,92.3,41.0,80.0,0,1,0
Reynoru#Hwk,Reynoru,Hwk,2026-06-23T15:34:26,Reynoru,Hwk,Ascendant 2,Ascendant 2,Diamond 3,ecabf2ff-91ab-4b21-b483-161621b2eca9,"21/6/26, 0:26",Competitive,Pearl,Unknown,Loss,3,13,16,310,208,11,14,3,-3,0.8,-20.0,143.8,50.0,56.0,3,3,2
Reynoru#Hwk,Reynoru,Hwk,2026-06-23T15:34:26,Reynoru,Hwk,Ascendant 2,Ascendant 2,Diamond 3,270c9995-a0e5-4fa8-b5b3-680fa9cb395d,"20/6/26, 20:48",Competitive,Haven,Sova,Loss,7,13,20,214,135,9,15,5,-6,0.6,-36.0,103.8,16.0,60.0,1,1,0
Reynoru#Hwk,Reynoru,Hwk,2026-06-23T15:34:26,Reynoru,Hwk,Ascendant 2,Ascendant 2,Diamond 3,19d91e5f-08a8-4ab4-94cc-209e1ce086d7,"19/6/26, 23:58",Competitive,Haven,Unknown,Loss,8,13,21,355,169,11,15,12,-4,0.7,-2.0,124.2,24.0,62.0,2,3,0
Reynoru#Hwk,Reynoru,Hwk,2026-06-23T15:34:26,Reynoru,Hwk,Ascendant 2,Ascendant 2,Ascendant 2,96c18c47-5123-4d49-a720-501e154c0ac3,"19/6/26, 23:22",Competitive,Ascent,Chamber,Loss,6,13,19,149,158,8,17,3,-9,0.5,-58.0,110.1,9.0,42.0,2,5,0
Reynoru#Hwk,Reynoru,Hwk,2026-06-23T15:34:26,Reynoru,Hwk,Ascendant 2,Ascendant 2,Ascendant 2,055b56cf-b09d-4802-87ca-5db4e404f16b,"19/6/26, 18:40",Competitive,Lotus,Reyna,Loss,6,13,19,268,145,8,14,6,-6,0.6,-23.0,107.6,19.0,63.0,0,0,0
Reynoru#Hwk,Reynoru,Hwk,2026-06-23T15:34:26,Reynoru,Hwk,Ascendant 2,Ascendant 2,Ascendant 1,332a9bd9-177c-4d26-a11c-4941f6b87fe3,"18/6/26, 21:21",Competitive,Breeze,Sova,Loss,9,13,22,176,139,11,20,9,-9,0.6,-66.0,85.1,19.0,55.0,0,3,0
Reynoru#Hwk,Reynoru,Hwk,2026-06-23T15:34:26,Reynoru,Hwk,Ascendant 2,Ascendant 2,Ascendant 2,f9eb7daf-baab-4a04-97e2-a51af552b841,"18/6/26, 20:35",Competitive,Lotus,Chamber,Win,15,13,28,388,152,15,20,3,-5,0.8,-26.0,101.4,38.0,68.0,2,3,1
Reynoru#Hwk,Reynoru,Hwk,2026-06-23T15:34:26,Reynoru,Hwk,Ascendant 2,Ascendant 2,Ascendant 2,1a0c7acc-f216-4e10-9620-64790e894c4c,"18/6/26, 20:05",Competitive,Pearl,Chamber,Loss,3,13,16,176,169,10,14,2,-4,0.7,-38.0,126.6,18.0,44.0,1,4,2
Reynoru#Hwk,Reynoru,Hwk,2026-06-23T15:34:26,Reynoru,Hwk,Ascendant 2,Ascendant 2,Ascendant 2,505daea3-75e2-400e-af2c-9f62a5668ac0,"17/6/26, 22:39",Competitive,Haven,Sova,Win,13,2,15,916,257,13,7,4,6,1.9,87.0,171.4,31.0,87.0,4,1,1
Reynoru#Hwk,Reynoru,Hwk,2026-06-23T15:34:26,Reynoru,Hwk,Ascendant 2,Ascendant 2,Ascendant 2,e8749710-3a42-44a6-9e95-0ee1a191bed3,"17/6/26, 22:14",Competitive,Split,Chamber,Win,13,4,17,593,157,10,9,4,1,1.1,50.0,140.9,28.0,71.0,2,2,0
Reynoru#Hwk,Reynoru,Hwk,2026-06-23T15:34:26,Reynoru,Hwk,Ascendant 2,Ascendant 2,Diamond 3,430b23e9-b359-4a64-b389-9a08381b5e0b,"17/6/26, 21:39",Competitive,Breeze,Reyna,Win,13,5,18,993,380,25,7,3,18,3.6,164.0,256.7,26.0,89.0,1,0,5
Reynoru#Hwk,Reynoru,Hwk,2026-06-23T15:34:26,Reynoru,Hwk,Ascendant 2,Ascendant 2,Ascendant 1,8195ddaa-0587-471d-a3a3-d7231740c6a9,"17/6/26, 14:58",Competitive,Split,Jett,Loss,9,13,22,264,181,13,18,4,-5,0.7,-34.0,124.6,17.0,50.0,2,1,1
Reynoru#Hwk,Reynoru,Hwk,2026-06-23T15:34:26,Reynoru,Hwk,Ascendant 2,Ascendant 2,Ascendant 1,9f0d82d7-cbc8-4204-b96a-a5a77957a01e,"17/6/26, 13:45",Competitive,Pearl,Phoenix,Win,13,8,21,944,313,23,14,6,9,1.6,65.0,213.4,20.0,86.0,5,1,1
Reynoru#Hwk,Reynoru,Hwk,2026-06-23T15:34:26,Reynoru,Hwk,Ascendant 2,Ascendant 2,Ascendant 2,7fa6263a-ef73-4e36-b3ec-403eabe017b6,"17/6/26, 13:09",Competitive,Pearl,Sova,Win,13,9,22,706,269,20,14,9,6,1.4,49.0,185.6,30.0,64.0,3,3,3
Reynoru#Hwk,Reynoru,Hwk,2026-06-23T15:34:26,Reynoru,Hwk,Ascendant 2,Ascendant 2,Ascendant 1,401df11d-3444-4292-818c-c777f72d5bae,"17/6/26, 1:37",Competitive,Breeze,Chamber,Loss,3,13,16,100,110,5,16,3,-11,0.3,-84.0,80.0,25.0,50.0,2,2,0
Reynoru#Hwk,Reynoru,Hwk,2026-06-23T15:34:26,Reynoru,Hwk,Ascendant 2,Ascendant 2,Ascendant 1,5aa632b9-bb3e-4a26-aede-53c05c6d1801,"17/6/26, 0:49",Competitive,Ascent,Chamber,Win,13,11,24,722,242,20,15,3,5,1.3,29.0,151.0,31.0,75.0,2,5,3
djk#331,djk,331,2026-06-23T17:50:21,djk,331,Immortal 1,Immortal 1,Ascendant 2,b924ffd5-b5fe-4614-afff-17506edf4150,"21/6/26, 23:15",Competitive,Haven,Brimstone,Loss,6,13,19,445,183,11,16,8,-5,0.7,-12.0,132.7,22.0,74.0,0,2,1
djk#331,djk,331,2026-06-23T17:50:21,djk,331,Immortal 1,Immortal 1,Ascendant 1,ef7081dc-6c3c-4ccc-8cb6-90b4790c63c4,"21/6/26, 22:46",Competitive,Breeze,Sova,Loss,4,13,17,299,183,10,13,2,-3,0.8,-32.0,120.1,19.0,65.0,0,1,1
djk#331,djk,331,2026-06-23T17:50:21,djk,331,Immortal 1,Immortal 1,Ascendant 3,273fffe1-dbc0-4114-a8c4-486cab1b414c,"21/6/26, 1:21",Competitive,Pearl,Brimstone,Loss,12,14,26,336,164,16,19,7,-3,0.8,-35.0,102.8,34.0,65.0,3,1,0
djk#331,djk,331,2026-06-23T17:50:21,djk,331,Immortal 1,Immortal 1,Ascendant 2,c97c5d48-18e6-4885-950e-15d53cb20d83,"21/6/26, 0:43",Competitive,Haven,Raze,Win,13,9,22,333,168,14,19,2,-5,0.7,-60.0,108.4,18.0,59.0,2,2,1
djk#331,djk,331,2026-06-23T17:50:21,djk,331,Immortal 1,Immortal 1,Ascendant 1,e59094a6-7c34-4c09-9e65-cd3e614e35d4,"20/6/26, 5:47",Competitive,Ascent,Raze,Loss,9,13,22,406,162,13,18,2,-5,0.7,-48.0,95.2,15.0,77.0,0,0,0
djk#331,djk,331,2026-06-23T17:50:21,djk,331,Immortal 1,Immortal 1,Diamond 3,6e299a51-562c-47b2-86c7-fe5038196bf7,"20/6/26, 3:31",Competitive,Split,Chamber,Loss,6,13,19,100,106,7,17,2,-10,0.4,-113.0,65.0,58.0,47.0,2,3,0
djk#331,djk,331,2026-06-23T17:50:21,djk,331,Immortal 1,Immortal 1,Immortal 1,5f52f2e6-3928-4c3e-be94-30ce747b6733,"20/6/26, 2:46",Competitive,Fracture,Cypher,Win,13,5,18,622,183,14,10,3,4,1.4,-3.0,118.4,23.0,78.0,1,2,1
djk#331,djk,331,2026-06-23T17:50:21,djk,331,Immortal 1,Immortal 1,Ascendant 2,bbce70e1-0273-40f2-b73c-ea520075f42c,"20/6/26, 2:13",Competitive,Breeze,Chamber,Win,13,4,17,590,190,14,8,1,6,1.8,49.0,138.4,32.0,65.0,0,5,1
djk#331,djk,331,2026-06-23T17:50:21,djk,331,Immortal 1,Immortal 1,Ascendant 1,d9269496-7853-43de-94e9-8b1cfa0ace37,"19/6/26, 23:20",Competitive,Fracture,Brimstone,Loss,10,13,23,454,176,14,18,7,-4,0.8,-23.0,123.5,20.0,74.0,1,2,0
djk#331,djk,331,2026-06-23T17:50:21,djk,331,Immortal 1,Immortal 1,Ascendant 2,f23be34e-1f68-4f10-aa6e-6f01954c2029,"19/6/26, 20:59",Competitive,Pearl,Brimstone,Win,14,12,26,604,218,20,19,10,1,1.1,-23.0,114.2,16.0,77.0,4,1,1
djk#331,djk,331,2026-06-23T17:50:21,djk,331,Immortal 1,Immortal 1,Ascendant 1,0a59ab4a-496a-4269-b6fc-751566cf9a06,"19/6/26, 20:06",Competitive,Ascent,Phoenix,Win,13,6,19,551,210,16,10,3,6,1.6,-13.0,132.5,20.0,68.0,0,0,3
djk#331,djk,331,2026-06-23T17:50:21,djk,331,Immortal 1,Immortal 1,Ascendant 2,c4d4427b-d84c-4652-b9b8-9c886a5eba31,"18/6/26, 22:00",Competitive,Lotus,Raze,Loss,9,13,22,545,197,15,17,6,-2,0.9,-24.0,131.4,11.0,82.0,1,2,0
djk#331,djk,331,2026-06-23T17:50:21,djk,331,Immortal 1,Immortal 1,Ascendant 1,cc6bb30f-0325-40f4-840f-18d718af3dfe,"17/6/26, 21:21",Competitive,Pearl,Fade,Loss,8,13,21,249,143,10,18,3,-8,0.6,-54.0,91.4,42.0,67.0,0,1,0
djk#331,djk,331,2026-06-23T17:50:21,djk,331,Immortal 1,Immortal 1,Ascendant 2,1d116844-fdfa-4c55-a1b1-683414e0ef57,"17/6/26, 0:48",Competitive,Breeze,Sova,Win,14,12,26,362,175,19,21,4,-2,0.9,-36.0,113.2,46.0,62.0,0,3,2
djk#331,djk,331,2026-06-23T17:50:21,djk,331,Immortal 1,Immortal 1,Ascendant 2,1277f3c5-21fc-42f2-bfc8-59b9847262c1,"17/6/26, 0:13",Competitive,Fracture,Brimstone,Loss,9,13,22,256,155,11,18,8,-7,0.6,-58.0,94.8,12.0,64.0,2,4,0
djk#331,djk,331,2026-06-23T17:50:21,djk,331,Immortal 1,Immortal 1,Ascendant 2,05726281-c905-465a-a76b-61e96b673448,"15/6/26, 20:49",Competitive,Ascent,Cypher,Win,13,9,22,693,223,17,16,10,1,1.1,28.0,157.5,29.0,73.0,2,1,1
djk#331,djk,331,2026-06-23T17:50:21,djk,331,Immortal 1,Immortal 1,Ascendant 2,b019a8fe-390d-4fb1-a29c-cea1d9b387da,"15/6/26, 1:59",Competitive,Ascent,Brimstone,Loss,11,13,24,565,208,19,16,8,3,1.2,-7.0,122.8,8.0,75.0,2,1,1
djk#331,djk,331,2026-06-23T17:50:21,djk,331,Immortal 1,Immortal 1,Ascendant 1,00c60182-260f-40d7-ac64-3434bbb3d71c,"15/6/26, 1:22",Competitive,Fracture,Reyna,Loss,11,13,24,414,135,11,17,6,-6,0.7,-43.0,96.9,12.0,79.0,0,4,0
djk#331,djk,331,2026-06-23T17:50:21,djk,331,Immortal 1,Immortal 1,Ascendant 1,039a59eb-5a50-40c3-94c0-e0d7c65f02ad,"14/6/26, 2:47",Competitive,Breeze,Sova,Loss,5,13,18,433,206,12,18,7,-6,0.7,-59.0,133.3,15.0,78.0,3,1,0
djk#331,djk,331,2026-06-23T17:50:21,djk,331,Immortal 1,Immortal 1,Ascendant 1,1093915f-dabf-44aa-a488-e70fc1fd794f,"14/6/26, 2:05",Competitive,Breeze,Sova,Win,14,12,26,599,198,16,17,5,-1,0.9,15.0,138.5,41.0,73.0,1,0,0
Aang#AIRE,Aang,AIRE,2026-06-23T17:53:17,Aang,AIRE,Immortal 1,Immortal 1,Ascendant 1,a3f92929-a54e-43bb-9339-a10cb18c2a33,"20/6/26, 18:07",Competitive,Pearl,Phoenix,Loss,11,13,24,355,177,14,18,8,-4,0.8,-44.0,123.6,17.0,67.0,1,5,1
Aang#AIRE,Aang,AIRE,2026-06-23T17:53:17,Aang,AIRE,Immortal 1,Immortal 1,Platinum 3,995f06d8-94f3-435b-8a83-e7e8f725a322,"20/6/26, 17:35",Competitive,Lotus,Fade,Loss,5,13,18,530,298,20,14,2,6,1.4,29.0,176.6,17.0,56.0,0,1,3
Aang#AIRE,Aang,AIRE,2026-06-23T17:53:17,Aang,AIRE,Immortal 1,Immortal 1,Diamond 2,96a7bd9d-5577-4f8a-914b-e68f73dec593,"20/6/26, 15:28",Competitive,Ascent,Sova,Win,13,7,20,755,182,13,10,11,3,1.3,28.0,134.4,18.0,95.0,1,0,0
Aang#AIRE,Aang,AIRE,2026-06-23T17:53:17,Aang,AIRE,Immortal 1,Immortal 1,Platinum 1,9cb9e378-e5f4-47da-bf33-5e70785a45d6,"20/6/26, 1:51",Competitive,Haven,Phoenix,Win,13,6,19,462,134,9,10,3,-1,0.9,-24.0,94.2,16.0,74.0,1,0,0
Aang#AIRE,Aang,AIRE,2026-06-23T17:53:17,Aang,AIRE,Immortal 1,Immortal 1,Platinum 1,5ca876f1-6b63-4bc8-8fc3-c6c1efc19c77,"20/6/26, 1:14",Competitive,Lotus,Fade,Win,13,8,21,679,183,11,13,12,-2,0.8,15.0,129.9,16.0,81.0,0,1,0
Aang#AIRE,Aang,AIRE,2026-06-23T17:53:17,Aang,AIRE,Immortal 1,Immortal 1,Platinum 1,75d7dfda-78f1-4d5b-8fc8-dfc98d4fe66f,"20/6/26, 0:30",Competitive,Breeze,Viper,Win,13,9,22,620,205,16,14,9,2,1.1,-18.0,127.4,23.0,77.0,1,1,2
Aang#AIRE,Aang,AIRE,2026-06-23T17:53:17,Aang,AIRE,Immortal 1,Immortal 1,Platinum 1,26964694-a18d-4d27-b1c3-e3202135bb82,"19/6/26, 23:57",Competitive,Ascent,Jett,Win,13,3,16,771,200,11,8,5,3,1.4,26.0,143.4,26.0,88.0,1,2,0
Aang#AIRE,Aang,AIRE,2026-06-23T17:53:17,Aang,AIRE,Immortal 1,Immortal 1,Platinum 1,a1ff5ea9-3148-4cd3-8006-536d69a70f15,"19/6/26, 23:19",Competitive,Haven,Sova,Loss,9,13,22,570,234,17,14,7,3,1.2,24.0,144.6,30.0,68.0,2,2,2
Aang#AIRE,Aang,AIRE,2026-06-23T17:53:17,Aang,AIRE,Immortal 1,Immortal 1,Diamond 2,d6dea367-b4c0-456d-b31b-5ecea3bf432f,"19/6/26, 22:27",Competitive,Split,Jett,Loss,3,13,16,433,240,13,14,2,-1,0.9,-0.0,142.8,16.0,62.0,3,1,2
Aang#AIRE,Aang,AIRE,2026-06-23T17:53:17,Aang,AIRE,Immortal 1,Immortal 1,Platinum 1,40cbd491-5340-499b-80b1-03b27b6a1d6d,"19/6/26, 21:53",Competitive,Breeze,Viper,Win,13,3,16,819,230,12,12,8,0,25.0,156.8,25.0,88.0,1.0,2,1,360
Aang#AIRE,Aang,AIRE,2026-06-23T17:53:17,Aang,AIRE,Immortal 1,Immortal 1,Ascendant 2,f23be34e-1f68-4f10-aa6e-6f01954c2029,"19/6/26, 20:59",Competitive,Pearl,Vyse,Win,14,12,26,618,177,13,17,11,-4,0.8,22.0,138.0,24.0,77.0,3,1,1
Aang#AIRE,Aang,AIRE,2026-06-23T17:53:17,Aang,AIRE,Immortal 1,Immortal 1,Diamond 2,826c04ca-b733-4151-bb6c-435e6406bb06,"19/6/26, 19:13",Competitive,Haven,Sova,Win,13,8,21,657,199,14,10,5,4,1.4,46.0,138.1,24.0,71.0,1,1,1
Aang#AIRE,Aang,AIRE,2026-06-23T17:53:17,Aang,AIRE,Immortal 1,Immortal 1,Diamond 2,339f4ee1-110f-48d6-a323-33c589b47d03,"19/6/26, 18:28",Competitive,Ascent,Sova,Win,13,4,17,706,204,12,8,9,4,1.5,36.0,131.4,12.0,76.0,0,0,1
Aang#AIRE,Aang,AIRE,2026-06-23T17:53:17,Aang,AIRE,Immortal 1,Immortal 1,Ascendant 1,baa89d07-c0de-4f1c-aa18-45efe8b13f49,"19/6/26, 17:51",Competitive,Ascent,Phoenix,Win,13,2,15,746,197,8,9,9,-1,0.9,17.0,141.4,8.0,87.0,2,1,0
Aang#AIRE,Aang,AIRE,2026-06-23T17:53:17,Aang,AIRE,Immortal 1,Immortal 1,Ascendant 1,28353b31-c251-43eb-aae8-f2206a3fe882,"19/6/26, 17:12",Competitive,Haven,Omen,Loss,9,13,22,573,237,21,14,5,7,1.5,22.0,153.9,32.0,68.0,0,0,1
Aang#AIRE,Aang,AIRE,2026-06-23T17:53:17,Aang,AIRE,Immortal 1,Immortal 1,Platinum 3,d22f888a-a715-45cc-93a7-5ff2c6a62481,"19/6/26, 16:13",Competitive,Fracture,Jett,Loss,10,13,23,449,225,18,19,3,-1,0.9,1.0,156.2,18.0,57.0,1,4,2
Aang#AIRE,Aang,AIRE,2026-06-23T17:53:17,Aang,AIRE,Immortal 1,Immortal 1,Diamond 2,c9e62c9a-30ea-4b7f-81bc-b1ebd3ad1b2a,"19/6/26, 11:52",Competitive,Split,Skye,Loss,7,13,20,350,165,11,15,2,-4,0.7,-25.0,100.2,10.0,70.0,1,1,0
Aang#AIRE,Aang,AIRE,2026-06-23T17:53:17,Aang,AIRE,Immortal 1,Immortal 1,Platinum 3,5fb4f7a0-2af9-4165-a8f3-d35c2b9874d6,"18/6/26, 23:10",Competitive,Pearl,Jett,Win,15,13,28,712,247,26,17,7,9,1.5,27.0,157.4,29.0,75.0,5,3,3
Aang#AIRE,Aang,AIRE,2026-06-23T17:53:17,Aang,AIRE,Immortal 1,Immortal 1,Ascendant 1,d8aec635-8579-40a2-a6c5-8a0838862f83,"18/6/26, 22:20",Competitive,Breeze,Viper,Win,13,10,23,693,260,21,15,1,6,1.4,20.0,149.0,14.0,70.0,7,2,2
Aang#AIRE,Aang,AIRE,2026-06-23T17:53:17,Aang,AIRE,Immortal 1,Immortal 1,Diamond 3,81b79090-ab12-429a-8b3c-851bbc7f5c9e,"17/6/26, 22:04",Competitive,Breeze,Chamber,Win,13,10,23,871,297,23,14,6,9,1.6,73.0,191.3,28.0,78.0,7,1,2
Twitch Krizzgo#twtch,Twitch Krizzgo,twtch,2026-06-23T17:56:12,Twitch Krizzgo,twtch,Ascendant 3,Ascendant 3,Ascendant 1,01458bd8-e310-4d70-aeb4-78ef283050c2,"19/6/26, 23:05",Competitive,Fracture,Chamber,Win,13,9,22,711,214,18,13,3,5,1.4,51.0,161.3,25.0,73.0,3,3,0
Twitch Krizzgo#twtch,Twitch Krizzgo,twtch,2026-06-23T17:56:12,Twitch Krizzgo,twtch,Ascendant 3,Ascendant 3,Diamond 3,808e796f-709a-4a6a-aed0-b42b4acbb0a6,"19/6/26, 22:30",Competitive,Fracture,Chamber,Win,13,8,21,978,412,32,13,2,19,2.5,145.0,260.1,23.0,86.0,5,0,5
Twitch Krizzgo#twtch,Twitch Krizzgo,twtch,2026-06-23T17:56:12,Twitch Krizzgo,twtch,Ascendant 3,Ascendant 3,Diamond 3,4fc981d4-2895-4b68-9269-07774335b369,"19/6/26, 21:53",Competitive,Haven,Jett,Win,13,10,23,947,346,28,12,3,16,2.3,97.0,215.1,38.0,83.0,6,0,4
Twitch Krizzgo#twtch,Twitch Krizzgo,twtch,2026-06-23T17:56:12,Twitch Krizzgo,twtch,Ascendant 3,Ascendant 3,Ascendant 2,f23be34e-1f68-4f10-aa6e-6f01954c2029,"19/6/26, 20:59",Competitive,Pearl,Jett,Loss,12,14,26,722,233,21,18,6,3,1.2,27.0,157.3,30.0,81.0,2,6,3
Twitch Krizzgo#twtch,Twitch Krizzgo,twtch,2026-06-23T17:56:12,Twitch Krizzgo,twtch,Ascendant 3,Ascendant 3,Ascendant 1,4379dbff-529a-4b49-ad21-aa632790a32e,"19/6/26, 20:28",Competitive,Ascent,Chamber,Win,13,4,17,943,274,18,8,0,10,2.2,100.0,194.7,40.0,88.0,4,1,2
Twitch Krizzgo#twtch,Twitch Krizzgo,twtch,2026-06-23T17:56:12,Twitch Krizzgo,twtch,Ascendant 3,Ascendant 3,Diamond 3,73125808-610f-4aea-adad-d78a975f43ed,"19/6/26, 19:52",Competitive,Lotus,Chamber,Win,13,5,18,970,313,21,10,3,11,2.1,78.0,207.7,32.0,89.0,4,1,3
Twitch Krizzgo#twtch,Twitch Krizzgo,twtch,2026-06-23T17:56:12,Twitch Krizzgo,twtch,Ascendant 3,Ascendant 3,Diamond 3,5f60da05-07a6-4151-acf1-8acf5e5e76f7,"19/6/26, 18:55",Competitive,Ascent,Jett,Win,13,10,23,509,191,18,16,1,2,1.1,18.0,148.2,41.0,61.0,3,4,2
Twitch Krizzgo#twtch,Twitch Krizzgo,twtch,2026-06-23T17:56:12,Twitch Krizzgo,twtch,Ascendant 3,Ascendant 3,Diamond 3,887bcd2f-244a-44a4-a56c-33b6a2ce48d8,"19/6/26, 18:22",Competitive,Fracture,Chamber,Loss,10,13,23,414,178,16,17,2,-1,0.9,-22.0,125.1,26.0,70.0,3,3,2
Twitch Krizzgo#twtch,Twitch Krizzgo,twtch,2026-06-23T17:56:12,Twitch Krizzgo,twtch,Ascendant 3,Ascendant 3,Diamond 1,682b3ab2-be87-485e-a5ae-a456b09af1aa,"19/6/26, 18:07",Competitive,Fracture,Chamber,Loss,0,7,7,429,202,5,6,0,-1,0.8,-7.0,121.3,29.0,71.0,0,1,0
Twitch Krizzgo#twtch,Twitch Krizzgo,twtch,2026-06-23T17:56:12,Twitch Krizzgo,twtch,Ascendant 3,Ascendant 3,Ascendant 3,78d93153-8ff7-44db-9b97-c2976c624b20,"18/6/26, 0:45",Competitive,Lotus,Chamber,Loss,6,13,19,358,191,10,16,6,-6,0.6,-14.0,120.9,25.0,63.0,2,3,0
Twitch Krizzgo#twtch,Twitch Krizzgo,twtch,2026-06-23T17:56:12,Twitch Krizzgo,twtch,Ascendant 3,Ascendant 3,Ascendant 2,d2bab225-4e8d-4333-834b-10eb2b84ea96,"18/6/26, 0:13",Competitive,Split,Sage,Win,13,5,18,974,297,20,10,7,10,2.0,103.0,201.1,30.0,94.0,0,1,2
Twitch Krizzgo#twtch,Twitch Krizzgo,twtch,2026-06-23T17:56:12,Twitch Krizzgo,twtch,Ascendant 3,Ascendant 3,Ascendant 2,1774adbf-0be4-44b4-a149-1b1b6457d69e,"17/6/26, 23:47",Competitive,Pearl,Chamber,Win,13,1,14,752,201,10,7,2,3,1.4,19.0,131.1,44.0,86.0,4,1,0
Twitch Krizzgo#twtch,Twitch Krizzgo,twtch,2026-06-23T17:56:12,Twitch Krizzgo,twtch,Ascendant 3,Ascendant 3,Ascendant 1,75922382-7dda-41ff-a950-a52017a8240c,"17/6/26, 23:00",Competitive,Fracture,Chamber,Win,13,11,24,791,250,21,16,3,5,1.3,41.0,160.3,29.0,79.0,6,2,0
Twitch Krizzgo#twtch,Twitch Krizzgo,twtch,2026-06-23T17:56:12,Twitch Krizzgo,twtch,Ascendant 3,Ascendant 3,Diamond 3,75a56bfb-1a3d-4069-a2ee-44ef8a4d9de9,"17/6/26, 22:18",Competitive,Lotus,Chamber,Win,13,3,16,996,344,24,3,1,21,8.0,185.0,244.4,41.0,94.0,3,1,4
Twitch Krizzgo#twtch,Twitch Krizzgo,twtch,2026-06-23T17:56:12,Twitch Krizzgo,twtch,Ascendant 3,Ascendant 3,Diamond 1,bcd1195f-770f-44fb-8ed9-a9b8a1a98f77,"14/6/26, 22:34",Competitive,Breeze,Jett,Win,13,11,24,945,306,27,12,4,15,2.2,112.0,206.0,30.0,88.0,3,3,3
Twitch Krizzgo#twtch,Twitch Krizzgo,twtch,2026-06-23T17:56:12,Twitch Krizzgo,twtch,Ascendant 3,Ascendant 3,Diamond 3,228de4b4-3e40-4860-8361-9faefd1994c4,"14/6/26, 21:49",Competitive,Breeze,Chamber,Loss,10,13,23,628,239,20,17,3,3,1.2,13.0,153.8,24.0,74.0,1,0,2
Twitch Krizzgo#twtch,Twitch Krizzgo,twtch,2026-06-23T17:56:12,Twitch Krizzgo,twtch,Ascendant 3,Ascendant 3,Diamond 3,a1f435a4-881e-4b49-88ce-8b13d95a2247,"14/6/26, 21:16",Competitive,Haven,Jett,Loss,3,13,16,651,315,16,13,1,3,1.2,52.0,211.1,26.0,69.0,2,0,3
Twitch Krizzgo#twtch,Twitch Krizzgo,twtch,2026-06-23T17:56:12,Twitch Krizzgo,twtch,Ascendant 3,Ascendant 3,Diamond 3,ad262301-e21c-4de7-9fd1-4da2d39f9dc4,"14/6/26, 20:47",Competitive,Haven,Jett,Win,13,3,16,950,284,18,8,4,10,2.2,88.0,175.5,21.0,88.0,3,1,1
Twitch Krizzgo#twtch,Twitch Krizzgo,twtch,2026-06-23T17:56:12,Twitch Krizzgo,twtch,Ascendant 3,Ascendant 3,Platinum 1,1d0c119d-6c58-45bc-bc0d-69f494d65848,"13/6/26, 21:40",Competitive,Split,Sage,Loss,3,13,16,521,251,14,13,3,1,1.1,45.0,176.5,31.0,62.0,2,2,2
Twitch Krizzgo#twtch,Twitch Krizzgo,twtch,2026-06-23T17:56:12,Twitch Krizzgo,twtch,Ascendant 3,Ascendant 3,Platinum 1,67f092d5-84c9-407b-8500-37e3911c4f9c,"13/6/26, 21:04",Competitive,Lotus,Chamber,Win,13,6,19,962,330,24,10,3,14,2.4,124.0,218.3,34.0,84.0,2,1,3
Lelouch#HELL,Lelouch,HELL,2026-06-23T17:59:07,Lelouch,HELL,Ascendant 3,Ascendant 3,Diamond 1,f1d5dcdc-3822-4f21-990b-3518a16610c9,"21/6/26, 21:13",Competitive,Fracture,Viper,Loss,8,13,21,597,223,19,13,2,6,1.5,41.0,147.4,23.0,71.0,1,1,1
Lelouch#HELL,Lelouch,HELL,2026-06-23T17:59:07,Lelouch,HELL,Ascendant 3,Ascendant 3,Diamond 2,b845b8c2-bb08-4422-bda2-425c69e03e5e,"20/6/26, 22:53",Competitive,Breeze,Cypher,Win,13,7,20,720,177,13,12,4,1,1.1,29.0,132.1,24.0,85.0,0,0,0
Lelouch#HELL,Lelouch,HELL,2026-06-23T17:59:07,Lelouch,HELL,Ascendant 3,Ascendant 3,Diamond 1,40dc8f72-9bf7-4daf-b17a-19c97d02aca7,"20/6/26, 21:19",Competitive,Pearl,Unknown,Win,13,11,24,642,222,18,18,11,0,1.0,146.3,20.0,75.0,3.0,5,2,263
Lelouch#HELL,Lelouch,HELL,2026-06-23T17:59:07,Lelouch,HELL,Ascendant 3,Ascendant 3,Diamond 3,eb0924af-4f75-48f1-9fc7-d738edecbee4,"20/6/26, 20:46",Competitive,Lotus,Unknown,Loss,6,13,19,641,267,16,15,9,1,1.1,25.0,190.5,21.0,74.0,2,5,1
Lelouch#HELL,Lelouch,HELL,2026-06-23T17:59:07,Lelouch,HELL,Ascendant 3,Ascendant 3,Ascendant 2,f27e44fb-11b5-4baf-9157-9fe66ad61339,"19/6/26, 21:49",Competitive,Fracture,Cypher,Loss,8,13,21,423,222,16,18,4,-2,0.9,1.0,147.0,22.0,57.0,5,2,2
Lelouch#HELL,Lelouch,HELL,2026-06-23T17:59:07,Lelouch,HELL,Ascendant 3,Ascendant 3,Ascendant 2,f23be34e-1f68-4f10-aa6e-6f01954c2029,"19/6/26, 20:59",Competitive,Pearl,Unknown,Loss,12,14,26,486,196,18,20,12,-2,0.9,-26.0,115.7,21.0,73.0,2,3,2
Lelouch#HELL,Lelouch,HELL,2026-06-23T17:59:07,Lelouch,HELL,Ascendant 3,Ascendant 3,Diamond 3,373b1f58-25a6-4211-94c9-c672aacfbf86,"17/6/26, 22:00",Competitive,Ascent,Killjoy,Loss,9,13,22,605,265,18,16,5,2,1.1,42.0,178.4,13.0,64.0,4,2,1
Lelouch#HELL,Lelouch,HELL,2026-06-23T17:59:07,Lelouch,HELL,Ascendant 3,Ascendant 3,Diamond 2,96109de3-c971-420d-bb4c-0027bef4125e,"16/6/26, 23:26",Competitive,Haven,Unknown,Win,13,9,22,528,160,12,14,14,-2,0.9,-25.0,91.0,18.0,77.0,1,4,1
Lelouch#HELL,Lelouch,HELL,2026-06-23T17:59:07,Lelouch,HELL,Ascendant 3,Ascendant 3,Diamond 2,eacaa079-37b8-4248-bbed-4e4f05114cb1,"14/6/26, 21:43",Competitive,Ascent,Killjoy,Win,13,11,24,605,180,15,15,5,0,-0.0,123.7,18.0,79.0,3.0,2,1,82
Lelouch#HELL,Lelouch,HELL,2026-06-23T17:59:07,Lelouch,HELL,Ascendant 3,Ascendant 3,Diamond 3,06958f22-11f3-49d4-a0ef-7ba1e7d3e667,"13/6/26, 23:26",Competitive,Lotus,Unknown,Win,13,7,20,823,249,17,14,11,3,1.2,44.0,174.7,26.0,80.0,3,2,2
Lelouch#HELL,Lelouch,HELL,2026-06-23T17:59:07,Lelouch,HELL,Ascendant 3,Ascendant 3,Ascendant 1,e7f8c49e-bc25-48be-88ec-2841d2085edb,"13/6/26, 22:07",Competitive,Lotus,Unknown,Win,13,7,20,843,233,15,10,21,5,1.5,49.0,144.9,18.0,85.0,3,1,1
Lelouch#HELL,Lelouch,HELL,2026-06-23T17:59:07,Lelouch,HELL,Ascendant 3,Ascendant 3,Diamond 2,1a8cb758-ba2a-4f6b-b3b7-8037a54a3d37,"12/6/26, 22:07",Competitive,Haven,Unknown,Win,13,8,21,939,269,19,13,14,6,1.5,77.0,182.7,34.0,90.0,4,2,1
Lelouch#HELL,Lelouch,HELL,2026-06-23T17:59:07,Lelouch,HELL,Ascendant 3,Ascendant 3,Ascendant 1,ca60bf5e-698b-4a76-84a6-567c8f914534,"11/6/26, 22:19",Competitive,Pearl,Unknown,Win,13,6,19,956,318,21,10,9,11,2.1,98.0,213.3,32.0,84.0,1,1,1
Lelouch#HELL,Lelouch,HELL,2026-06-23T17:59:07,Lelouch,HELL,Ascendant 3,Ascendant 3,Ascendant 1,7d5081d7-8f0e-46fe-bcfd-277c383ffc36,"11/6/26, 21:47",Competitive,Pearl,Unknown,Loss,4,13,17,245,192,9,15,9,-6,0.6,-37.0,129.3,25.0,53.0,2,6,1
Lelouch#HELL,Lelouch,HELL,2026-06-23T17:59:07,Lelouch,HELL,Ascendant 3,Ascendant 3,Platinum 3,9a3ef4e4-56d4-485f-a37d-4307bce14e23,"10/6/26, 21:24",Competitive,Breeze,Cypher,Loss,11,13,24,588,260,21,17,4,4,1.2,8.0,159.0,24.0,67.0,2,0,4
Lelouch#HELL,Lelouch,HELL,2026-06-23T17:59:07,Lelouch,HELL,Ascendant 3,Ascendant 3,Diamond 1,b5201355-110f-4291-8572-311ff5c7f88b,"9/6/26, 23:51",Competitive,Ascent,Killjoy,Win,13,9,22,699,172,15,11,5,4,1.4,19.0,108.3,15.0,86.0,0,0,1
Lelouch#HELL,Lelouch,HELL,2026-06-23T17:59:07,Lelouch,HELL,Ascendant 3,Ascendant 3,Ascendant 1,afa1cd82-027b-4be9-a633-6dea004f9c47,"9/6/26, 23:22",Competitive,Lotus,Unknown,Loss,5,13,18,439,224,13,17,6,-4,0.8,12.0,162.8,30.0,61.0,3,4,0
Lelouch#HELL,Lelouch,HELL,2026-06-23T17:59:07,Lelouch,HELL,Ascendant 3,Ascendant 3,Diamond 2,67fc7e49-ca45-4f57-aa16-bd1a5f523564,"9/6/26, 22:57",Competitive,Ascent,Killjoy,Win,13,1,14,800,195,10,4,2,6,2.5,66.0,134.5,17.0,86.0,1,1,1
Lelouch#HELL,Lelouch,HELL,2026-06-23T17:59:07,Lelouch,HELL,Ascendant 3,Ascendant 3,Diamond 3,2efbe735-6b1d-4669-b355-9361e9c9b6bd,"9/6/26, 22:32",Competitive,Fracture,Viper,Loss,2,13,15,370,198,10,13,1,-3,0.8,-10.0,138.3,15.0,67.0,1,4,0
Lelouch#HELL,Lelouch,HELL,2026-06-23T17:59:07,Lelouch,HELL,Ascendant 3,Ascendant 3,Ascendant 2,2106138f-3d3c-4b5a-9616-0daa573a8fce,"9/6/26, 21:53",Competitive,Split,Killjoy,Loss,11,13,24,478,212,19,16,3,3,1.2,18.0,146.7,24.0,58.0,2,3,2
andrez#333,andrez,333,2026-06-23T18:05:09,andrez,333,Ascendant 3,Ascendant 3,Ascendant 3,b265d15d-d286-43b2-a6cb-8cec14e943d5,"23/6/26, 17:19",Competitive,Ascent,Jett,Win,13,7,20,843,255,17,17,4,0,27.0,169.6,35.0,85.0,3.0,3,1,607
andrez#333,andrez,333,2026-06-23T18:05:09,andrez,333,Ascendant 3,Ascendant 3,Ascendant 3,f618f775-c99b-41d9-97c0-646b3e628780,"23/6/26, 16:35",Competitive,Breeze,Jett,Win,13,5,18,709,209,13,13,2,0,-0.0,148.6,35.0,83.0,3.0,2,0,405
andrez#333,andrez,333,2026-06-23T18:05:09,andrez,333,Ascendant 3,Ascendant 3,Ascendant 3,4945fec4-2145-46dd-a823-37f92d9ec28c,"23/6/26, 16:20",Competitive,Unknown,Jett,Win,5,2,7,965,345,8,6,2,2,1.3,72.0,208.9,26.0,86.0,4,1,1
andrez#333,andrez,333,2026-06-23T18:05:09,andrez,333,Ascendant 3,Ascendant 3,Ascendant 3,0bc51be0-6e06-47a4-80c5-98fa14cdf3ce,"23/6/26, 15:37",Competitive,Split,Chamber,Win,13,9,22,683,216,17,15,1,2,1.1,28.0,153.7,44.0,73.0,6,2,1
andrez#333,andrez,333,2026-06-23T18:05:09,andrez,333,Ascendant 3,Ascendant 3,Ascendant 3,f91163d6-d3e3-40a2-9c87-43dd34ef1d72,"23/6/26, 15:00",Competitive,Lotus,Jett,Win,13,11,24,794,283,24,22,3,2,1.1,4.0,171.8,43.0,83.0,7,3,2
andrez#333,andrez,333,2026-06-23T18:05:09,andrez,333,Ascendant 3,Ascendant 3,Ascendant 1,a590819b-31f2-4d4e-b26c-eee947a2b8f9,"23/6/26, 14:23",Competitive,Lotus,Jett,Loss,8,13,21,651,327,24,17,3,7,1.4,67.0,224.1,46.0,62.0,2,3,2
andrez#333,andrez,333,2026-06-23T18:05:09,andrez,333,Ascendant 3,Ascendant 3,Ascendant 1,713a9754-2767-4ecf-bbc4-c63fdfba16a7,"23/6/26, 13:48",Competitive,Sunset,Reyna,Loss,10,13,23,562,266,19,18,8,1,1.1,42.0,192.3,32.0,52.0,3,4,3
andrez#333,andrez,333,2026-06-23T18:05:09,andrez,333,Ascendant 3,Ascendant 3,Ascendant 2,22f187f2-600c-440f-be87-28cab4ee0db1,"22/6/26, 16:26",Competitive,Breeze,Jett,Win,13,6,19,880,258,19,11,0,8,1.7,56.0,160.2,44.0,84.0,4,0,1
andrez#333,andrez,333,2026-06-23T18:05:09,andrez,333,Ascendant 3,Ascendant 3,Ascendant 3,4c65450a-5728-4e02-93d1-361a227a7616,"21/6/26, 17:29",Competitive,Ascent,Reyna,Win,13,7,20,932,265,18,10,6,8,1.8,80.0,177.2,35.0,90.0,4,2,3
andrez#333,andrez,333,2026-06-23T18:05:09,andrez,333,Ascendant 3,Ascendant 3,Ascendant 3,a9fd4c8a-fea3-4520-91a8-4b6e1e9786d1,"21/6/26, 16:59",Competitive,Pearl,Jett,Loss,8,13,21,303,188,13,16,4,-3,0.8,-44.0,113.2,33.0,62.0,4,3,1
andrez#333,andrez,333,2026-06-23T18:05:09,andrez,333,Ascendant 3,Ascendant 3,Ascendant 2,348d47aa-92f9-4857-9cc7-cd5e013d4472,"21/6/26, 16:20",Competitive,Lotus,Jett,Win,13,5,18,918,422,26,13,3,13,2.0,131.0,266.9,28.0,78.0,8,2,4
andrez#333,andrez,333,2026-06-23T18:05:09,andrez,333,Ascendant 3,Ascendant 3,Diamond 3,aa6ed4fd-23b3-4049-ac9a-4338bf7b4b1f,"21/6/26, 15:42",Competitive,Split,Clove,Win,13,10,23,945,365,29,18,6,11,1.6,88.0,238.0,37.0,83.0,1,3,5
andrez#333,andrez,333,2026-06-23T18:05:09,andrez,333,Ascendant 3,Ascendant 3,Ascendant 3,e986683c-1f2b-407f-b12c-2e8b74de7b63,"21/6/26, 15:01",Competitive,Breeze,Reyna,Win,13,11,24,793,247,22,18,2,4,1.2,23.0,176.0,43.0,83.0,3,2,1
andrez#333,andrez,333,2026-06-23T18:05:09,andrez,333,Ascendant 3,Ascendant 3,Ascendant 3,ad4b4973-27fd-4b6b-a82e-c08fa9ea19b0,"20/6/26, 15:41",Competitive,Ascent,Reyna,Loss,10,13,23,333,159,12,20,8,-8,0.6,-53.0,98.0,40.0,70.0,3,3,1
andrez#333,andrez,333,2026-06-23T18:05:09,andrez,333,Ascendant 3,Ascendant 3,Ascendant 1,5868aab2-3f53-42a0-84b3-39890c8ac2ec,"20/6/26, 15:10",Competitive,Split,Reyna,Win,13,5,18,845,286,22,12,1,10,1.8,45.0,180.8,46.0,78.0,6,3,2
andrez#333,andrez,333,2026-06-23T18:05:09,andrez,333,Ascendant 3,Ascendant 3,Ascendant 3,70973089-d37f-452f-9a1f-d079c2d901fc,"20/6/26, 14:36",Competitive,Pearl,Reyna,Loss,6,13,19,360,177,11,17,3,-6,0.7,-18.0,135.2,39.0,68.0,3,4,0
andrez#333,andrez,333,2026-06-23T18:05:09,andrez,333,Ascendant 3,Ascendant 3,Ascendant 3,cbd64af1-1922-4d63-b033-c9d108a0f26b,"20/6/26, 14:28",Competitive,Breeze,Reyna,Win,4,0,4,380,6,1,0,5,6,150.0,196.3,40.0,100.0,1.0,0,1,232
andrez#333,andrez,333,2026-06-23T18:05:09,andrez,333,Ascendant 3,Ascendant 3,Ascendant 3,924a4b7f-c97b-4ae9-87d7-7df2beb98c36,"20/6/26, 14:04",Competitive,Ascent,Reyna,Win,13,3,16,988,327,19,9,4,10,2.1,84.0,202.0,54.0,94.0,3,0,2
andrez#333,andrez,333,2026-06-23T18:05:09,andrez,333,Ascendant 3,Ascendant 3,Ascendant 2,05e5fc85-895c-475e-9f79-6d1386dbb687,"20/6/26, 13:36",Competitive,Pearl,Reyna,Win,13,4,17,969,353,23,10,2,13,2.3,64.0,220.2,41.0,88.0,6,0,3
andrez#333,andrez,333,2026-06-23T18:05:09,andrez,333,Ascendant 3,Ascendant 3,Ascendant 3,ebae77b6-40bb-418b-95be-294e27aba686,"20/6/26, 12:29",Competitive,Fracture,Jett,Loss,10,13,23,617,250,22,16,1,6,1.4,51.0,161.0,36.0,65.0,1,2,2
Modern Mullet#Pato,Modern Mullet,Pato,2026-06-23T18:08:10,Modern Mullet,Pato,Ascendant 2,Ascendant 2,Diamond 2,146ffc90-6763-4675-aa61-26684417bc68,"23/6/26, 7:08",Competitive,Ascent,Chamber,Draw,14,14,28,696,286,29,22,4,7,1.3,31.0,175.3,18.0,68.0,6,2,2
Modern Mullet#Pato,Modern Mullet,Pato,2026-06-23T18:08:10,Modern Mullet,Pato,Ascendant 2,Ascendant 2,Diamond 1,1807cd8f-1da8-45a0-aebe-158a7770cec8,"23/6/26, 6:28",Competitive,Breeze,Chamber,Loss,10,13,23,515,227,18,17,2,1,1.1,6.0,141.1,20.0,65.0,3,6,3
Modern Mullet#Pato,Modern Mullet,Pato,2026-06-23T18:08:10,Modern Mullet,Pato,Ascendant 2,Ascendant 2,Diamond 3,4bf12056-aeb3-402a-aff6-9d59d76dbce3,"23/6/26, 5:53",Competitive,Ascent,Chamber,Loss,6,13,19,184,145,9,16,4,-7,0.6,-51.0,94.2,26.0,58.0,1,4,1
Modern Mullet#Pato,Modern Mullet,Pato,2026-06-23T18:08:10,Modern Mullet,Pato,Ascendant 2,Ascendant 2,Platinum 3,c6f483eb-3af5-4636-8b71-ade8e96f5b35,"23/6/26, 5:15",Competitive,Ascent,Chamber,Loss,11,13,24,674,228,17,19,6,-2,0.9,12.0,155.8,21.0,79.0,5,1,1
Modern Mullet#Pato,Modern Mullet,Pato,2026-06-23T18:08:10,Modern Mullet,Pato,Ascendant 2,Ascendant 2,Diamond 2,48b03b65-b101-4a33-ac48-412561336fa9,"23/6/26, 4:33",Competitive,Split,Chamber,Win,13,10,23,830,310,26,17,3,9,1.5,61.0,196.3,24.0,74.0,2,2,4
Modern Mullet#Pato,Modern Mullet,Pato,2026-06-23T18:08:10,Modern Mullet,Pato,Ascendant 2,Ascendant 2,Diamond 3,ed2e8f1e-cb7e-4c0e-b1a6-e972b42ef838,"23/6/26, 3:43",Competitive,Haven,Chamber,Loss,13,15,28,733,268,28,19,3,9,1.5,27.0,163.2,13.0,75.0,5,3,3
Modern Mullet#Pato,Modern Mullet,Pato,2026-06-23T18:08:10,Modern Mullet,Pato,Ascendant 2,Ascendant 2,Diamond 1,b34d81f9-61b8-4042-9457-78d3dcabeb2f,"23/6/26, 3:00",Competitive,Breeze,Chamber,Win,13,11,24,777,336,27,16,5,11,1.7,89.0,216.5,22.0,67.0,5,4,3
Modern Mullet#Pato,Modern Mullet,Pato,2026-06-23T18:08:10,Modern Mullet,Pato,Ascendant 2,Ascendant 2,Diamond 3,80679ba6-6d56-4de1-aad9-c4b994c7c343,"22/6/26, 22:15",Competitive,Split,Jett,Loss,1,6,7,797,288,6,6,1,0,79.0,210.0,19.0,86.0,1.0,1,0,282
Modern Mullet#Pato,Modern Mullet,Pato,2026-06-23T18:08:10,Modern Mullet,Pato,Ascendant 2,Ascendant 2,Ascendant 1,de840a45-bbe9-4e4b-ad39-50b517cbf29d,"22/6/26, 21:38",Competitive,Pearl,Chamber,Win,13,10,23,809,249,21,15,5,6,1.4,55.0,171.1,30.0,78.0,4,5,2
Modern Mullet#Pato,Modern Mullet,Pato,2026-06-23T18:08:10,Modern Mullet,Pato,Ascendant 2,Ascendant 2,Ascendant 1,c1fbc61a-021f-4bd8-a330-7ec7ae203371,"22/6/26, 20:47",Competitive,Lotus,Chamber,Loss,11,13,24,383,171,12,17,3,-5,0.7,5.0,126.4,26.0,58.0,1,5,0
Modern Mullet#Pato,Modern Mullet,Pato,2026-06-23T18:08:10,Modern Mullet,Pato,Ascendant 2,Ascendant 2,Diamond 2,908ea018-3362-426b-8501-f044141f365e,"20/6/26, 2:21",Competitive,Fracture,Jett,Win,13,8,21,522,132,8,15,8,-7,0.5,-26.0,100.7,22.0,81.0,0,5,1
Modern Mullet#Pato,Modern Mullet,Pato,2026-06-23T18:08:10,Modern Mullet,Pato,Ascendant 2,Ascendant 2,Diamond 3,f8c4a7de-0b64-4036-be4b-0bf3cec55af7,"20/6/26, 1:47",Competitive,Ascent,Jett,Win,13,7,20,799,261,20,16,5,4,1.2,18.0,179.7,17.0,80.0,2,1,0
Modern Mullet#Pato,Modern Mullet,Pato,2026-06-23T18:08:10,Modern Mullet,Pato,Ascendant 2,Ascendant 2,Diamond 3,11825657-a0f6-4d58-bb7a-5c6bc542faf9,"20/6/26, 1:01",Competitive,Lotus,Jett,Win,15,13,28,714,274,24,19,6,5,1.3,30.0,172.2,41.0,71.0,7,5,4
Modern Mullet#Pato,Modern Mullet,Pato,2026-06-23T18:08:10,Modern Mullet,Pato,Ascendant 2,Ascendant 2,Ascendant 1,502a694e-2ac9-409c-9bd5-272cdc3698b6,"20/6/26, 0:13",Competitive,Split,Cypher,Win,13,10,23,381,151,13,14,7,-1,0.9,-27.0,88.7,16.0,65.0,1,3,0
Modern Mullet#Pato,Modern Mullet,Pato,2026-06-23T18:08:10,Modern Mullet,Pato,Ascendant 2,Ascendant 2,Diamond 3,2848de56-7934-4fd1-953d-1e3ad188beb6,"19/6/26, 23:25",Competitive,Haven,Iso,Win,13,8,21,685,214,16,16,4,0,-10.0,151.1,25.0,81.0,3.0,3,0,535
Modern Mullet#Pato,Modern Mullet,Pato,2026-06-23T18:08:10,Modern Mullet,Pato,Ascendant 2,Ascendant 2,Diamond 2,06c0db44-4c17-40c4-8976-dd8f97de1bc5,"19/6/26, 22:52",Competitive,Haven,Sova,Loss,5,13,18,720,278,15,16,2,-1,0.9,21.0,171.7,16.0,83.0,1,0,0
Modern Mullet#Pato,Modern Mullet,Pato,2026-06-23T18:08:10,Modern Mullet,Pato,Ascendant 2,Ascendant 2,Diamond 3,3a2f1c87-d4ac-4816-9b1a-6a207b156b41,"19/6/26, 22:03",Competitive,Lotus,Chamber,Loss,12,14,26,426,229,20,22,3,-2,0.9,-15.0,137.1,12.0,54.0,7,5,2
Modern Mullet#Pato,Modern Mullet,Pato,2026-06-23T18:08:10,Modern Mullet,Pato,Ascendant 2,Ascendant 2,Diamond 2,9ce1bd29-2bc2-4cb5-9e45-2f96eb38c240,"18/6/26, 22:35",Competitive,Ascent,KAY/O,Loss,10,13,23,517,188,13,19,6,-6,0.7,0.0,136.7,28.0,74.0,1,1,1
Modern Mullet#Pato,Modern Mullet,Pato,2026-06-23T18:08:10,Modern Mullet,Pato,Ascendant 2,Ascendant 2,Ascendant 1,f6917373-ed24-4eb4-9cfe-480ebd7afca2,"18/6/26, 21:52",Competitive,Pearl,Jett,Win,13,7,20,996,425,27,13,8,14,2.1,133.0,278.6,29.0,90.0,3,3,4
Modern Mullet#Pato,Modern Mullet,Pato,2026-06-23T18:08:10,Modern Mullet,Pato,Ascendant 2,Ascendant 2,Diamond 3,cc680672-681b-4f27-bad0-54c553e10ab6,"17/6/26, 22:37",Competitive,Ascent,Raze,Loss,5,13,18,167,131,5,17,7,-12,0.3,-55.0,104.6,12.0,61.0,3,5,0
tuki#tft,tuki,tft,2026-06-23T18:11:08,tuki,tft,Ascendant 2,Ascendant 2,Diamond 2,a5232b3a-15c4-4074-8548-eb3dbaeabec7,"22/6/26, 18:10",Competitive,Split,Cypher,Loss,13,15,28,440,206,17,24,6,-7,0.7,-17.0,137.1,26.0,61.0,4,4,0
tuki#tft,tuki,tft,2026-06-23T18:11:08,tuki,tft,Ascendant 2,Ascendant 2,Diamond 2,adcfa428-420e-4bec-afac-a29bf4b50d47,"22/6/26, 12:02",Competitive,Lotus,Raze,Loss,7,13,20,173,149,10,17,2,-7,0.6,-60.0,104.5,15.0,55.0,1,1,0
tuki#tft,tuki,tft,2026-06-23T18:11:08,tuki,tft,Ascendant 2,Ascendant 2,Diamond 1,d0dacb8a-44c1-4a02-bd4a-e5a9a4662849,"22/6/26, 11:36",Competitive,Fracture,Tejo,Win,13,2,15,410,24,7,2,17,3,166.0,258.2,21.0,100.0,3.0,0,1,554
tuki#tft,tuki,tft,2026-06-23T18:11:08,tuki,tft,Ascendant 2,Ascendant 2,Ascendant 1,a0d5d8e7-a7ce-4b8c-b272-1f2001292868,"22/6/26, 11:04",Competitive,Haven,Cypher,Win,13,8,21,967,300,21,12,13,9,1.8,77.0,203.6,23.0,90.0,2,4,3
tuki#tft,tuki,tft,2026-06-23T18:11:08,tuki,tft,Ascendant 2,Ascendant 2,Ascendant 1,6ff35e90-cd20-481a-9e4c-43aed50908a2,"21/6/26, 16:13",Competitive,Pearl,Jett,Loss,6,13,19,420,211,11,16,6,-5,0.7,-19.0,152.2,45.0,68.0,6,1,2
tuki#tft,tuki,tft,2026-06-23T18:11:08,tuki,tft,Ascendant 2,Ascendant 2,Diamond 3,c9b71da3-d1b8-4901-917b-be862781eafd,"21/6/26, 15:34",Competitive,Lotus,Fade,Win,13,11,24,682,275,22,19,6,3,1.2,29.0,178.5,33.0,67.0,4,7,4
tuki#tft,tuki,tft,2026-06-23T18:11:08,tuki,tft,Ascendant 2,Ascendant 2,Ascendant 1,b20e75da-6a23-48fe-8664-ee60bc8c1252,"21/6/26, 14:55",Competitive,Haven,Phoenix,Loss,10,13,23,531,259,17,23,7,-6,0.7,-55.0,172.4,26.0,74.0,6,2,1
tuki#tft,tuki,tft,2026-06-23T18:11:08,tuki,tft,Ascendant 2,Ascendant 2,Diamond 3,e1808e4a-9478-4ba9-8348-df52c0f820bb,"18/6/26, 23:21",Competitive,Fracture,Phoenix,Loss,13,15,28,373,162,13,24,8,-11,0.5,-59.0,117.4,27.0,71.0,2,4,0
tuki#tft,tuki,tft,2026-06-23T18:11:08,tuki,tft,Ascendant 2,Ascendant 2,Diamond 3,061de38f-1157-455b-a5cb-b10b85d5ddf4,"17/6/26, 0:01",Competitive,Ascent,Cypher,Win,13,11,24,321,163,13,19,5,-6,0.7,-31.0,119.8,26.0,54.0,0,1,1
tuki#tft,tuki,tft,2026-06-23T18:11:08,tuki,tft,Ascendant 2,Ascendant 2,Ascendant 1,5a63113a-ba73-44cb-8136-02eb8b93524a,"16/6/26, 23:24",Competitive,Haven,Cypher,Win,13,9,22,441,173,14,16,6,-2,0.9,-17.0,121.2,33.0,64.0,2,3,1
tuki#tft,tuki,tft,2026-06-23T18:11:08,tuki,tft,Ascendant 2,Ascendant 2,Ascendant 2,447fb26e-170a-4483-9dd4-2f05698f214d,"16/6/26, 14:23",Competitive,Split,Skye,Loss,10,13,23,163,127,9,18,4,-9,0.5,-73.0,80.8,13.0,52.0,2,5,0
tuki#tft,tuki,tft,2026-06-23T18:11:08,tuki,tft,Ascendant 2,Ascendant 2,Diamond 2,f316408c-3c48-42e3-831a-fe46c3423d3f,"16/6/26, 13:56",Competitive,Ascent,Cypher,Loss,2,13,15,469,236,11,13,4,-2,0.8,8.0,147.8,26.0,67.0,3,0,0
tuki#tft,tuki,tft,2026-06-23T18:11:08,tuki,tft,Ascendant 2,Ascendant 2,Diamond 1,3c49efdb-6a73-41f5-8dab-d674f77b2720,"16/6/26, 13:21",Competitive,Fracture,Tejo,Win,13,9,22,938,285,23,11,3,12,2.1,83.0,189.9,32.0,86.0,0,0,3
tuki#tft,tuki,tft,2026-06-23T18:11:08,tuki,tft,Ascendant 2,Ascendant 2,Diamond 2,1d8ece3c-6c27-4829-b71a-feb62ab86826,"8/6/26, 15:30",Competitive,Split,Cypher,Loss,12,14,26,672,219,21,16,2,5,1.3,29.0,150.2,28.0,77.0,2,2,1
tuki#tft,tuki,tft,2026-06-23T18:11:08,tuki,tft,Ascendant 2,Ascendant 2,Diamond 2,a4925746-d1bd-467f-bdae-15dee5cf3d87,"8/6/26, 15:01",Competitive,Fracture,Tejo,Loss,4,13,17,131,156,8,16,3,-8,0.5,-64.0,105.8,19.0,47.0,0,4,1
tuki#tft,tuki,tft,2026-06-23T18:11:08,tuki,tft,Ascendant 2,Ascendant 2,Ascendant 1,773ca2d9-658c-4a4a-890b-a2ca0a3661d4,"8/6/26, 0:10",Competitive,Lotus,Phoenix,Win,13,9,22,784,283,22,17,3,5,1.3,10.0,186.3,16.0,77.0,5,0,1
tuki#tft,tuki,tft,2026-06-23T18:11:08,tuki,tft,Ascendant 2,Ascendant 2,Ascendant 1,1171ff08-7a89-4878-9ef5-26b827d26bf1,"7/6/26, 23:36",Competitive,Haven,Cypher,Win,13,7,20,332,123,9,14,2,-5,0.6,-44.0,79.3,21.0,65.0,1,4,1
tuki#tft,tuki,tft,2026-06-23T18:11:08,tuki,tft,Ascendant 2,Ascendant 2,Ascendant 1,04721304-edd5-41e4-939f-027636d284da,"7/6/26, 17:28",Competitive,Haven,Cypher,Win,13,7,20,751,220,16,13,6,3,1.2,21.0,142.7,28.0,80.0,5,1,2
tuki#tft,tuki,tft,2026-06-23T18:11:08,tuki,tft,Ascendant 2,Ascendant 2,Diamond 1,daad6499-d72b-4b20-8e9e-f2ff339d8fd5,"5/6/26, 15:42",Competitive,Split,Cypher,Win,13,6,19,822,236,16,13,8,3,1.2,14.0,146.8,22.0,100.0,4,2,0
tuki#tft,tuki,tft,2026-06-23T18:11:08,tuki,tft,Ascendant 2,Ascendant 2,Diamond 3,0df8ea12-c3b4-4881-93f9-07647d339ac3,"5/6/26, 15:20",Competitive,Pearl,Phoenix,Loss,0,13,13,204,196,8,13,0,-5,0.6,-63.0,118.2,47.0,54.0,4,3,0
C4lo#1234,C4lo,1234,2026-06-23T18:14:05,C4lo,1234,Ascendant 2,Ascendant 2,Diamond 3,886272cd-f090-4558-bfc4-83d481b56df1,"23/6/26, 2:11",Competitive,Breeze,Sova,Win,13,8,21,807,250,17,14,10,3,1.2,57.0,176.8,36.0,76.0,1,1,2
C4lo#1234,C4lo,1234,2026-06-23T18:14:05,C4lo,1234,Ascendant 2,Ascendant 2,Diamond 2,a5232b3a-15c4-4074-8548-eb3dbaeabec7,"22/6/26, 18:10",Competitive,Split,Raze,Loss,13,15,28,214,119,7,24,7,-17,0.3,-60.0,91.1,12.0,57.0,3,6,0
C4lo#1234,C4lo,1234,2026-06-23T18:14:05,C4lo,1234,Ascendant 2,Ascendant 2,Diamond 3,9d57ad61-9104-4c70-87c9-4915d67b0999,"17/6/26, 14:37",Competitive,Lotus,Fade,Loss,4,13,17,131,93,5,15,3,-10,0.3,-85.0,64.2,17.0,65.0,0,2,0
C4lo#1234,C4lo,1234,2026-06-23T18:14:05,C4lo,1234,Ascendant 2,Ascendant 2,Diamond 3,5d76386b-5f57-4a8b-9221-4e5a2303e716,"17/6/26, 14:10",Competitive,Haven,Unknown,Win,13,2,15,517,102,4,9,11,-5,0.4,-37.0,70.2,17.0,87.0,0,0,0
C4lo#1234,C4lo,1234,2026-06-23T18:14:05,C4lo,1234,Ascendant 2,Ascendant 2,Ascendant 1,acacd23b-aa94-4b86-a569-887103c85b87,"17/6/26, 13:25",Competitive,Fracture,Unknown,Win,13,11,24,554,194,15,21,13,-6,0.7,3.0,155.5,33.0,71.0,1,0,0
C4lo#1234,C4lo,1234,2026-06-23T18:14:05,C4lo,1234,Ascendant 2,Ascendant 2,Diamond 2,672c75df-2432-4837-ac71-c9872094f771,"17/6/26, 12:52",Competitive,Pearl,Phoenix,Loss,6,13,19,388,196,13,16,4,-3,0.8,-56.0,127.1,23.0,74.0,4,3,0
C4lo#1234,C4lo,1234,2026-06-23T18:14:05,C4lo,1234,Ascendant 2,Ascendant 2,Diamond 3,061de38f-1157-455b-a5cb-b10b85d5ddf4,"17/6/26, 0:01",Competitive,Ascent,Sova,Win,13,11,24,625,210,18,18,6,0,4.0,144.6,31.0,75.0,0.0,0,0,184
C4lo#1234,C4lo,1234,2026-06-23T18:14:05,C4lo,1234,Ascendant 2,Ascendant 2,Ascendant 1,5a63113a-ba73-44cb-8136-02eb8b93524a,"16/6/26, 23:24",Competitive,Haven,Phoenix,Win,13,9,22,911,265,19,13,11,6,1.5,72.0,192.1,26.0,86.0,4,2,0
C4lo#1234,C4lo,1234,2026-06-23T18:14:05,C4lo,1234,Ascendant 2,Ascendant 2,Ascendant 2,447fb26e-170a-4483-9dd4-2f05698f214d,"16/6/26, 14:23",Competitive,Split,Raze,Loss,10,13,23,274,145,10,17,4,-7,0.6,-51.0,92.0,13.0,65.0,1,2,0
C4lo#1234,C4lo,1234,2026-06-23T18:14:05,C4lo,1234,Ascendant 2,Ascendant 2,Diamond 2,f316408c-3c48-42e3-831a-fe46c3423d3f,"16/6/26, 13:56",Competitive,Ascent,Sova,Loss,2,13,15,100,67,3,13,5,-10,0.2,-100.0,43.3,11.0,53.0,1,1,0
C4lo#1234,C4lo,1234,2026-06-23T18:14:05,C4lo,1234,Ascendant 2,Ascendant 2,Diamond 1,3c49efdb-6a73-41f5-8dab-d674f77b2720,"16/6/26, 13:21",Competitive,Fracture,Unknown,Win,13,9,22,740,235,18,15,7,3,1.2,17.0,152.4,27.0,77.0,2,1,1
C4lo#1234,C4lo,1234,2026-06-23T18:14:05,C4lo,1234,Ascendant 2,Ascendant 2,Diamond 3,c7a8eea3-2966-47b2-8f89-b2b73516886b,"15/6/26, 15:29",Competitive,Breeze,Reyna,Loss,3,13,16,118,121,6,15,1,-9,0.4,-92.0,86.4,17.0,62.0,2,2,0
C4lo#1234,C4lo,1234,2026-06-23T18:14:05,C4lo,1234,Ascendant 2,Ascendant 2,Diamond 2,3ba8fd89-0a04-40d0-8da3-0436b9584871,"15/6/26, 14:55",Competitive,Ascent,Raze,Win,13,6,19,443,169,11,14,3,-3,0.8,-31.0,105.4,16.0,68.0,1,6,0
C4lo#1234,C4lo,1234,2026-06-23T18:14:05,C4lo,1234,Ascendant 2,Ascendant 2,Ascendant 1,e36cfa09-220f-4934-9d24-cb773ed9af35,"15/6/26, 14:22",Competitive,Split,Unknown,Win,13,4,17,687,207,10,14,22,-4,0.7,-31.0,117.0,17.0,94.0,1,2,0
C4lo#1234,C4lo,1234,2026-06-23T18:14:05,C4lo,1234,Ascendant 2,Ascendant 2,Diamond 3,f33906c8-5908-47bc-b935-476484bafb81,"10/6/26, 2:30",Competitive,Pearl,Fade,Win,13,1,14,850,243,12,8,9,4,1.5,24.0,151.8,23.0,93.0,1,0,1
C4lo#1234,C4lo,1234,2026-06-23T18:14:05,C4lo,1234,Ascendant 2,Ascendant 2,Diamond 2,1d8ece3c-6c27-4829-b71a-feb62ab86826,"8/6/26, 15:30",Competitive,Split,Raze,Loss,12,14,26,369,178,16,19,1,-3,0.8,1.0,136.9,22.0,54.0,2,2,2
C4lo#1234,C4lo,1234,2026-06-23T18:14:05,C4lo,1234,Ascendant 2,Ascendant 2,Diamond 2,a4925746-d1bd-467f-bdae-15dee5cf3d87,"8/6/26, 15:01",Competitive,Fracture,Killjoy,Loss,4,13,17,155,142,9,14,3,-5,0.6,-61.0,89.0,21.0,59.0,1,1,1
C4lo#1234,C4lo,1234,2026-06-23T18:14:05,C4lo,1234,Ascendant 2,Ascendant 2,Ascendant 1,773ca2d9-658c-4a4a-890b-a2ca0a3661d4,"8/6/26, 0:10",Competitive,Lotus,Unknown,Win,13,9,22,781,225,16,12,16,4,1.3,27.0,152.4,13.0,82.0,1,1,1
C4lo#1234,C4lo,1234,2026-06-23T18:14:05,C4lo,1234,Ascendant 2,Ascendant 2,Ascendant 1,1171ff08-7a89-4878-9ef5-26b827d26bf1,"7/6/26, 23:36",Competitive,Haven,Raze,Win,13,7,20,657,222,14,13,8,1,1.1,24.0,161.4,17.0,70.0,3,1,0
C4lo#1234,C4lo,1234,2026-06-23T18:14:05,C4lo,1234,Ascendant 2,Ascendant 2,Diamond 1,daad6499-d72b-4b20-8e9e-f2ff339d8fd5,"5/6/26, 15:42",Competitive,Split,Raze,Win,13,6,19,765,281,21,11,3,10,1.9,19.0,184.3,16.0,74.0,2,3,3
Laze#MANU,Laze,MANU,2026-06-23T18:20:04,Laze,MANU,Ascendant 2,Ascendant 2,Diamond 2,090c4cac-7b63-425d-9760-17b13f0e443a,"23/6/26, 1:04",Competitive,Haven,Reyna,Win,13,7,20,576,203,16,12,3,4,1.3,21.0,135.1,32.0,65.0,1,2,2
Laze#MANU,Laze,MANU,2026-06-23T18:20:04,Laze,MANU,Ascendant 2,Ascendant 2,Diamond 3,81260694-5ca1-4efa-9c34-15fcf7ff9dd3,"22/6/26, 23:59",Competitive,Fracture,Killjoy,Win,17,15,32,495,162,20,20,3,0,1.0,-3.0,119.8,19.0,72.0,0,1,1
Laze#MANU,Laze,MANU,2026-06-23T18:20:04,Laze,MANU,Ascendant 2,Ascendant 2,Ascendant 1,7053a7b7-e959-45d9-9dd9-f2c7715d63d2,"22/6/26, 23:24",Competitive,Fracture,Killjoy,Win,13,7,20,684,218,17,13,1,4,1.3,17.0,134.3,25.0,75.0,3,0,1
Laze#MANU,Laze,MANU,2026-06-23T18:20:04,Laze,MANU,Ascendant 2,Ascendant 2,Platinum 3,190a7b01-356f-466f-a527-02f5a8ad2f53,"22/6/26, 19:40",Competitive,Breeze,Killjoy,Win,13,5,18,696,197,13,12,4,1,1.1,26.0,154.3,26.0,78.0,0,2,1
Laze#MANU,Laze,MANU,2026-06-23T18:20:04,Laze,MANU,Ascendant 2,Ascendant 2,Diamond 2,6a29fdf3-e25b-46e1-bc61-5713aa3c3d4e,"22/6/26, 19:05",Competitive,Ascent,Skye,Win,13,8,21,550,146,10,12,12,-2,0.8,-1.0,100.0,17.0,76.0,1,2,1
Laze#MANU,Laze,MANU,2026-06-23T18:20:04,Laze,MANU,Ascendant 2,Ascendant 2,Diamond 3,64daa5d0-3ea3-4142-a46d-89fdfb67b938,"22/6/26, 18:35",Competitive,Haven,Killjoy,Loss,3,13,16,469,262,14,14,0,0,22.0,173.9,27.0,56.0,2.0,0,2,717
Laze#MANU,Laze,MANU,2026-06-23T18:20:04,Laze,MANU,Ascendant 2,Ascendant 2,Diamond 3,8fd85d3b-dadd-4930-b8dd-dbf2c7c2bb46,"22/6/26, 17:49",Competitive,Lotus,Clove,Win,14,12,26,195,91,9,20,5,-11,0.5,-81.0,74.2,26.0,58.0,1,3,1
Laze#MANU,Laze,MANU,2026-06-23T18:20:04,Laze,MANU,Ascendant 2,Ascendant 2,Platinum 3,f61cd8eb-4de8-4dbd-8342-76b18e7f01ac,"22/6/26, 2:22",Competitive,Pearl,Jett,Win,13,10,23,532,198,17,16,4,1,1.1,9.0,147.7,38.0,65.0,1,3,1
Laze#MANU,Laze,MANU,2026-06-23T18:20:04,Laze,MANU,Ascendant 2,Ascendant 2,Diamond 3,e9f8cb81-30af-44f7-8fb2-a6f78d2d49c0,"22/6/26, 1:47",Competitive,Split,Sova,Win,13,10,23,852,233,24,12,5,12,2.0,58.0,154.5,31.0,87.0,0,0,2
Laze#MANU,Laze,MANU,2026-06-23T18:20:04,Laze,MANU,Ascendant 2,Ascendant 2,Diamond 1,01ce4381-ce2b-4f9d-8405-d2c248542187,"21/6/26, 21:55",Competitive,Pearl,Killjoy,Loss,10,13,23,373,167,13,17,4,-4,0.8,-13.0,111.2,33.0,65.0,1,1,0
Laze#MANU,Laze,MANU,2026-06-23T18:20:04,Laze,MANU,Ascendant 2,Ascendant 2,Diamond 1,4cdb2472-121f-4d4b-860f-2b203e1e64c0,"21/6/26, 21:12",Competitive,Haven,Killjoy,Loss,12,14,26,901,328,31,16,3,15,1.9,91.0,221.6,32.0,85.0,4,1,5
Laze#MANU,Laze,MANU,2026-06-23T18:20:04,Laze,MANU,Ascendant 2,Ascendant 2,Diamond 2,64a82346-7edf-4fd3-968d-81aac36446ea,"21/6/26, 1:29",Competitive,Split,Sova,Win,13,8,21,732,203,14,12,5,2,1.2,59.0,155.2,29.0,76.0,1,1,0
Laze#MANU,Laze,MANU,2026-06-23T18:20:04,Laze,MANU,Ascendant 2,Ascendant 2,Ascendant 1,7faacfe3-6956-4725-a5ea-f44a7e00aa0c,"21/6/26, 0:57",Competitive,Haven,Clove,Loss,5,13,18,294,172,11,19,7,-8,0.6,-87.0,102.0,38.0,72.0,0,3,1
Laze#MANU,Laze,MANU,2026-06-23T18:20:04,Laze,MANU,Ascendant 2,Ascendant 2,Diamond 2,374d3a1f-07fa-47f2-b384-40dcee4987f5,"21/6/26, 0:16",Competitive,Lotus,Killjoy,Win,13,9,22,630,179,15,13,3,2,1.1,11.0,117.2,22.0,77.0,1,1,0
Laze#MANU,Laze,MANU,2026-06-23T18:20:04,Laze,MANU,Ascendant 2,Ascendant 2,Ascendant 1,b377d27c-4b5d-44ae-9dfc-cee37f5db4f9,"20/6/26, 16:27",Competitive,Ascent,Sova,Loss,8,13,21,238,121,9,14,3,-5,0.6,-47.0,81.9,19.0,67.0,1,0,0
Laze#MANU,Laze,MANU,2026-06-23T18:20:04,Laze,MANU,Ascendant 2,Ascendant 2,Ascendant 1,f42e199f-db37-4795-bf71-c3d68319eafc,"20/6/26, 15:54",Competitive,Pearl,KAY/O,Win,13,9,22,609,191,14,16,15,-2,0.9,-32.0,112.5,29.0,82.0,0,1,0
Laze#MANU,Laze,MANU,2026-06-23T18:20:04,Laze,MANU,Ascendant 2,Ascendant 2,Diamond 3,498d0abc-eba9-4a04-8764-679036755659,"20/6/26, 15:16",Competitive,Split,Reyna,Loss,12,14,26,211,117,8,22,9,-14,0.4,-68.0,74.5,14.0,62.0,3,4,0
Laze#MANU,Laze,MANU,2026-06-23T18:20:04,Laze,MANU,Ascendant 2,Ascendant 2,Diamond 3,08e9dd13-bd95-4548-908b-1cba2925d9aa,"20/6/26, 14:40",Competitive,Ascent,Sova,Loss,9,13,22,367,151,11,16,5,-5,0.7,-11.0,117.1,24.0,68.0,0,1,0
Laze#MANU,Laze,MANU,2026-06-23T18:20:04,Laze,MANU,Ascendant 2,Ascendant 2,Diamond 2,58ade8f7-c2b5-4b82-b1c3-8ecc609bab65,"20/6/26, 0:13",Competitive,Breeze,Sova,Loss,11,13,24,789,239,20,14,7,6,1.4,61.0,172.7,29.0,83.0,1,1,1
Laze#MANU,Laze,MANU,2026-06-23T18:20:04,Laze,MANU,Ascendant 2,Ascendant 2,Ascendant 1,4f078000-0a62-4782-bc2b-913e747fe1bc,"19/6/26, 23:30",Competitive,Split,Skye,Win,13,11,24,768,231,20,16,8,4,1.2,24.0,161.3,43.0,83.0,1,0,2
LGslayer#4348,LGslayer,4348,2026-06-23T18:23:03,LGslayer,4348,Ascendant 2,Ascendant 2,Diamond 3,a34d9896-0209-4ea6-ab1e-8884c7908b2d,"18/6/26, 17:19",Competitive,Haven,Jett,Win,13,11,24,555,168,13,19,5,-6,0.7,-15.0,125.5,41.0,79.0,4,5,0
LGslayer#4348,LGslayer,4348,2026-06-23T18:23:03,LGslayer,4348,Ascendant 2,Ascendant 2,Diamond 2,9dbe56e6-e889-457e-b918-11c3a51c2f4c,"18/6/26, 16:51",Competitive,Lotus,Clove,Win,13,5,18,591,223,15,18,5,-3,0.8,-25.0,161.3,41.0,72.0,1,2,2
LGslayer#4348,LGslayer,4348,2026-06-23T18:23:03,LGslayer,4348,Ascendant 2,Ascendant 2,Diamond 2,e10551ac-d5b9-45d4-9fba-22d00c324fa0,"18/6/26, 16:07",Competitive,Lotus,Raze,Win,14,12,26,632,244,23,23,3,0,11.0,171.2,30.0,69.0,5.0,11,3,544
LGslayer#4348,LGslayer,4348,2026-06-23T18:23:03,LGslayer,4348,Ascendant 2,Ascendant 2,Platinum 3,4bdfc31e-73d7-4f9a-8d35-2348d488e469,"18/6/26, 15:33",Competitive,Fracture,Clove,Win,13,8,21,847,378,29,16,4,13,1.8,88.0,252.3,52.0,71.0,2,1,6
LGslayer#4348,LGslayer,4348,2026-06-23T18:23:03,LGslayer,4348,Ascendant 2,Ascendant 2,Diamond 2,7d5bf8ce-981c-499e-885e-e1231b5cae0e,"18/6/26, 14:42",Competitive,Pearl,Chamber,Win,15,13,28,414,185,17,21,4,-4,0.8,-14.0,133.2,40.0,61.0,3,2,0
LGslayer#4348,LGslayer,4348,2026-06-23T18:23:03,LGslayer,4348,Ascendant 2,Ascendant 2,Diamond 3,2ccda095-23c9-4a35-a75b-d69c6037a35b,"18/6/26, 14:06",Competitive,Pearl,Harbor,Loss,8,13,21,365,156,12,15,3,-3,0.8,-24.0,104.9,48.0,71.0,2,1,2
LGslayer#4348,LGslayer,4348,2026-06-23T18:23:03,LGslayer,4348,Ascendant 2,Ascendant 2,Diamond 3,ae377561-18a2-4262-954a-dd06079a7910,"18/6/26, 13:25",Competitive,Breeze,Harbor,Loss,11,13,24,193,128,12,19,4,-7,0.6,-60.0,87.8,39.0,54.0,0,0,1
LGslayer#4348,LGslayer,4348,2026-06-23T18:23:03,LGslayer,4348,Ascendant 2,Ascendant 2,Diamond 2,257fa139-ad14-44e5-8d30-89116d87ecb1,"18/6/26, 12:38",Competitive,Lotus,Chamber,Win,14,12,26,815,270,23,22,4,1,1.1,34.0,174.4,50.0,81.0,10,2,1
LGslayer#4348,LGslayer,4348,2026-06-23T18:23:03,LGslayer,4348,Ascendant 2,Ascendant 2,Diamond 2,920c8871-f513-4a3a-a8e5-35aff55ba38b,"18/6/26, 11:59",Competitive,Fracture,Chamber,Win,13,11,24,848,312,29,15,1,14,1.9,98.0,215.8,49.0,75.0,5,2,3
LGslayer#4348,LGslayer,4348,2026-06-23T18:23:03,LGslayer,4348,Ascendant 2,Ascendant 2,Platinum 3,7a3cc494-a719-47a8-86e0-2d9da0429d07,"11/6/26, 20:34",Competitive,Fracture,Iso,Loss,6,13,19,554,259,16,19,3,-3,0.8,13.0,184.2,46.0,68.0,2,2,2
LGslayer#4348,LGslayer,4348,2026-06-23T18:23:03,LGslayer,4348,Ascendant 2,Ascendant 2,Ascendant 1,e94ac88f-2c1c-43de-9dd8-021b56453ede,"11/6/26, 20:19",Competitive,Lotus,Clove,Loss,2,5,7,423,182,4,8,4,-4,0.5,-94.0,98.4,21.0,86.0,0,0,0
LGslayer#4348,LGslayer,4348,2026-06-23T18:23:03,LGslayer,4348,Ascendant 2,Ascendant 2,Ascendant 2,312f5bb2-cc14-48be-a0f0-89a31bffb8b4,"11/6/26, 19:35",Competitive,Split,Chamber,Win,16,14,30,380,192,20,22,3,-2,0.9,-13.0,120.9,37.0,50.0,3,7,2
LGslayer#4348,LGslayer,4348,2026-06-23T18:23:03,LGslayer,4348,Ascendant 2,Ascendant 2,Ascendant 1,be5137b9-3569-4d33-98b6-0b2471cf0575,"11/6/26, 19:07",Competitive,Breeze,Harbor,Win,13,4,17,909,250,15,9,8,6,1.7,65.0,168.1,37.0,94.0,1,0,1
LGslayer#4348,LGslayer,4348,2026-06-23T18:23:03,LGslayer,4348,Ascendant 2,Ascendant 2,Diamond 1,e2564211-059f-44cd-b02d-1b362fcd8b3b,"11/6/26, 18:23",Competitive,Breeze,Chamber,Win,13,9,22,959,346,28,16,3,12,1.8,65.0,211.7,43.0,86.0,5,2,3
LGslayer#4348,LGslayer,4348,2026-06-23T18:23:03,LGslayer,4348,Ascendant 2,Ascendant 2,Diamond 1,84f5bac2-e52b-4d1d-99fb-3c7f95a6bd25,"11/6/26, 17:47",Competitive,Pearl,Fade,Loss,7,13,20,148,137,9,17,5,-8,0.5,-47.0,94.7,27.0,45.0,0,3,1
LGslayer#4348,LGslayer,4348,2026-06-23T18:23:03,LGslayer,4348,Ascendant 2,Ascendant 2,Diamond 3,b31da4c8-1c32-475f-afc9-35026b2d3310,"11/6/26, 17:11",Competitive,Lotus,Chamber,Win,13,8,21,808,269,19,15,3,4,1.3,38.0,164.4,43.0,76.0,5,2,1
LGslayer#4348,LGslayer,4348,2026-06-23T18:23:03,LGslayer,4348,Ascendant 2,Ascendant 2,Diamond 1,70bca3a5-9f36-4d61-9ff2-ac6a6f9150e6,"11/6/26, 16:35",Competitive,Pearl,Unknown,Win,13,9,22,857,304,23,17,5,6,1.4,46.0,193.3,42.0,77.0,5,2,2
LGslayer#4348,LGslayer,4348,2026-06-23T18:23:03,LGslayer,4348,Ascendant 2,Ascendant 2,Ascendant 1,5a595227-a125-46ba-a160-7711c1d99098,"11/6/26, 16:02",Competitive,Fracture,Unknown,Loss,5,13,18,211,193,11,18,1,-7,0.6,-57.0,125.8,24.0,50.0,1,4,1
LGslayer#4348,LGslayer,4348,2026-06-23T18:23:03,LGslayer,4348,Ascendant 2,Ascendant 2,Diamond 3,578ab481-74ba-4a2b-a3fc-1efb62b613df,"11/6/26, 15:38",Competitive,Ascent,Omen,Loss,1,13,14,115,152,6,14,4,-8,0.4,-105.0,86.7,18.0,57.0,2,3,0
LGslayer#4348,LGslayer,4348,2026-06-23T18:23:03,LGslayer,4348,Ascendant 2,Ascendant 2,Diamond 3,0a532cd2-310b-453b-b103-0421aa9e8dd9,"11/6/26, 15:10",Competitive,Haven,Omen,Loss,6,13,19,387,246,18,17,3,1,1.1,-15.0,142.2,54.0,53.0,1,2,3
Dexiny κ#KNR,Dexiny κ,KNR,2026-06-23T18:25:59,Dexiny κ,KNR,Ascendant 2,Ascendant 2,Diamond 3,948dd8d2-ddf6-44f4-a911-cb7650c3fad7,"22/6/26, 20:51",Competitive,Ascent,Sage,Win,15,13,28,608,243,23,22,11,1,1.1,-5.0,144.1,19.0,71.0,4,5,1
Dexiny κ#KNR,Dexiny κ,KNR,2026-06-23T18:25:59,Dexiny κ,KNR,Ascendant 2,Ascendant 2,Diamond 2,d39b2d0a-64d0-468d-8e5b-434a38a964af,"17/6/26, 23:38",Competitive,Lotus,Skye,Loss,13,15,28,320,158,15,22,7,-7,0.7,-47.0,101.0,48.0,64.0,2,3,1
Dexiny κ#KNR,Dexiny κ,KNR,2026-06-23T18:25:59,Dexiny κ,KNR,Ascendant 2,Ascendant 2,Diamond 3,9e5e6bda-aa9c-4e2a-bb5a-483c0132093e,"15/6/26, 19:02",Competitive,Breeze,Unknown,Win,13,6,19,462,152,10,11,10,-1,0.9,-8.0,98.6,43.0,68.0,1,0,1
Dexiny κ#KNR,Dexiny κ,KNR,2026-06-23T18:25:59,Dexiny κ,KNR,Ascendant 2,Ascendant 2,Diamond 2,621f43f7-231d-4bb6-8c50-a062a2c2c7c9,"13/6/26, 16:49",Competitive,Pearl,Chamber,Loss,12,14,26,531,220,20,19,5,1,1.1,27.0,153.2,17.0,62.0,2,4,3
Dexiny κ#KNR,Dexiny κ,KNR,2026-06-23T18:25:59,Dexiny κ,KNR,Ascendant 2,Ascendant 2,Diamond 3,bb933885-16de-44b3-ac83-ced3e85ea36a,"9/6/26, 21:32",Competitive,Split,Sage,Loss,9,13,22,294,181,12,19,6,-7,0.6,-31.0,122.4,23.0,55.0,6,2,0
Dexiny κ#KNR,Dexiny κ,KNR,2026-06-23T18:25:59,Dexiny κ,KNR,Ascendant 2,Ascendant 2,Diamond 2,5cb2679b-d2a1-4a31-8fab-bc1164687578,"8/6/26, 19:14",Competitive,Pearl,Sage,Loss,7,13,20,254,164,12,14,4,-2,0.9,-35.0,98.6,19.0,60.0,0,2,1
Dexiny κ#KNR,Dexiny κ,KNR,2026-06-23T18:25:59,Dexiny κ,KNR,Ascendant 2,Ascendant 2,Ascendant 1,f0514ab8-277d-452d-88fa-7d714630708d,"6/6/26, 20:27",Competitive,Haven,Chamber,Loss,8,13,21,261,163,9,19,5,-10,0.5,-43.0,112.8,22.0,62.0,4,6,0
Dexiny κ#KNR,Dexiny κ,KNR,2026-06-23T18:25:59,Dexiny κ,KNR,Ascendant 2,Ascendant 2,Diamond 2,337640e4-df5b-4661-a48e-37969a7c34fa,"6/6/26, 19:48",Competitive,Haven,Astra,Loss,10,13,23,814,316,24,17,4,7,1.4,66.0,199.3,35.0,78.0,5,1,2
Dexiny κ#KNR,Dexiny κ,KNR,2026-06-23T18:25:59,Dexiny κ,KNR,Ascendant 2,Ascendant 2,Platinum 2,1a438328-6807-4d63-b4bd-45447b65529e,"2/6/26, 9:02",Competitive,Ascent,Fade,Loss,6,13,19,477,234,16,14,2,2,1.1,11.0,148.4,29.0,63.0,2,2,1
Dexiny κ#KNR,Dexiny κ,KNR,2026-06-23T18:25:59,Dexiny κ,KNR,Ascendant 2,Ascendant 2,Diamond 1,fc6fbbfd-aacb-4e6d-ac15-45672d3d5ce5,"1/6/26, 19:14",Competitive,Lotus,Chamber,Win,13,10,23,562,196,19,12,0,7,1.6,29.0,130.7,50.0,65.0,4,3,1
Dexiny κ#KNR,Dexiny κ,KNR,2026-06-23T18:25:59,Dexiny κ,KNR,Ascendant 2,Ascendant 2,Bronze 2,bab26935-4d3c-49fb-b634-709eee58d4b4,"1/6/26, 12:36",Competitive,Ascent,Chamber,Win,13,6,19,462,33,9,1,24,3,169.0,276.4,29.0,100.0,7.0,0,3,224
Dexiny κ#KNR,Dexiny κ,KNR,2026-06-23T18:25:59,Dexiny κ,KNR,Ascendant 2,Ascendant 2,Bronze 2,5a731d16-c41a-4134-9760-80f6c6f5fdd1,"1/6/26, 11:58",Competitive,Fracture,Phoenix,Win,13,8,21,847,346,26,13,4,13,2.0,89.0,234.8,21.0,71.0,7,4,3
Dexiny κ#KNR,Dexiny κ,KNR,2026-06-23T18:25:59,Dexiny κ,KNR,Ascendant 2,Ascendant 2,Diamond 3,fb99ff14-fef3-4e29-a10c-d1fc969e8b48,"21/5/26, 23:19",Competitive,Haven,Chamber,Win,13,7,20,682,240,18,13,1,5,1.4,23.0,162.6,47.0,70.0,6,2,2
Dexiny κ#KNR,Dexiny κ,KNR,2026-06-23T18:25:59,Dexiny κ,KNR,Ascendant 2,Ascendant 2,Silver 2,b87c52bc-7f3a-4e71-a23c-3337066a7533,"20/5/26, 0:52",Competitive,Fracture,Chamber,Loss,3,13,16,515,272,15,15,1,0,-10.0,171.5,30.0,69.0,4.0,3,2,554
Dexiny κ#KNR,Dexiny κ,KNR,2026-06-23T18:25:59,Dexiny κ,KNR,Ascendant 2,Ascendant 2,Diamond 2,c5b71a6a-c8ce-4b40-833d-e988b53e7484,"18/5/26, 23:52",Competitive,Breeze,Chamber,Win,13,11,24,747,260,21,16,2,5,1.3,29.0,167.3,39.0,75.0,5,3,2
Dexiny κ#KNR,Dexiny κ,KNR,2026-06-23T18:25:59,Dexiny κ,KNR,Ascendant 2,Ascendant 2,Ascendant 1,2827ac9d-b94b-46d7-814f-84997d856fbc,"18/5/26, 23:18",Competitive,Haven,Chamber,Loss,7,13,20,304,207,16,15,0,1,1.1,-19.0,123.9,44.0,40.0,1,8,2
Dexiny κ#KNR,Dexiny κ,KNR,2026-06-23T18:25:59,Dexiny κ,KNR,Ascendant 2,Ascendant 2,Gold 3,dd40a1fb-1a7d-408e-8b58-c21ce67728da,"16/5/26, 22:34",Competitive,Pearl,Unknown,Loss,11,13,24,442,189,15,16,7,-1,0.9,-10.0,129.2,33.0,67.0,2,4,1
Dexiny κ#KNR,Dexiny κ,KNR,2026-06-23T18:25:59,Dexiny κ,KNR,Ascendant 2,Ascendant 2,Gold 3,07541df8-9bbd-4c02-9b4b-f11bd888ac60,"16/5/26, 22:01",Competitive,Ascent,Chamber,Loss,5,13,18,481,242,17,15,0,2,1.1,-2.0,149.8,21.0,67.0,4,1,1
Dexiny κ#KNR,Dexiny κ,KNR,2026-06-23T18:25:59,Dexiny κ,KNR,Ascendant 2,Ascendant 2,Gold 3,e2db825c-a7a1-43c4-890c-30d28acb0412,"16/5/26, 21:35",Competitive,Ascent,Unknown,Win,13,2,15,640,222,14,10,10,4,1.4,0.0,148.9,50.0,73.0,2,0,2
Dexiny κ#KNR,Dexiny κ,KNR,2026-06-23T18:25:59,Dexiny κ,KNR,Ascendant 2,Ascendant 2,Gold 1,049dea40-b208-4354-a921-4baa195ab6ec,"16/5/26, 21:02",Competitive,Haven,Unknown,Win,13,7,20,813,280,22,13,10,9,1.7,46.0,169.6,44.0,75.0,2,2,3
SashydeuS#666,SashydeuS,666,2026-06-23T20:08:40,SashydeuS,666,Diamond 2,Diamond 2,Diamond 2,7bde0f21-b99a-430e-ac4a-18a01d397237,"23/6/26, 18:22",Competitive,Ascent,Sova,Loss,1,13,14,485,207,10,14,1,-4,0.7,-21.0,127.9,37.0,79.0,4,2,0
SashydeuS#666,SashydeuS,666,2026-06-23T20:08:40,SashydeuS,666,Diamond 2,Diamond 2,Diamond 2,8924b7f1-e109-4cb5-8a5d-6f7d3cd5c1ce,"23/6/26, 17:50",Competitive,Unknown,Neon,Win,13,4,17,953,423,27,11,3,16,2.5,128.0,270.6,37.0,82.0,4,2,5
SashydeuS#666,SashydeuS,666,2026-06-23T20:08:40,SashydeuS,666,Diamond 2,Diamond 2,Diamond 2,5579edf7-4561-42fc-81ee-bcbe422b7a07,"23/6/26, 17:01",Competitive,Split,Clove,Win,13,9,22,483,191,13,18,16,-5,0.7,-30.0,134.8,22.0,68.0,1,1,0
SashydeuS#666,SashydeuS,666,2026-06-23T20:08:40,SashydeuS,666,Diamond 2,Diamond 2,Diamond 2,a960d14e-eedb-4ba6-b87e-8f7c3dcf3434,"23/6/26, 16:16",Competitive,Haven,Clove,Win,13,11,24,778,263,21,20,12,1,1.1,5.0,169.1,23.0,83.0,1,1,2
SashydeuS#666,SashydeuS,666,2026-06-23T20:08:40,SashydeuS,666,Diamond 2,Diamond 2,Diamond 2,da2410b6-e05c-4ed4-9c38-e7859948609b,"23/6/26, 15:40",Competitive,Split,Clove,Win,13,8,21,779,290,22,15,6,7,1.5,44.0,198.4,27.0,71.0,2,0,2
SashydeuS#666,SashydeuS,666,2026-06-23T20:08:40,SashydeuS,666,Diamond 2,Diamond 2,Diamond 2,ec36e6e1-9064-4fae-ab70-0fff6b7f6404,"23/6/26, 15:08",Competitive,Haven,Clove,Loss,8,13,21,670,258,17,20,10,-3,0.8,-2.0,179.4,16.0,81.0,2,0,2
SashydeuS#666,SashydeuS,666,2026-06-23T20:08:40,SashydeuS,666,Diamond 2,Diamond 2,Platinum 3,18ba6341-b42e-40c5-aa46-524b1b011d99,"23/6/26, 14:24",Competitive,Lotus,Clove,Win,13,11,24,693,223,19,19,11,0,-23.0,137.0,18.0,88.0,3.0,0,1,464
SashydeuS#666,SashydeuS,666,2026-06-23T20:08:40,SashydeuS,666,Diamond 2,Diamond 2,Platinum 1,eaff4d60-9bca-4963-acf6-0eed83024f0b,"22/6/26, 20:33",Competitive,Pearl,Phoenix,Win,13,11,24,510,154,8,16,16,-8,0.5,-27.0,105.3,10.0,79.0,2,4,1
SashydeuS#666,SashydeuS,666,2026-06-23T20:08:40,SashydeuS,666,Diamond 2,Diamond 2,Diamond 2,e10c36d6-ed81-4717-a750-2a945ac65ae1,"22/6/26, 19:40",Competitive,Fracture,Phoenix,Loss,11,13,24,417,218,18,19,3,-1,0.9,-11.0,147.7,20.0,54.0,4,1,2
SashydeuS#666,SashydeuS,666,2026-06-23T20:08:40,SashydeuS,666,Diamond 2,Diamond 2,Diamond 1,dfb38cda-0f42-482d-b6ec-a0faec346c3d,"22/6/26, 18:55",Competitive,Haven,Clove,Win,13,11,24,494,208,17,22,6,-5,0.8,-18.0,138.3,28.0,67.0,1,3,1
SashydeuS#666,SashydeuS,666,2026-06-23T20:08:40,SashydeuS,666,Diamond 2,Diamond 2,Platinum 1,c3a47c57-3d27-4c6c-ba6f-1481c691c8a4,"22/6/26, 18:25",Competitive,Lotus,Clove,Win,13,4,17,798,211,13,11,5,2,1.2,23.0,168.3,20.0,100.0,0,0,0
SashydeuS#666,SashydeuS,666,2026-06-23T20:08:40,SashydeuS,666,Diamond 2,Diamond 2,Diamond 2,00a18341-e48e-403c-a6e0-2e87e6a4b67e,"22/6/26, 1:13",Competitive,Split,Clove,Win,14,12,26,857,302,25,24,19,1,1.0,17.0,193.7,15.0,88.0,4,2,2
SashydeuS#666,SashydeuS,666,2026-06-23T20:08:40,SashydeuS,666,Diamond 2,Diamond 2,Diamond 1,4c38ba0c-078c-441b-af0e-15ed3233842c,"22/6/26, 0:36",Competitive,Fracture,Clove,Loss,7,13,20,606,280,18,17,3,1,1.1,45.0,194.5,17.0,65.0,3,2,2
SashydeuS#666,SashydeuS,666,2026-06-23T20:08:40,SashydeuS,666,Diamond 2,Diamond 2,Diamond 2,3f3a3b6b-48c6-48e2-892e-ecb91d681cca,"22/6/26, 0:13",Competitive,Breeze,Reyna,Loss,1,13,14,242,187,8,12,1,-4,0.7,-33.0,115.4,15.0,57.0,2,1,0
SashydeuS#666,SashydeuS,666,2026-06-23T20:08:40,SashydeuS,666,Diamond 2,Diamond 2,Diamond 2,f0bc80aa-b231-4ca1-8bd3-d2d0ccedd5cd,"21/6/26, 5:30",Competitive,Haven,Clove,Win,13,10,23,749,270,23,16,4,7,1.4,56.0,176.9,25.0,70.0,1,1,3
SashydeuS#666,SashydeuS,666,2026-06-23T20:08:40,SashydeuS,666,Diamond 2,Diamond 2,Diamond 2,0d1daa20-2de2-4817-9018-b6996cb035f6,"21/6/26, 2:17",Competitive,Ascent,Omen,Loss,6,13,19,423,182,11,16,7,-5,0.7,-21.0,127.8,21.0,74.0,0,1,0
SashydeuS#666,SashydeuS,666,2026-06-23T20:08:40,SashydeuS,666,Diamond 2,Diamond 2,Diamond 2,e9e0378b-d2d6-4cd0-8aa1-8103811151d0,"20/6/26, 12:05",Competitive,Fracture,Reyna,Win,14,12,26,452,180,17,20,9,-3,0.8,-26.0,126.3,12.0,69.0,3,4,2
SashydeuS#666,SashydeuS,666,2026-06-23T20:08:40,SashydeuS,666,Diamond 2,Diamond 2,Diamond 2,f89d756f-7771-4c86-b33e-774398cee0a5,"20/6/26, 11:39",Competitive,Breeze,Reyna,Win,13,4,17,724,234,13,9,5,4,1.4,53.0,157.5,17.0,71.0,4,2,1
SashydeuS#666,SashydeuS,666,2026-06-23T20:08:40,SashydeuS,666,Diamond 2,Diamond 2,Diamond 2,f7c8573c-8562-4957-8863-8da89c767863,"20/6/26, 11:07",Competitive,Haven,Clove,Loss,5,13,18,235,130,6,18,8,-12,0.3,-90.0,91.7,6.0,72.0,1,0,0
SashydeuS#666,SashydeuS,666,2026-06-23T20:08:40,SashydeuS,666,Diamond 2,Diamond 2,Diamond 1,2a6f09bf-fc1c-4772-9f0e-f6423bce17f9,"20/6/26, 8:20",Competitive,Fracture,Clove,Loss,9,13,22,529,194,15,16,11,-1,0.9,-9.0,125.2,21.0,77.0,1,0,0
爱 LolaPistola#Lele,爱 LolaPistola,Lele,2026-06-23T20:11:37,爱 LolaPistola,Lele,Diamond 3,Diamond 3,Diamond 2,84a252db-ea50-48a1-a839-14ac5b9c4484,"23/6/26, 19:09",Competitive,Ascent,Sova,Loss,10,13,23,330,154,13,17,4,-4,0.8,-51.0,87.8,28.0,70.0,0,0,1
爱 LolaPistola#Lele,爱 LolaPistola,Lele,2026-06-23T20:11:37,爱 LolaPistola,Lele,Diamond 3,Diamond 3,Diamond 2,9f640e94-fbc1-4903-b78f-d290e97a8570,"23/6/26, 18:32",Competitive,Unknown,Sova,Win,13,5,18,721,223,13,14,6,-1,0.9,-7.0,150.1,32.0,83.0,4,2,0
爱 LolaPistola#Lele,爱 LolaPistola,Lele,2026-06-23T20:11:37,爱 LolaPistola,Lele,Diamond 3,Diamond 3,Diamond 3,91172365-1847-4e01-a77b-02e58cc57006,"23/6/26, 18:01",Competitive,Breeze,Sova,Loss,7,13,20,656,253,17,15,5,2,1.1,34.0,170.8,32.0,75.0,1,4,2
爱 LolaPistola#Lele,爱 LolaPistola,Lele,2026-06-23T20:11:37,爱 LolaPistola,Lele,Diamond 3,Diamond 3,Diamond 2,00c97ce1-486c-4cb9-91b4-68dc1f2e1748,"23/6/26, 17:24",Competitive,Haven,Sova,Win,13,9,22,746,201,15,15,9,0,18.0,141.5,42.0,86.0,0.0,1,0,311
爱 LolaPistola#Lele,爱 LolaPistola,Lele,2026-06-23T20:11:37,爱 LolaPistola,Lele,Diamond 3,Diamond 3,Diamond 3,43d3956c-1f9d-4bf1-ba51-d055473409ee,"23/6/26, 16:44",Competitive,Ascent,Sova,Win,13,8,21,737,222,16,13,8,3,1.2,36.0,150.1,30.0,76.0,0,2,2
爱 LolaPistola#Lele,爱 LolaPistola,Lele,2026-06-23T20:11:37,爱 LolaPistola,Lele,Diamond 3,Diamond 3,Diamond 2,9dfcd319-9dae-4e5a-9139-0d5a30bbcade,"23/6/26, 15:55",Competitive,Breeze,Sova,Draw,15,15,30,425,191,19,23,3,-4,0.8,-21.0,126.0,32.0,63.0,3,1,1
爱 LolaPistola#Lele,爱 LolaPistola,Lele,2026-06-23T20:11:37,爱 LolaPistola,Lele,Diamond 3,Diamond 3,Diamond 3,bfcc04da-2544-4345-a486-cf9cde8bdeeb,"23/6/26, 14:16",Competitive,Unknown,Sova,Loss,10,13,23,501,168,13,17,7,-4,0.8,-13.0,117.5,37.0,78.0,2,1,0
爱 LolaPistola#Lele,爱 LolaPistola,Lele,2026-06-23T20:11:37,爱 LolaPistola,Lele,Diamond 3,Diamond 3,Diamond 3,9b6b6f61-a154-4959-af06-375d2b4080d1,"23/6/26, 13:47",Competitive,Unknown,Sova,Win,13,3,16,822,330,20,10,4,10,2.0,83.0,221.9,24.0,69.0,4,2,4
爱 LolaPistola#Lele,爱 LolaPistola,Lele,2026-06-23T20:11:37,爱 LolaPistola,Lele,Diamond 3,Diamond 3,Diamond 3,37811e05-9191-47cf-8708-f55b9869aa73,"22/6/26, 21:41",Competitive,Pearl,Sova,Loss,6,13,19,293,185,12,16,4,-4,0.8,-23.0,111.4,43.0,58.0,2,4,1
爱 LolaPistola#Lele,爱 LolaPistola,Lele,2026-06-23T20:11:37,爱 LolaPistola,Lele,Diamond 3,Diamond 3,Diamond 3,9bf9adc1-2b8f-42b5-a76a-6f4948a03372,"22/6/26, 21:08",Competitive,Pearl,Sova,Loss,6,13,19,384,181,12,13,3,-1,0.9,8.0,130.5,57.0,63.0,2,0,1
爱 LolaPistola#Lele,爱 LolaPistola,Lele,2026-06-23T20:11:37,爱 LolaPistola,Lele,Diamond 3,Diamond 3,Diamond 3,5d803f70-875e-464b-8dbe-858f34caa2b6,"22/6/26, 20:39",Competitive,Breeze,Chamber,Win,13,4,17,747,243,16,10,3,6,1.6,61.0,173.3,28.0,71.0,0,1,1
爱 LolaPistola#Lele,爱 LolaPistola,Lele,2026-06-23T20:11:37,爱 LolaPistola,Lele,Diamond 3,Diamond 3,Diamond 1,4f88b960-25b7-44f9-ab7b-1ab3ac443e3f,"22/6/26, 19:54",Competitive,Ascent,Sova,Loss,11,13,24,408,183,15,18,5,-3,0.8,-4.0,136.0,24.0,62.0,2,3,1
爱 LolaPistola#Lele,爱 LolaPistola,Lele,2026-06-23T20:11:37,爱 LolaPistola,Lele,Diamond 3,Diamond 3,Diamond 3,f982fba5-a9aa-4903-9647-a37cbf523de9,"22/6/26, 19:19",Competitive,Breeze,Sova,Loss,8,13,21,350,161,11,15,3,-4,0.7,-37.0,107.2,17.0,71.0,2,1,0
爱 LolaPistola#Lele,爱 LolaPistola,Lele,2026-06-23T20:11:37,爱 LolaPistola,Lele,Diamond 3,Diamond 3,Diamond 3,0337a60a-45c1-4d55-aa45-4a1d28141f40,"22/6/26, 18:10",Competitive,Haven,Sova,Loss,11,13,24,759,300,24,21,8,3,1.1,40.0,206.2,36.0,75.0,2,1,0
爱 LolaPistola#Lele,爱 LolaPistola,Lele,2026-06-23T20:11:37,爱 LolaPistola,Lele,Diamond 3,Diamond 3,Diamond 3,0f75f0d6-5755-46ea-adc5-6c4d60af5010,"22/6/26, 17:15",Competitive,Ascent,Sova,Loss,13,15,28,681,235,23,22,8,1,1.1,-0.0,161.0,27.0,79.0,2,2,0
爱 LolaPistola#Lele,爱 LolaPistola,Lele,2026-06-23T20:11:37,爱 LolaPistola,Lele,Diamond 3,Diamond 3,Diamond 3,f982c2e6-8aa7-4153-8bfc-7f314ae24193,"22/6/26, 16:37",Competitive,Fracture,Breach,Win,13,10,23,542,198,16,16,5,0,15.0,140.1,36.0,65.0,0.0,1,0,264
爱 LolaPistola#Lele,爱 LolaPistola,Lele,2026-06-23T20:11:37,爱 LolaPistola,Lele,Diamond 3,Diamond 3,Diamond 2,6c54434b-879e-4f60-9208-4a41815d35e2,"22/6/26, 12:07",Competitive,Fracture,Breach,Win,13,10,23,799,236,18,17,10,1,1.1,33.0,157.9,41.0,83.0,2,2,2
爱 LolaPistola#Lele,爱 LolaPistola,Lele,2026-06-23T20:11:37,爱 LolaPistola,Lele,Diamond 3,Diamond 3,Diamond 3,9ed3b20e-f4ba-48a3-923c-993277b2b60e,"21/6/26, 19:09",Competitive,Split,Breach,Loss,9,13,22,663,207,14,15,10,-1,0.9,28.0,140.9,14.0,82.0,1,2,2
爱 LolaPistola#Lele,爱 LolaPistola,Lele,2026-06-23T20:11:37,爱 LolaPistola,Lele,Diamond 3,Diamond 3,Diamond 3,7ba02951-791f-4c57-96f8-2df301263cc9,"21/6/26, 18:28",Competitive,Pearl,Sova,Win,13,10,23,657,200,17,17,8,0,9.0,147.7,23.0,78.0,0.0,1,0,203
爱 LolaPistola#Lele,爱 LolaPistola,Lele,2026-06-23T20:11:37,爱 LolaPistola,Lele,Diamond 3,Diamond 3,Diamond 1,c0dcef57-1bd9-4686-b43f-aefd759fc606,"21/6/26, 17:31",Competitive,Lotus,Breach,Win,13,10,23,502,157,12,19,7,-7,0.6,-34.0,118.1,22.0,78.0,0,5,2
Athexo#0110,Athexo,0110,2026-06-23T20:17:48,Athexo,0110,Diamond 3,Diamond 3,Diamond 1,79d63edf-ed7b-4692-91a1-33fd69c0f3b9,"23/6/26, 19:36",Competitive,Lotus,Iso,Loss,8,13,21,292,183,12,18,6,-6,0.7,-30.0,129.7,24.0,57.0,1,3,2
Athexo#0110,Athexo,0110,2026-06-23T20:17:48,Athexo,0110,Diamond 3,Diamond 3,Diamond 2,cdd4659e-6acb-404d-9899-4a39d1e39a61,"23/6/26, 18:48",Competitive,Ascent,Cypher,Win,15,13,28,300,149,14,23,6,-9,0.6,-43.0,107.8,31.0,61.0,3,3,1
Athexo#0110,Athexo,0110,2026-06-23T20:17:48,Athexo,0110,Diamond 3,Diamond 3,Diamond 3,df71ecf4-561f-436a-8f85-388666caec8d,"23/6/26, 18:03",Competitive,Breeze,Yoru,Loss,11,13,24,519,221,18,19,4,-1,0.9,2.0,139.2,19.0,67.0,2,4,2
Athexo#0110,Athexo,0110,2026-06-23T20:17:48,Athexo,0110,Diamond 3,Diamond 3,Diamond 3,219aa716-901d-4ab4-a83f-095a20d10e42,"23/6/26, 17:17",Competitive,Unknown,Chamber,Loss,13,15,28,320,169,17,21,3,-4,0.8,-46.0,105.5,25.0,61.0,2,5,0
Athexo#0110,Athexo,0110,2026-06-23T20:17:48,Athexo,0110,Diamond 3,Diamond 3,Platinum 3,abd1b11d-7952-4cff-bd55-9a1e4d42c1ef,"23/6/26, 16:40",Competitive,Lotus,Chamber,Loss,8,13,21,465,186,14,16,4,-2,0.9,-27.0,122.0,17.0,76.0,2,2,1
Athexo#0110,Athexo,0110,2026-06-23T20:17:48,Athexo,0110,Diamond 3,Diamond 3,Diamond 2,5a5ca1f7-5608-4872-ba5e-92e9b38350cb,"23/6/26, 16:16",Competitive,Haven,Clove,Win,13,2,15,373,159,7,10,6,-3,0.7,-27.0,112.7,33.0,60.0,3,5,0
Athexo#0110,Athexo,0110,2026-06-23T20:17:48,Athexo,0110,Diamond 3,Diamond 3,Diamond 2,75d2a2f6-81f5-4bf5-a598-146676b4ec06,"23/6/26, 15:44",Competitive,Breeze,Yoru,Win,13,6,19,740,254,17,11,2,6,1.6,67.0,179.3,22.0,68.0,4,4,3
Athexo#0110,Athexo,0110,2026-06-23T20:17:48,Athexo,0110,Diamond 3,Diamond 3,Platinum 3,08d4523b-1ac4-4386-bc74-65e76de499c2,"23/6/26, 15:12",Competitive,Split,Clove,Win,13,9,22,687,244,18,20,13,-2,0.9,-15.0,162.1,17.0,77.0,2,1,1
Athexo#0110,Athexo,0110,2026-06-23T20:17:48,Athexo,0110,Diamond 3,Diamond 3,Diamond 1,4f7929c3-c4c5-47f3-a5f3-ea392f330b27,"23/6/26, 14:40",Competitive,Unknown,Killjoy,Loss,5,13,18,437,243,13,15,1,-2,0.9,28.0,176.2,28.0,44.0,0,2,2
Athexo#0110,Athexo,0110,2026-06-23T20:17:48,Athexo,0110,Diamond 3,Diamond 3,Diamond 3,d3a9c0e0-50e8-48ab-91b9-50a9ba509ff5,"23/6/26, 1:18",Competitive,Pearl,Yoru,Win,13,10,23,707,205,18,16,3,2,1.1,8.0,144.2,37.0,83.0,2,1,0
Athexo#0110,Athexo,0110,2026-06-23T20:17:48,Athexo,0110,Diamond 3,Diamond 3,Diamond 3,21b6c178-3e85-458a-be31-598d398e044e,"23/6/26, 0:41",Competitive,Ascent,Clove,Win,13,7,20,631,234,17,16,6,1,1.1,-24.0,142.0,23.0,75.0,3,4,3
Athexo#0110,Athexo,0110,2026-06-23T20:17:48,Athexo,0110,Diamond 3,Diamond 3,Diamond 3,8894c26f-12e9-47f8-bae7-fe8425ca2784,"23/6/26, 0:06",Competitive,Ascent,Jett,Loss,10,13,23,258,158,13,19,4,-6,0.7,-26.0,119.0,20.0,48.0,0,7,0
Athexo#0110,Athexo,0110,2026-06-23T20:17:48,Athexo,0110,Diamond 3,Diamond 3,Diamond 3,d23547b4-8b8b-4e5c-8f8b-3a5f39941382,"22/6/26, 23:28",Competitive,Split,Clove,Win,13,9,22,879,270,20,17,7,3,1.2,22.0,179.1,15.0,95.0,0,2,0
Athexo#0110,Athexo,0110,2026-06-23T20:17:48,Athexo,0110,Diamond 3,Diamond 3,Diamond 3,a9014845-81f8-44d2-bde4-6fe7680b1404,"22/6/26, 22:23",Competitive,Lotus,Iso,Draw,19,19,38,588,235,28,35,13,-7,0.8,-23.0,153.8,29.0,74.0,4,7,2
Athexo#0110,Athexo,0110,2026-06-23T20:17:48,Athexo,0110,Diamond 3,Diamond 3,Diamond 3,e2c1ae37-928c-4fd7-892b-0af11c972148,"22/6/26, 21:46",Competitive,Fracture,Deadlock,Loss,4,13,17,143,132,9,15,3,-6,0.6,-61.0,92.1,27.0,59.0,1,3,1
Athexo#0110,Athexo,0110,2026-06-23T20:17:48,Athexo,0110,Diamond 3,Diamond 3,Diamond 3,58a908d7-23b7-4c5e-b8ba-5955d8262296,"22/6/26, 21:07",Competitive,Pearl,Chamber,Loss,10,13,23,674,246,19,17,5,2,1.1,35.0,166.3,20.0,74.0,3,1,0
Athexo#0110,Athexo,0110,2026-06-23T20:17:48,Athexo,0110,Diamond 3,Diamond 3,Diamond 3,b9076d01-ae90-4f96-b4f8-e8378a520cb5,"22/6/26, 19:58",Competitive,Split,Raze,Win,13,11,24,514,234,17,18,8,-1,0.9,-15.0,155.8,6.0,62.0,1,3,1
Athexo#0110,Athexo,0110,2026-06-23T20:17:48,Athexo,0110,Diamond 3,Diamond 3,Diamond 3,e0b30e46-aba3-436f-8bf7-c3e6ccbcdc13,"22/6/26, 19:28",Competitive,Breeze,Yoru,Loss,7,13,20,624,236,16,18,5,-2,0.9,-30.0,138.9,24.0,90.0,1,2,1
Athexo#0110,Athexo,0110,2026-06-23T20:17:48,Athexo,0110,Diamond 3,Diamond 3,Diamond 3,8b4e8e3c-057b-43ea-8025-63352f0e1642,"22/6/26, 18:49",Competitive,Lotus,Clove,Loss,6,13,19,561,272,18,19,7,-1,0.9,-19.0,182.2,16.0,74.0,4,3,1
Athexo#0110,Athexo,0110,2026-06-23T20:17:48,Athexo,0110,Diamond 3,Diamond 3,Diamond 3,8170855f-087b-47ec-95f0-0f6b86fd295b,"21/6/26, 2:01",Competitive,Fracture,Unknown,Win,13,5,18,620,222,15,12,1,3,1.2,-10.0,137.2,15.0,72.0,1,2,1
SoKo9#LAS,SoKo9,LAS,2026-06-23T20:23:53,SoKo9,LAS,Diamond 2,Diamond 2,Diamond 1,79d63edf-ed7b-4692-91a1-33fd69c0f3b9,"23/6/26, 19:36",Competitive,Lotus,Breach,Loss,8,13,21,412,148,11,15,4,-4,0.7,-43.0,94.5,15.0,81.0,0,2,0
SoKo9#LAS,SoKo9,LAS,2026-06-23T20:23:53,SoKo9,LAS,Diamond 2,Diamond 2,Diamond 2,cdd4659e-6acb-404d-9899-4a39d1e39a61,"23/6/26, 18:48",Competitive,Ascent,Sova,Win,15,13,28,401,152,15,19,5,-4,0.8,-35.0,95.8,10.0,71.0,1,3,1
SoKo9#LAS,SoKo9,LAS,2026-06-23T20:23:53,SoKo9,LAS,Diamond 2,Diamond 2,Platinum 3,abd1b11d-7952-4cff-bd55-9a1e4d42c1ef,"23/6/26, 16:40",Competitive,Lotus,Raze,Loss,8,13,21,586,252,19,18,4,1,1.1,9.0,156.0,14.0,71.0,2,2,2
SoKo9#LAS,SoKo9,LAS,2026-06-23T20:23:53,SoKo9,LAS,Diamond 2,Diamond 2,Diamond 2,5a5ca1f7-5608-4872-ba5e-92e9b38350cb,"23/6/26, 16:16",Competitive,Haven,Raze,Win,13,2,15,768,242,14,7,3,7,2.0,67.0,167.1,13.0,73.0,1,1,1
SoKo9#LAS,SoKo9,LAS,2026-06-23T20:23:53,SoKo9,LAS,Diamond 2,Diamond 2,Diamond 2,75d2a2f6-81f5-4bf5-a598-146676b4ec06,"23/6/26, 15:44",Competitive,Breeze,Sova,Win,13,6,19,844,268,18,13,10,5,1.4,47.0,177.2,12.0,79.0,1,1,1
SoKo9#LAS,SoKo9,LAS,2026-06-23T20:23:53,SoKo9,LAS,Diamond 2,Diamond 2,Platinum 3,08d4523b-1ac4-4386-bc74-65e76de499c2,"23/6/26, 15:12",Competitive,Split,Raze,Win,13,9,22,677,209,14,18,6,-4,0.8,-15.0,153.2,14.0,82.0,4,5,1
SoKo9#LAS,SoKo9,LAS,2026-06-23T20:23:53,SoKo9,LAS,Diamond 2,Diamond 2,Diamond 1,4f7929c3-c4c5-47f3-a5f3-ea392f330b27,"23/6/26, 14:40",Competitive,Unknown,Raze,Loss,5,13,18,318,205,12,17,3,-5,0.7,-59.0,126.2,12.0,67.0,2,4,1
SoKo9#LAS,SoKo9,LAS,2026-06-23T20:23:53,SoKo9,LAS,Diamond 2,Diamond 2,Diamond 2,28353b31-c251-43eb-aae8-f2206a3fe882,"19/6/26, 17:12",Competitive,Haven,Raze,Win,13,9,22,778,273,22,18,4,4,1.2,38.0,180.4,16.0,73.0,2,3,2
SoKo9#LAS,SoKo9,LAS,2026-06-23T20:23:53,SoKo9,LAS,Diamond 2,Diamond 2,Diamond 1,868096b4-5550-4878-be4b-d507e9a5b9f8,"19/6/26, 16:38",Competitive,Lotus,Breach,Win,13,6,19,532,144,9,14,6,-5,0.6,-42.0,103.3,15.0,84.0,0,1,0
SoKo9#LAS,SoKo9,LAS,2026-06-23T20:23:53,SoKo9,LAS,Diamond 2,Diamond 2,Diamond 1,d0064693-7e5b-4493-baa3-0872baf939cc,"19/6/26, 15:53",Competitive,Ascent,Raze,Loss,10,13,23,272,152,13,20,2,-7,0.7,-57.0,95.3,11.0,65.0,2,2,1
SoKo9#LAS,SoKo9,LAS,2026-06-23T20:23:53,SoKo9,LAS,Diamond 2,Diamond 2,Diamond 2,79e81bb7-2cd9-4e5d-9d2c-383c4a685eef,"16/6/26, 15:27",Competitive,Split,Raze,Loss,11,13,24,252,137,10,17,3,-7,0.6,-36.0,101.0,9.0,58.0,2,3,0
SoKo9#LAS,SoKo9,LAS,2026-06-23T20:23:53,SoKo9,LAS,Diamond 2,Diamond 2,Diamond 2,da8bee16-5825-4c95-90f7-0adbd4d6db55,"16/6/26, 14:45",Competitive,Split,Raze,Win,13,11,24,563,233,20,17,2,3,1.2,13.0,156.5,15.0,62.0,4,5,1
SoKo9#LAS,SoKo9,LAS,2026-06-23T20:23:53,SoKo9,LAS,Diamond 2,Diamond 2,Diamond 2,db7785fe-883f-4138-a9dd-66969a84c872,"13/6/26, 19:30",Competitive,Fracture,Tejo,Loss,12,14,26,801,312,29,20,3,9,1.4,48.0,196.2,14.0,77.0,4,3,5
SoKo9#LAS,SoKo9,LAS,2026-06-23T20:23:53,SoKo9,LAS,Diamond 2,Diamond 2,Diamond 2,3b06bf1a-70c0-4f18-82e6-9acab8ca7351,"13/6/26, 19:03",Competitive,Pearl,Raze,Win,13,1,14,896,280,16,8,1,8,2.0,39.0,158.9,15.0,86.0,2,1,1
SoKo9#LAS,SoKo9,LAS,2026-06-23T20:23:53,SoKo9,LAS,Diamond 2,Diamond 2,Diamond 2,04beaded-83c1-41c2-8ad4-9123f8aba9a5,"13/6/26, 18:15",Competitive,Ascent,Raze,Win,15,13,28,880,287,26,20,3,6,1.3,53.0,194.1,15.0,86.0,5,2,3
SoKo9#LAS,SoKo9,LAS,2026-06-23T20:23:53,SoKo9,LAS,Diamond 2,Diamond 2,Diamond 1,d2d6d924-ec05-43c0-aa99-ac196ca76318,"13/6/26, 17:34",Competitive,Haven,Raze,Win,13,9,22,488,191,14,19,4,-5,0.7,-56.0,115.3,18.0,73.0,4,3,1
SoKo9#LAS,SoKo9,LAS,2026-06-23T20:23:53,SoKo9,LAS,Diamond 2,Diamond 2,Diamond 2,621f43f7-231d-4bb6-8c50-a062a2c2c7c9,"13/6/26, 16:49",Competitive,Pearl,Fade,Loss,12,14,26,461,209,18,20,7,-2,0.9,-12.0,128.7,11.0,65.0,2,1,0
SoKo9#LAS,SoKo9,LAS,2026-06-23T20:23:53,SoKo9,LAS,Diamond 2,Diamond 2,Diamond 2,8fae8fe8-ab63-4c49-a931-7feb794be445,"11/6/26, 16:28",Competitive,Lotus,Raze,Loss,8,13,21,340,179,10,19,6,-9,0.5,-34.0,126.9,14.0,67.0,3,1,0
SoKo9#LAS,SoKo9,LAS,2026-06-23T20:23:53,SoKo9,LAS,Diamond 2,Diamond 2,Diamond 2,53ac0dd1-92db-465e-a911-41c6dd34c6cd,"11/6/26, 15:53",Competitive,Haven,Raze,Loss,5,13,18,588,237,13,14,8,-1,0.9,1.0,160.8,8.0,78.0,2,1,1
SoKo9#LAS,SoKo9,LAS,2026-06-23T20:23:53,SoKo9,LAS,Diamond 2,Diamond 2,Diamond 2,6a4d45c9-f1ea-46ea-8fe0-c194462f36e5,"11/6/26, 15:13",Competitive,Breeze,Viper,Win,13,9,22,518,153,11,16,9,-5,0.7,-49.0,93.5,7.0,82.0,2,3,0
El minideus#6996,El minideus,6996,2026-06-23T20:35:57,El minideus,6996,Diamond 3,Diamond 3,Diamond 3,ef1a887b-51e9-415c-a53b-78138bec22d2,"21/6/26, 22:18",Competitive,Haven,Phoenix,Loss,9,13,22,548,199,16,17,6,-1,0.9,-24.0,124.1,20.0,82.0,3,5,1
El minideus#6996,El minideus,6996,2026-06-23T20:35:57,El minideus,6996,Diamond 3,Diamond 3,Diamond 1,3c44e6c3-f9b0-4369-9f1e-e058c42a6410,"20/6/26, 23:04",Competitive,Pearl,Jett,Win,13,11,24,751,232,19,17,3,2,1.1,29.0,160.6,25.0,79.0,4,3,2
El minideus#6996,El minideus,6996,2026-06-23T20:35:57,El minideus,6996,Diamond 3,Diamond 3,Diamond 1,4436b83e-3e85-4ce6-9d73-9f6be474bbf3,"20/6/26, 22:32",Competitive,Split,Raze,Loss,6,13,19,361,208,14,14,1,0,2.0,136.4,25.0,53.0,3.0,4,1,137
El minideus#6996,El minideus,6996,2026-06-23T20:35:57,El minideus,6996,Diamond 3,Diamond 3,Platinum 3,b3b2617b-a393-4c3d-8678-e5c1be38adfb,"20/6/26, 22:04",Competitive,Breeze,Chamber,Win,13,2,15,937,347,21,6,0,15,3.5,129.0,229.4,33.0,80.0,6,2,2
El minideus#6996,El minideus,6996,2026-06-23T20:35:57,El minideus,6996,Diamond 3,Diamond 3,Platinum 2,914464df-9498-4eb8-8d07-f486c69cde9c,"20/6/26, 21:10",Competitive,Fracture,Jett,Loss,7,13,20,381,206,14,17,1,-3,0.8,-24.0,123.8,26.0,65.0,3,2,0
El minideus#6996,El minideus,6996,2026-06-23T20:35:57,El minideus,6996,Diamond 3,Diamond 3,Diamond 1,c816e540-0bb4-4e1e-97d5-abdb5b507764,"19/6/26, 23:06",Competitive,Haven,Jett,Loss,6,13,19,358,197,13,15,3,-2,0.9,-19.0,131.2,22.0,63.0,3,1,1
El minideus#6996,El minideus,6996,2026-06-23T20:35:57,El minideus,6996,Diamond 3,Diamond 3,Diamond 1,4b27a81c-784e-499d-a93e-498aebf34959,"19/6/26, 22:28",Competitive,Breeze,Sova,Win,13,8,21,774,257,20,11,5,9,1.8,72.0,186.2,35.0,71.0,0,1,4
El minideus#6996,El minideus,6996,2026-06-23T20:35:57,El minideus,6996,Diamond 3,Diamond 3,Diamond 3,4fc981d4-2895-4b68-9269-07774335b369,"19/6/26, 21:53",Competitive,Haven,Raze,Loss,10,13,23,339,166,14,16,4,-2,0.9,-16.0,115.7,33.0,61.0,0,3,0
El minideus#6996,El minideus,6996,2026-06-23T20:35:57,El minideus,6996,Diamond 3,Diamond 3,Platinum 1,a286f683-fea2-4472-9443-822100df7c0f,"19/6/26, 20:47",Competitive,Fracture,Unknown,Win,13,9,22,665,225,17,17,2,0,10.0,154.8,29.0,73.0,4.0,2,0,311
El minideus#6996,El minideus,6996,2026-06-23T20:35:57,El minideus,6996,Diamond 3,Diamond 3,Diamond 3,09ad2724-f84c-4b57-8173-d7ba3b71d473,"18/6/26, 22:34",Competitive,Breeze,Jett,Loss,6,13,19,411,185,11,17,4,-6,0.7,-29.0,127.7,20.0,74.0,3,2,0
El minideus#6996,El minideus,6996,2026-06-23T20:35:57,El minideus,6996,Diamond 3,Diamond 3,Diamond 1,443abefb-fb7f-4b8d-a28f-a5b4e3ffe46b,"14/6/26, 0:45",Competitive,Fracture,Reyna,Loss,8,13,21,346,209,15,18,3,-3,0.8,-42.0,123.9,37.0,62.0,2,2,2
El minideus#6996,El minideus,6996,2026-06-23T20:35:57,El minideus,6996,Diamond 3,Diamond 3,Diamond 2,b2feadca-2270-459b-bd3f-eb8d4f34f030,"14/6/26, 0:08",Competitive,Pearl,Jett,Loss,10,13,23,400,196,18,16,1,2,1.1,-11.0,115.0,33.0,61.0,1,4,3
El minideus#6996,El minideus,6996,2026-06-23T20:35:57,El minideus,6996,Diamond 3,Diamond 3,Diamond 1,ec3edc23-c7af-4a89-92b7-834b26de50d5,"13/6/26, 23:26",Competitive,Split,Raze,Win,13,11,24,733,268,22,19,6,3,1.2,17.0,164.8,18.0,75.0,5,3,1
El minideus#6996,El minideus,6996,2026-06-23T20:35:57,El minideus,6996,Diamond 3,Diamond 3,Diamond 1,f096a4ba-631e-4186-924f-32d1762a086c,"13/6/26, 20:20",Competitive,Breeze,Jett,Loss,13,15,28,507,245,22,25,3,-3,0.9,4.0,161.1,35.0,54.0,2,6,2
El minideus#6996,El minideus,6996,2026-06-23T20:35:57,El minideus,6996,Diamond 3,Diamond 3,Diamond 3,5ca5f833-e142-46dd-968a-36ad2abf781b,"13/6/26, 19:36",Competitive,Haven,Raze,Win,13,6,19,562,189,12,15,3,-3,0.8,-15.0,131.8,14.0,74.0,4,4,0
El minideus#6996,El minideus,6996,2026-06-23T20:35:57,El minideus,6996,Diamond 3,Diamond 3,Diamond 3,3a0418f4-d9f1-49de-bc53-852788255cb4,"13/6/26, 18:57",Competitive,Pearl,Jett,Win,13,8,21,940,328,24,15,3,9,1.6,50.0,191.3,30.0,86.0,7,1,3
El minideus#6996,El minideus,6996,2026-06-23T20:35:57,El minideus,6996,Diamond 3,Diamond 3,Diamond 2,e3ec1adc-770a-4672-9c33-2a55717a77c7,"13/6/26, 17:59",Competitive,Haven,Raze,Loss,12,14,26,714,279,24,19,5,5,1.3,35.0,182.1,34.0,73.0,4,3,3
El minideus#6996,El minideus,6996,2026-06-23T20:35:57,El minideus,6996,Diamond 3,Diamond 3,Diamond 3,f59a3ec1-809d-4f80-8010-612da86ee7ad,"12/6/26, 22:17",Competitive,Breeze,Chamber,Win,13,11,24,576,192,18,16,2,2,1.1,-7.0,120.3,30.0,75.0,2,0,2
El minideus#6996,El minideus,6996,2026-06-23T20:35:57,El minideus,6996,Diamond 3,Diamond 3,Diamond 1,5150219d-90bc-4fb1-9e56-af455eacc2d7,"22/5/26, 17:21",Competitive,Fracture,Unknown,Loss,10,13,23,174,133,10,20,4,-10,0.5,-67.0,93.7,14.0,52.0,1,2,0
El minideus#6996,El minideus,6996,2026-06-23T20:35:57,El minideus,6996,Diamond 3,Diamond 3,Diamond 3,23affb83-bda7-48b9-b5e4-015cac7fc32c,"22/5/26, 16:41",Competitive,Pearl,Yoru,Loss,10,13,23,636,261,21,20,7,1,1.1,2.0,167.5,23.0,74.0,2,3,3
x19x#aaaa,x19x,aaaa,2026-06-23T20:38:57,x19x,aaaa,Diamond 3,Diamond 3,Diamond 1,4b035b56-92b4-4643-ae19-e5770f675da2,"5/6/26, 2:07",Competitive,Split,Sage,Win,13,7,20,870,258,17,13,7,4,1.3,44.0,169.3,24.0,85.0,1,3,1
x19x#aaaa,x19x,aaaa,2026-06-23T20:38:57,x19x,aaaa,Diamond 3,Diamond 3,Diamond 1,0c89b8b5-b73d-4a78-85e0-124ccb40935d,"5/6/26, 1:10",Competitive,Fracture,Jett,Loss,9,13,22,479,198,16,17,1,-1,0.9,-18.0,126.0,33.0,73.0,4,1,1
x19x#aaaa,x19x,aaaa,2026-06-23T20:38:57,x19x,aaaa,Diamond 3,Diamond 3,Platinum 3,43d5e40b-fb56-4594-bd5d-e7d4b90adafb,"5/6/26, 0:23",Competitive,Split,Phoenix,Loss,10,13,23,156,132,9,20,5,-11,0.5,-71.0,91.6,24.0,48.0,2,7,0
x19x#aaaa,x19x,aaaa,2026-06-23T20:38:57,x19x,aaaa,Diamond 3,Diamond 3,Gold 2,8109972a-5efd-41ab-9428-93ac3dd6736d,"4/6/26, 23:36",Competitive,Ascent,Jett,Win,14,12,26,806,267,24,17,6,7,1.4,33.0,171.0,31.0,81.0,4,3,3
x19x#aaaa,x19x,aaaa,2026-06-23T20:38:57,x19x,aaaa,Diamond 3,Diamond 3,Platinum 3,8079b4dc-d797-4c13-9625-e8907249bacb,"4/6/26, 22:53",Competitive,Lotus,Raze,Loss,7,13,20,634,234,14,17,10,-3,0.8,35.0,172.7,22.0,75.0,3,0,1
x19x#aaaa,x19x,aaaa,2026-06-23T20:38:57,x19x,aaaa,Diamond 3,Diamond 3,Diamond 1,1ea0c070-e2c9-4789-a016-041a697b6765,"3/6/26, 3:02",Competitive,Pearl,Chamber,Loss,6,13,19,245,174,12,15,1,-3,0.8,-28.0,120.2,48.0,53.0,3,3,1
x19x#aaaa,x19x,aaaa,2026-06-23T20:38:57,x19x,aaaa,Diamond 3,Diamond 3,Diamond 3,a628dd45-6ee9-452d-87f2-8a5dfe4bc1b0,"2/6/26, 0:27",Competitive,Pearl,Clove,Loss,10,13,23,389,151,10,21,16,-11,0.5,-64.0,100.3,36.0,78.0,3,2,0
x19x#aaaa,x19x,aaaa,2026-06-23T20:38:57,x19x,aaaa,Diamond 3,Diamond 3,Diamond 2,bf15f6f2-9e97-4367-9f0d-07ce008c2a83,"1/6/26, 23:51",Competitive,Fracture,KAY/O,Loss,9,13,22,235,147,11,18,5,-7,0.6,-41.0,105.4,23.0,59.0,0,6,1
x19x#aaaa,x19x,aaaa,2026-06-23T20:38:57,x19x,aaaa,Diamond 3,Diamond 3,Diamond 3,f5f9312a-2b46-421d-b4df-a5459bc0c4a4,"1/6/26, 23:16",Competitive,Ascent,KAY/O,Win,13,8,21,600,208,14,11,12,3,1.3,25.0,138.0,31.0,67.0,2,4,0
x19x#aaaa,x19x,aaaa,2026-06-23T20:38:57,x19x,aaaa,Diamond 3,Diamond 3,Diamond 2,db758a43-9eae-432d-b412-1c9da1508fd4,"1/6/26, 22:35",Competitive,Fracture,Iso,Win,13,6,19,586,223,16,14,3,2,1.1,-6.0,141.6,18.0,68.0,1,2,3
x19x#aaaa,x19x,aaaa,2026-06-23T20:38:57,x19x,aaaa,Diamond 3,Diamond 3,Platinum 3,b6654fee-e0f5-4dea-be0b-3d9539125fc3,"1/6/26, 3:20",Competitive,Lotus,Phoenix,Loss,7,13,20,482,223,14,17,9,-3,0.8,-12.0,152.4,40.0,70.0,1,2,0
x19x#aaaa,x19x,aaaa,2026-06-23T20:38:57,x19x,aaaa,Diamond 3,Diamond 3,Platinum 3,e01f9df8-2d81-4d57-a432-6d9f88b819ce,"1/6/26, 2:34",Competitive,Haven,Jett,Loss,11,13,24,692,226,19,17,6,2,1.1,24.0,157.1,28.0,79.0,1,2,1
x19x#aaaa,x19x,aaaa,2026-06-23T20:38:57,x19x,aaaa,Diamond 3,Diamond 3,Platinum 3,05c89438-d567-4d69-95cb-03a90e6a87e6,"1/6/26, 2:00",Competitive,Ascent,Jett,Win,13,8,21,775,245,16,16,5,0,35.0,181.1,33.0,76.0,6.0,3,0,174
x19x#aaaa,x19x,aaaa,2026-06-23T20:38:57,x19x,aaaa,Diamond 3,Diamond 3,Platinum 3,6768b9ea-4e10-4a19-9f6d-1dbe3ae0a22a,"1/6/26, 1:26",Competitive,Lotus,Gekko,Loss,6,13,19,161,150,11,15,2,-4,0.7,-46.0,96.9,52.0,47.0,1,1,0
x19x#aaaa,x19x,aaaa,2026-06-23T20:38:57,x19x,aaaa,Diamond 3,Diamond 3,Platinum 3,534188d2-6af4-42d1-95c6-47d21763fc6b,"1/6/26, 0:46",Competitive,Split,KAY/O,Win,13,6,19,453,169,10,13,12,-3,0.8,-25.0,106.9,24.0,68.0,1,2,1
x19x#aaaa,x19x,aaaa,2026-06-23T20:38:57,x19x,aaaa,Diamond 3,Diamond 3,Platinum 1,cb2c106f-531e-4e46-9952-c3143d42bb78,"1/6/26, 0:08",Competitive,Ascent,KAY/O,Loss,7,13,20,545,236,17,15,7,2,1.1,12.0,163.5,30.0,70.0,2,4,2
x19x#aaaa,x19x,aaaa,2026-06-23T20:38:57,x19x,aaaa,Diamond 3,Diamond 3,Platinum 3,d4919360-d715-4dcd-bf9c-64bc6d8fb2ab,"31/5/26, 23:23",Competitive,Breeze,Jett,Win,13,10,23,673,252,21,18,0,3,1.2,14.0,157.3,34.0,70.0,3,4,3
x19x#aaaa,x19x,aaaa,2026-06-23T20:38:57,x19x,aaaa,Diamond 3,Diamond 3,Platinum 3,51b0f2b1-0f68-4676-885a-4c1393c13272,"31/5/26, 22:38",Competitive,Haven,Unknown,Win,14,12,26,388,195,17,24,4,-7,0.7,-30.0,133.1,30.0,58.0,5,7,0
x19x#aaaa,x19x,aaaa,2026-06-23T20:38:57,x19x,aaaa,Diamond 3,Diamond 3,Platinum 3,89f54060-babd-45b2-a7a3-6828e293de72,"30/5/26, 0:32",Competitive,Lotus,Gekko,Win,13,9,22,573,223,16,19,5,-3,0.8,-12.0,138.7,41.0,68.0,4,6,3
x19x#aaaa,x19x,aaaa,2026-06-23T20:38:57,x19x,aaaa,Diamond 3,Diamond 3,Diamond 2,2549baee-2915-4d54-9afc-8dac07fc4d2b,"29/5/26, 23:53",Competitive,Split,Reyna,Win,13,10,23,482,189,18,14,2,4,1.3,-8.0,117.4,25.0,65.0,2,2,1
TimDrake#dcc,TimDrake,dcc,2026-06-23T20:41:56,TimDrake,dcc,Diamond 3,Diamond 3,Platinum 3,8ffd02c4-f8a9-43b1-9035-535d36676aa0,"22/6/26, 23:13",Competitive,Breeze,Jett,Loss,12,14,26,515,192,18,19,6,-1,0.9,-7.0,135.0,21.0,73.0,0,5,2
TimDrake#dcc,TimDrake,dcc,2026-06-23T20:41:56,TimDrake,dcc,Diamond 3,Diamond 3,Diamond 2,cb1f9a80-dfa5-43b1-8635-e777f6b83e7e,"22/6/26, 22:39",Competitive,Breeze,Reyna,Win,13,11,24,491,193,17,14,2,3,1.2,23.0,139.9,35.0,58.0,1,4,1
TimDrake#dcc,TimDrake,dcc,2026-06-23T20:41:56,TimDrake,dcc,Diamond 3,Diamond 3,Platinum 1,e8d6d519-7773-451c-80cc-ce45a73e632e,"20/6/26, 23:27",Competitive,Split,Unknown,Win,13,5,18,981,316,21,7,12,14,3.0,106.0,200.9,36.0,89.0,0,2,3
TimDrake#dcc,TimDrake,dcc,2026-06-23T20:41:56,TimDrake,dcc,Diamond 3,Diamond 3,Platinum 2,b0dc8cfb-407f-41b5-97fd-a4cee3364792,"20/6/26, 22:56",Competitive,Split,Reyna,Win,13,5,18,877,294,20,10,8,10,2.0,72.0,180.9,17.0,78.0,5,1,3
TimDrake#dcc,TimDrake,dcc,2026-06-23T20:41:56,TimDrake,dcc,Diamond 3,Diamond 3,Gold 1,6e19a3ef-505f-4b81-9a1a-a8be56b09c70,"20/6/26, 2:49",Competitive,Ascent,Unknown,Loss,4,13,17,553,251,13,15,10,-2,0.9,-15.0,150.5,15.0,76.0,1,1,0
TimDrake#dcc,TimDrake,dcc,2026-06-23T20:41:56,TimDrake,dcc,Diamond 3,Diamond 3,Gold 1,5f7dbf21-d4a9-4ca1-820a-b25d75160cfb,"20/6/26, 2:19",Competitive,Fracture,Unknown,Win,13,5,18,378,22,9,21,13,2,125.0,236.9,22.0,100.0,3.0,0,2,124
TimDrake#dcc,TimDrake,dcc,2026-06-23T20:41:56,TimDrake,dcc,Diamond 3,Diamond 3,Platinum 2,64a4a3bd-6aef-4c18-ab6a-6ca3ce8ecce9,"15/6/26, 23:04",Competitive,Fracture,Reyna,Loss,9,13,22,223,124,8,13,9,-5,0.6,-34.0,93.7,15.0,59.0,1,4,0
TimDrake#dcc,TimDrake,dcc,2026-06-23T20:41:56,TimDrake,dcc,Diamond 3,Diamond 3,Platinum 3,bcf40d69-bc42-4888-93f4-5597c9b53e8d,"15/6/26, 22:34",Competitive,Breeze,Reyna,Win,13,4,17,987,370,23,9,5,14,2.6,109.0,232.2,22.0,88.0,3,1,1
TimDrake#dcc,TimDrake,dcc,2026-06-23T20:41:56,TimDrake,dcc,Diamond 3,Diamond 3,Diamond 1,7df1cfb3-d1e6-4712-94bd-1d27f52d2781,"15/6/26, 21:38",Competitive,Pearl,Reyna,Win,16,14,30,788,263,27,18,8,9,1.5,49.0,180.2,26.0,77.0,1,0,1
TimDrake#dcc,TimDrake,dcc,2026-06-23T20:41:56,TimDrake,dcc,Diamond 3,Diamond 3,Diamond 1,d8496f7a-a1f6-42c6-aef5-3143a38d5e00,"15/6/26, 1:41",Competitive,Ascent,Reyna,Win,13,11,24,836,307,24,19,10,5,1.3,35.0,196.8,22.0,79.0,3,2,2
TimDrake#dcc,TimDrake,dcc,2026-06-23T20:41:56,TimDrake,dcc,Diamond 3,Diamond 3,Platinum 2,58875b6e-ac93-4cf4-a43a-0724694bd4f8,"15/6/26, 1:12",Competitive,Lotus,Reyna,Win,13,5,18,430,29,6,7,23,4,172.0,259.6,43.0,94.0,5.0,0,3,325
TimDrake#dcc,TimDrake,dcc,2026-06-23T20:41:56,TimDrake,dcc,Diamond 3,Diamond 3,Diamond 1,40fd038d-0610-4b60-a740-ab9b899145c2,"15/6/26, 0:45",Competitive,Pearl,Reyna,Win,13,2,15,377,22,6,4,16,3,150.0,260.9,31.0,93.0,2.0,0,2,79
TimDrake#dcc,TimDrake,dcc,2026-06-23T20:41:56,TimDrake,dcc,Diamond 3,Diamond 3,Platinum 1,8753535e-4cb4-405a-b1c2-ea576e87c9b6,"14/6/26, 1:15",Competitive,Lotus,Reyna,Win,13,7,20,551,172,13,12,5,1,1.1,-12.0,112.9,33.0,75.0,3,2,1
TimDrake#dcc,TimDrake,dcc,2026-06-23T20:41:56,TimDrake,dcc,Diamond 3,Diamond 3,Diamond 1,bab32e52-b156-43de-9d9e-c0ac3a8932ef,"14/6/26, 0:48",Competitive,Breeze,Chamber,Loss,3,13,16,394,221,11,14,5,-3,0.8,-4.0,160.3,21.0,62.0,1,6,1
TimDrake#dcc,TimDrake,dcc,2026-06-23T20:41:56,TimDrake,dcc,Diamond 3,Diamond 3,Platinum 2,b70feff8-6303-42ca-be1e-e9f88d1d6cdd,"14/6/26, 0:07",Competitive,Haven,Omen,Loss,11,13,24,435,173,15,19,16,-4,0.8,-41.0,113.0,15.0,75.0,1,2,0
TimDrake#dcc,TimDrake,dcc,2026-06-23T20:41:56,TimDrake,dcc,Diamond 3,Diamond 3,Gold 3,dc3a21ea-646d-4100-b05e-248ecc7eb174,"13/6/26, 15:51",Competitive,Ascent,Chamber,Loss,7,13,20,694,256,19,15,4,4,1.3,23.0,168.9,18.0,80.0,4,3,1
TimDrake#dcc,TimDrake,dcc,2026-06-23T20:41:56,TimDrake,dcc,Diamond 3,Diamond 3,Platinum 1,2ccf81c2-ec3d-4dcd-a66c-ecb3ae5a0478,"11/6/26, 20:44",Competitive,Lotus,Chamber,Loss,13,15,28,495,194,17,23,9,-6,0.7,-19.0,133.0,34.0,71.0,6,2,0
TimDrake#dcc,TimDrake,dcc,2026-06-23T20:41:56,TimDrake,dcc,Diamond 3,Diamond 3,Diamond 1,44e752e6-f96a-45fe-aeac-8da05397a4f0,"5/6/26, 2:01",Competitive,Ascent,Jett,Loss,3,13,16,171,177,9,15,2,-6,0.6,-51.0,120.4,40.0,44.0,2,4,1
TimDrake#dcc,TimDrake,dcc,2026-06-23T20:41:56,TimDrake,dcc,Diamond 3,Diamond 3,Diamond 1,c30c5068-85d2-4894-9e0f-d908b4f388e1,"5/6/26, 1:29",Competitive,Split,Reyna,Loss,3,13,16,217,192,12,13,0,-1,0.9,-31.0,112.3,28.0,31.0,0,1,2
TimDrake#dcc,TimDrake,dcc,2026-06-23T20:41:56,TimDrake,dcc,Diamond 3,Diamond 3,Platinum 2,d7195c98-1447-431d-ab6d-e61a73d430db,"4/6/26, 23:21",Competitive,Fracture,Jett,Loss,8,13,21,444,201,16,14,2,2,1.1,19.0,136.1,27.0,62.0,1,2,1
RV Wolf#WAR,RV Wolf,WAR,2026-06-23T20:48:06,RV Wolf,WAR,Diamond 3,Diamond 3,Platinum 3,8ffd02c4-f8a9-43b1-9035-535d36676aa0,"22/6/26, 23:13",Competitive,Breeze,Astra,Loss,12,14,26,294,165,14,20,10,-6,0.7,-49.0,105.4,15.0,62.0,2,3,0
RV Wolf#WAR,RV Wolf,WAR,2026-06-23T20:48:06,RV Wolf,WAR,Diamond 3,Diamond 3,Diamond 2,cb1f9a80-dfa5-43b1-8635-e777f6b83e7e,"22/6/26, 22:39",Competitive,Breeze,Chamber,Win,13,11,24,493,206,16,17,6,-1,0.9,1.0,137.0,38.0,62.0,5,3,2
RV Wolf#WAR,RV Wolf,WAR,2026-06-23T20:48:06,RV Wolf,WAR,Diamond 3,Diamond 3,Gold 2,36772c7f-6cf4-4c19-87e5-7117b9ef66c4,"21/6/26, 20:22",Competitive,Ascent,Unknown,Win,13,11,24,328,173,16,19,12,-3,0.8,-36.0,111.0,34.0,54.0,0,3,1
RV Wolf#WAR,RV Wolf,WAR,2026-06-23T20:48:06,RV Wolf,WAR,Diamond 3,Diamond 3,Platinum 1,e8d6d519-7773-451c-80cc-ce45a73e632e,"20/6/26, 23:27",Competitive,Split,Chamber,Win,13,5,18,653,191,13,12,1,1,1.1,9.0,141.8,43.0,78.0,5,0,1
RV Wolf#WAR,RV Wolf,WAR,2026-06-23T20:48:06,RV Wolf,WAR,Diamond 3,Diamond 3,Platinum 2,b0dc8cfb-407f-41b5-97fd-a4cee3364792,"20/6/26, 22:56",Competitive,Split,Chamber,Win,13,5,18,800,216,16,10,2,6,1.6,49.0,160.4,31.0,83.0,2,1,1
RV Wolf#WAR,RV Wolf,WAR,2026-06-23T20:48:06,RV Wolf,WAR,Diamond 3,Diamond 3,Gold 1,6e19a3ef-505f-4b81-9a1a-a8be56b09c70,"20/6/26, 2:49",Competitive,Ascent,KAY/O,Loss,4,13,17,381,238,15,16,6,-1,0.9,-40.0,141.3,33.0,65.0,2,5,3
RV Wolf#WAR,RV Wolf,WAR,2026-06-23T20:48:06,RV Wolf,WAR,Diamond 3,Diamond 3,Gold 1,5f7dbf21-d4a9-4ca1-820a-b25d75160cfb,"20/6/26, 2:19",Competitive,Fracture,Jett,Win,13,5,18,699,234,15,13,3,2,1.1,-8.0,135.8,22.0,78.0,6,2,0
RV Wolf#WAR,RV Wolf,WAR,2026-06-23T20:48:06,RV Wolf,WAR,Diamond 3,Diamond 3,Diamond 3,abb90724-d413-4ce3-9f9a-0144bb0cb1d3,"18/6/26, 0:07",Competitive,Breeze,Astra,Loss,14,16,30,466,167,18,22,11,-4,0.8,-22.0,116.1,23.0,73.0,2,5,0
RV Wolf#WAR,RV Wolf,WAR,2026-06-23T20:48:06,RV Wolf,WAR,Diamond 3,Diamond 3,Platinum 3,de67e03f-b527-41bd-b17b-50d4c6582b89,"17/6/26, 21:22",Competitive,Pearl,Phoenix,Loss,3,13,16,262,169,8,15,4,-7,0.5,-67.0,123.1,26.0,69.0,1,2,0
RV Wolf#WAR,RV Wolf,WAR,2026-06-23T20:48:06,RV Wolf,WAR,Diamond 3,Diamond 3,Platinum 3,f88390a6-bc49-49f4-a12f-692982246992,"17/6/26, 18:41",Competitive,Haven,Reyna,Loss,6,13,19,611,262,15,17,5,-2,0.9,11.0,181.6,25.0,74.0,3,4,1
RV Wolf#WAR,RV Wolf,WAR,2026-06-23T20:48:06,RV Wolf,WAR,Diamond 3,Diamond 3,Platinum 2,efebdd69-975c-4aa2-881c-04abf047ad27,"17/6/26, 15:28",Competitive,Fracture,Tejo,Win,13,7,20,796,215,16,12,6,4,1.3,18.0,145.6,27.0,90.0,2,0,1
RV Wolf#WAR,RV Wolf,WAR,2026-06-23T20:48:06,RV Wolf,WAR,Diamond 3,Diamond 3,Diamond 1,d77b4869-5ed6-47ce-9294-95d3be4c2794,"17/6/26, 1:21",Competitive,Pearl,Phoenix,Loss,11,13,24,432,186,13,18,6,-5,0.7,-33.0,132.2,37.0,71.0,3,2,0
RV Wolf#WAR,RV Wolf,WAR,2026-06-23T20:48:06,RV Wolf,WAR,Diamond 3,Diamond 3,Diamond 2,1ee16856-3e3f-4ddb-8fc2-b179a2c6a003,"16/6/26, 23:09",Competitive,Lotus,Breach,Win,13,11,24,618,216,17,18,11,-1,0.9,15.0,158.4,19.0,71.0,1,0,1
RV Wolf#WAR,RV Wolf,WAR,2026-06-23T20:48:06,RV Wolf,WAR,Diamond 3,Diamond 3,Diamond 1,fa4484aa-cb56-4319-a338-d47c5166c48f,"16/6/26, 14:24",Competitive,Ascent,KAY/O,Loss,11,13,24,400,187,16,20,9,-4,0.8,-29.0,119.9,33.0,67.0,1,4,1
RV Wolf#WAR,RV Wolf,WAR,2026-06-23T20:48:06,RV Wolf,WAR,Diamond 3,Diamond 3,Platinum 2,64a4a3bd-6aef-4c18-ab6a-6ca3ce8ecce9,"15/6/26, 23:04",Competitive,Fracture,Tejo,Loss,9,13,22,672,236,19,15,4,4,1.3,27.0,148.8,20.0,77.0,4,1,1
RV Wolf#WAR,RV Wolf,WAR,2026-06-23T20:48:06,RV Wolf,WAR,Diamond 3,Diamond 3,Platinum 3,bcf40d69-bc42-4888-93f4-5597c9b53e8d,"15/6/26, 22:34",Competitive,Breeze,Astra,Win,13,4,17,714,201,13,10,1,3,1.3,11.0,133.7,31.0,82.0,2,2,0
RV Wolf#WAR,RV Wolf,WAR,2026-06-23T20:48:06,RV Wolf,WAR,Diamond 3,Diamond 3,Diamond 1,7df1cfb3-d1e6-4712-94bd-1d27f52d2781,"15/6/26, 21:38",Competitive,Pearl,Chamber,Win,16,14,30,501,209,22,25,1,-3,0.9,-11.0,129.8,22.0,67.0,5,5,1
RV Wolf#WAR,RV Wolf,WAR,2026-06-23T20:48:06,RV Wolf,WAR,Diamond 3,Diamond 3,Diamond 1,d8496f7a-a1f6-42c6-aef5-3143a38d5e00,"15/6/26, 1:41",Competitive,Ascent,KAY/O,Win,13,11,24,582,218,17,17,14,0,-6.0,131.5,14.0,71.0,3.0,2,2,716
RV Wolf#WAR,RV Wolf,WAR,2026-06-23T20:48:06,RV Wolf,WAR,Diamond 3,Diamond 3,Platinum 2,58875b6e-ac93-4cf4-a43a-0724694bd4f8,"15/6/26, 1:12",Competitive,Lotus,Chamber,Win,13,5,18,730,228,16,10,3,6,1.6,51.0,174.7,30.0,72.0,4,3,0
RV Wolf#WAR,RV Wolf,WAR,2026-06-23T20:48:06,RV Wolf,WAR,Diamond 3,Diamond 3,Diamond 1,40fd038d-0610-4b60-a740-ab9b899145c2,"15/6/26, 0:45",Competitive,Pearl,Unknown,Win,13,2,15,394,22,8,12,14,2,105.0,224.3,27.0,93.0,3.0,1,3,372
Eu farei 10x#1891,Eu farei 10x,1891,2026-06-23T20:51:07,Eu farei 10x,1891,Diamond 3,Diamond 3,Diamond 3,a99bfb88-1972-492b-9c5f-5dc39a0fd7a9,"5/6/26, 3:15",Competitive,Haven,Skye,Loss,12,14,26,756,257,23,19,14,4,1.2,27.0,170.8,16.0,81.0,2,2,1
Eu farei 10x#1891,Eu farei 10x,1891,2026-06-23T20:51:07,Eu farei 10x,1891,Diamond 3,Diamond 3,Diamond 2,a9906ef0-3f25-4d6c-a2cd-6aacd7e8918e,"5/6/26, 3:01",Competitive,Lotus,Brimstone,Win,6,1,7,966,322,9,2,4,7,4.5,89.0,182.6,40.0,86.0,0,0,2
Eu farei 10x#1891,Eu farei 10x,1891,2026-06-23T20:51:07,Eu farei 10x,1891,Diamond 3,Diamond 3,Diamond 1,4b035b56-92b4-4643-ae19-e5770f675da2,"5/6/26, 2:07",Competitive,Split,Clove,Win,13,7,20,517,160,9,17,11,-8,0.5,-45.0,114.3,9.0,80.0,1,0,0
Eu farei 10x#1891,Eu farei 10x,1891,2026-06-23T20:51:07,Eu farei 10x,1891,Diamond 3,Diamond 3,Diamond 1,0c89b8b5-b73d-4a78-85e0-124ccb40935d,"5/6/26, 1:10",Competitive,Fracture,Sova,Loss,9,13,22,526,204,15,16,9,-1,0.9,-1.0,135.1,20.0,73.0,0,0,1
Eu farei 10x#1891,Eu farei 10x,1891,2026-06-23T20:51:07,Eu farei 10x,1891,Diamond 3,Diamond 3,Platinum 3,43d5e40b-fb56-4594-bd5d-e7d4b90adafb,"5/6/26, 0:23",Competitive,Split,Unknown,Loss,10,13,23,512,201,17,17,17,0,-35.0,120.8,19.0,78.0,1.0,0,1,147
Eu farei 10x#1891,Eu farei 10x,1891,2026-06-23T20:51:07,Eu farei 10x,1891,Diamond 3,Diamond 3,Gold 2,8109972a-5efd-41ab-9428-93ac3dd6736d,"4/6/26, 23:36",Competitive,Ascent,Sova,Win,14,12,26,838,228,19,15,10,4,1.3,53.0,168.1,24.0,92.0,0,0,1
Eu farei 10x#1891,Eu farei 10x,1891,2026-06-23T20:51:07,Eu farei 10x,1891,Diamond 3,Diamond 3,Platinum 3,8079b4dc-d797-4c13-9625-e8907249bacb,"4/6/26, 22:53",Competitive,Lotus,Omen,Loss,7,13,20,601,225,14,15,8,-1,0.9,-4.0,147.3,19.0,80.0,3,2,1
Eu farei 10x#1891,Eu farei 10x,1891,2026-06-23T20:51:07,Eu farei 10x,1891,Diamond 3,Diamond 3,Diamond 1,fac04f9a-4126-43bc-96d8-407e4c25ec33,"2/6/26, 23:05",Competitive,Split,Sage,Loss,13,15,28,401,188,16,20,12,-4,0.8,-21.0,122.2,16.0,61.0,2,3,1
Eu farei 10x#1891,Eu farei 10x,1891,2026-06-23T20:51:07,Eu farei 10x,1891,Diamond 3,Diamond 3,Platinum 3,f11378c5-e0ef-4b2d-be34-f458bdc907ec,"2/6/26, 22:17",Competitive,Haven,Omen,Win,13,3,16,899,274,17,4,5,13,4.2,95.0,160.4,32.0,81.0,1,1,1
Eu farei 10x#1891,Eu farei 10x,1891,2026-06-23T20:51:07,Eu farei 10x,1891,Diamond 3,Diamond 3,Diamond 3,a628dd45-6ee9-452d-87f2-8a5dfe4bc1b0,"2/6/26, 0:27",Competitive,Pearl,Sova,Loss,10,13,23,606,237,21,17,4,4,1.2,-19.0,126.3,21.0,78.0,2,1,2
Eu farei 10x#1891,Eu farei 10x,1891,2026-06-23T20:51:07,Eu farei 10x,1891,Diamond 3,Diamond 3,Diamond 2,bf15f6f2-9e97-4367-9f0d-07ce008c2a83,"1/6/26, 23:51",Competitive,Fracture,Brimstone,Loss,9,13,22,314,157,13,16,10,-3,0.8,-44.0,89.9,21.0,68.0,1,1,0
Eu farei 10x#1891,Eu farei 10x,1891,2026-06-23T20:51:07,Eu farei 10x,1891,Diamond 3,Diamond 3,Diamond 3,f5f9312a-2b46-421d-b4df-a5459bc0c4a4,"1/6/26, 23:16",Competitive,Ascent,Sova,Win,13,8,21,852,255,20,11,3,9,1.8,56.0,174.3,27.0,81.0,2,0,2
Eu farei 10x#1891,Eu farei 10x,1891,2026-06-23T20:51:07,Eu farei 10x,1891,Diamond 3,Diamond 3,Diamond 2,db758a43-9eae-432d-b412-1c9da1508fd4,"1/6/26, 22:35",Competitive,Fracture,Sova,Win,13,6,19,926,281,17,9,11,8,1.9,86.0,195.6,15.0,84.0,0,0,1
Eu farei 10x#1891,Eu farei 10x,1891,2026-06-23T20:51:07,Eu farei 10x,1891,Diamond 3,Diamond 3,Diamond 2,105b757e-7da0-49bc-be3c-32ccf49c9778,"1/6/26, 21:56",Competitive,Split,Vyse,Loss,6,13,19,590,276,16,15,2,1,1.1,49.0,187.9,25.0,63.0,1,1,1
Eu farei 10x#1891,Eu farei 10x,1891,2026-06-23T20:51:07,Eu farei 10x,1891,Diamond 3,Diamond 3,Platinum 3,b6654fee-e0f5-4dea-be0b-3d9539125fc3,"1/6/26, 3:20",Competitive,Lotus,Vyse,Loss,7,13,20,498,257,18,16,3,2,1.1,12.0,164.3,22.0,60.0,1,1,4
Eu farei 10x#1891,Eu farei 10x,1891,2026-06-23T20:51:07,Eu farei 10x,1891,Diamond 3,Diamond 3,Platinum 3,e01f9df8-2d81-4d57-a432-6d9f88b819ce,"1/6/26, 2:34",Competitive,Haven,Omen,Loss,11,13,24,545,188,15,21,10,-6,0.7,-33.0,120.2,17.0,83.0,2,2,0
Eu farei 10x#1891,Eu farei 10x,1891,2026-06-23T20:51:07,Eu farei 10x,1891,Diamond 3,Diamond 3,Platinum 3,05c89438-d567-4d69-95cb-03a90e6a87e6,"1/6/26, 2:00",Competitive,Ascent,Killjoy,Win,13,8,21,735,197,13,12,3,1,1.1,33.0,133.3,14.0,81.0,2,2,0
Eu farei 10x#1891,Eu farei 10x,1891,2026-06-23T20:51:07,Eu farei 10x,1891,Diamond 3,Diamond 3,Platinum 3,6768b9ea-4e10-4a19-9f6d-1dbe3ae0a22a,"1/6/26, 1:26",Competitive,Lotus,Clove,Loss,6,13,19,100,135,7,19,7,-12,0.4,-83.0,88.3,21.0,42.0,2,2,0
Eu farei 10x#1891,Eu farei 10x,1891,2026-06-23T20:51:07,Eu farei 10x,1891,Diamond 3,Diamond 3,Platinum 3,534188d2-6af4-42d1-95c6-47d21763fc6b,"1/6/26, 0:46",Competitive,Split,Vyse,Win,13,6,19,993,331,26,8,4,18,3.2,117.0,224.6,30.0,95.0,3,0,3
Eu farei 10x#1891,Eu farei 10x,1891,2026-06-23T20:51:07,Eu farei 10x,1891,Diamond 3,Diamond 3,Platinum 1,cb2c106f-531e-4e46-9952-c3143d42bb78,"1/6/26, 0:08",Competitive,Ascent,Omen,Loss,7,13,20,206,133,7,17,14,-10,0.4,-62.0,94.5,10.0,65.0,1,1,0
奈々miyo#236,奈々miyo,236,2026-06-23T20:54:07,奈々miyo,236,Diamond 3,Diamond 3,Platinum 1,e7cf6a88-7b76-451f-a32f-30936c982f33,"21/6/26, 21:54",Competitive,Split,Sage,Loss,9,13,22,169,128,10,19,5,-9,0.5,-85.0,74.0,10.0,59.0,2,2,0
奈々miyo#236,奈々miyo,236,2026-06-23T20:54:07,奈々miyo,236,Diamond 3,Diamond 3,Gold 2,bab141c2-e138-4e96-8cf0-8e8a1c882973,"16/6/26, 23:27",Competitive,Pearl,Sage,Win,13,6,19,541,171,12,13,12,-1,0.9,-66.0,85.6,7.0,84.0,3,3,0
奈々miyo#236,奈々miyo,236,2026-06-23T20:54:07,奈々miyo,236,Diamond 3,Diamond 3,Platinum 2,6e95c486-bce6-48a6-b676-691218c4bccc,"14/6/26, 23:33",Competitive,Fracture,Breach,Loss,7,13,20,100,100,5,17,7,-12,0.3,-79.0,75.8,10.0,50.0,2,2,0
奈々miyo#236,奈々miyo,236,2026-06-23T20:54:07,奈々miyo,236,Diamond 3,Diamond 3,Platinum 2,dd302eed-7bcf-49ba-88a3-d8aa562b3249,"14/6/26, 23:02",Competitive,Lotus,Breach,Loss,8,13,21,100,79,4,18,5,-14,0.2,-101.0,53.2,10.0,48.0,2,4,0
奈々miyo#236,奈々miyo,236,2026-06-23T20:54:07,奈々miyo,236,Diamond 3,Diamond 3,Diamond 1,1ea0c070-e2c9-4789-a016-041a697b6765,"3/6/26, 3:02",Competitive,Pearl,Fade,Win,13,6,19,871,275,18,11,9,7,1.6,69.0,180.7,26.0,79.0,2,2,1
奈々miyo#236,奈々miyo,236,2026-06-23T20:54:07,奈々miyo,236,Diamond 3,Diamond 3,Platinum 2,3d6ab1e6-5929-485c-8c17-785881a951ad,"3/6/26, 2:16",Competitive,Haven,Sova,Win,15,13,28,853,361,34,22,5,12,1.6,97.0,252.1,32.0,75.0,2,2,5
奈々miyo#236,奈々miyo,236,2026-06-23T20:54:07,奈々miyo,236,Diamond 3,Diamond 3,Diamond 1,938da39e-b65f-4497-8f8f-00385de3d53f,"3/6/26, 1:33",Competitive,Ascent,Sova,Loss,10,13,23,540,270,21,18,6,3,1.2,6.0,169.4,18.0,61.0,2,2,3
奈々miyo#236,奈々miyo,236,2026-06-23T20:54:07,奈々miyo,236,Diamond 3,Diamond 3,Diamond 1,44782a56-0d5f-44bf-a644-7e7db36ec6a8,"3/6/26, 0:46",Competitive,Lotus,Fade,Win,14,12,26,789,274,25,20,6,5,1.2,35.0,184.8,22.0,77.0,1,2,2
奈々miyo#236,奈々miyo,236,2026-06-23T20:54:07,奈々miyo,236,Diamond 3,Diamond 3,Platinum 3,b357c0bf-2ea4-4ca9-810b-8194174932bc,"14/5/26, 0:47",Competitive,Breeze,Clove,Win,13,5,18,879,318,21,16,9,5,1.3,23.0,214.9,30.0,83.0,3,2,3
奈々miyo#236,奈々miyo,236,2026-06-23T20:54:07,奈々miyo,236,Diamond 3,Diamond 3,Gold 3,aebdb3eb-96e3-4d41-a80a-a9dd5c2802de,"7/5/26, 20:15",Competitive,Haven,Sova,Loss,7,13,20,350,197,15,17,6,-2,0.9,-16.0,137.4,46.0,60.0,0,1,0
奈々miyo#236,奈々miyo,236,2026-06-23T20:54:07,奈々miyo,236,Diamond 3,Diamond 3,Diamond 1,e1d38af4-3d2e-464f-8760-186c3e51932b,"7/5/26, 19:31",Competitive,Fracture,Chamber,Win,13,6,19,810,226,16,11,3,5,1.4,35.0,145.6,25.0,84.0,4,1,0
奈々miyo#236,奈々miyo,236,2026-06-23T20:54:07,奈々miyo,236,Diamond 3,Diamond 3,Platinum 3,0a409bb4-5d47-4874-956b-f15e176d4abc,"7/5/26, 18:54",Competitive,Split,Sage,Loss,9,13,22,329,196,15,16,4,-1,0.9,-16.0,121.9,28.0,50.0,2,4,1
奈々miyo#236,奈々miyo,236,2026-06-23T20:54:07,奈々miyo,236,Diamond 3,Diamond 3,Diamond 1,bab51408-10c7-43d1-9b73-beb02a7b0862,"7/5/26, 18:30",Competitive,Breeze,Clove,Loss,2,13,15,174,184,8,15,4,-7,0.5,-58.0,120.6,27.0,47.0,1,2,1
奈々miyo#236,奈々miyo,236,2026-06-23T20:54:07,奈々miyo,236,Diamond 3,Diamond 3,Gold 2,9043f6b3-3a7c-4d61-8a5c-c137654f17c0,"6/5/26, 23:04",Competitive,Lotus,Raze,Win,13,8,21,943,361,26,18,7,8,1.4,96.0,238.5,18.0,81.0,11,3,2
奈々miyo#236,奈々miyo,236,2026-06-23T20:54:07,奈々miyo,236,Diamond 3,Diamond 3,Gold 3,31e71913-8dca-4ccb-8155-3036963af6a6,"6/5/26, 22:22",Competitive,Fracture,Skye,Loss,12,14,26,878,343,29,20,6,9,1.4,101.0,236.2,29.0,81.0,3,5,3
奈々miyo#236,奈々miyo,236,2026-06-23T20:54:07,奈々miyo,236,Diamond 3,Diamond 3,Gold 3,e946636a-5250-4a7a-973d-0c9d4352c5fb,"6/5/26, 21:51",Competitive,Haven,Sova,Loss,1,13,14,127,154,5,14,5,-9,0.4,-55.0,112.6,20.0,50.0,0,1,0
奈々miyo#236,奈々miyo,236,2026-06-23T20:54:07,奈々miyo,236,Diamond 3,Diamond 3,Gold 3,34f6d866-2c8c-467f-9ac5-89cc9fb95929,"6/5/26, 21:15",Competitive,Ascent,KAY/O,Win,13,8,21,764,214,15,15,16,0,4.0,156.3,21.0,90.0,1.0,1,1,386
奈々miyo#236,奈々miyo,236,2026-06-23T20:54:07,奈々miyo,236,Diamond 3,Diamond 3,Platinum 1,f17f3a29-f979-4c2b-b091-f19af428e1bc,"6/5/26, 20:29",Competitive,Pearl,Fade,Win,13,10,23,972,392,32,17,5,15,1.9,115.0,248.0,36.0,87.0,3,1,4
奈々miyo#236,奈々miyo,236,2026-06-23T20:54:07,奈々miyo,236,Diamond 3,Diamond 3,Platinum 1,58e26726-af8c-42e1-a5e0-735c1e432b67,"2/5/26, 23:21",Competitive,Lotus,Neon,Loss,12,14,26,616,238,22,20,4,2,1.1,25.0,161.0,24.0,69.0,2,3,2
奈々miyo#236,奈々miyo,236,2026-06-23T20:54:07,奈々miyo,236,Diamond 3,Diamond 3,Diamond 1,88d42a96-20d3-4113-8ec8-f192db4c7b2b,"2/5/26, 22:14",Competitive,Split,Clove,Win,17,15,32,748,313,35,33,9,2,1.1,12.0,189.9,37.0,75.0,5,3,6
Lucayro#1972,Lucayro,1972,2026-06-23T20:57:05,Lucayro,1972,Diamond 3,Diamond 3,Diamond 3,465380d2-4447-44e7-98af-687bc3fb1d62,"14/6/26, 1:40",Competitive,Pearl,Chamber,Loss,10,13,23,384,187,16,16,2,0,-11.0,129.2,23.0,61.0,1.0,4,0,392
Lucayro#1972,Lucayro,1972,2026-06-23T20:57:05,Lucayro,1972,Diamond 3,Diamond 3,Diamond 1,a1795002-2d72-4dab-b479-2d9fb8956bfd,"5/6/26, 4:05",Competitive,Haven,Neon,Loss,11,13,24,451,210,19,20,3,-1,0.9,-23.0,131.3,30.0,67.0,3,2,0
Lucayro#1972,Lucayro,1972,2026-06-23T20:57:05,Lucayro,1972,Diamond 3,Diamond 3,Diamond 2,f92f5261-e117-4e7f-9b33-db56739f31a8,"5/6/26, 3:24",Competitive,Lotus,Jett,Loss,9,13,22,255,153,10,19,6,-9,0.5,-57.0,100.5,24.0,64.0,3,3,0
Lucayro#1972,Lucayro,1972,2026-06-23T20:57:05,Lucayro,1972,Diamond 3,Diamond 3,Diamond 1,4b035b56-92b4-4643-ae19-e5770f675da2,"5/6/26, 2:07",Competitive,Split,Jett,Loss,7,13,20,673,232,16,15,5,1,1.1,32.0,157.9,26.0,80.0,2,1,1
Lucayro#1972,Lucayro,1972,2026-06-23T20:57:05,Lucayro,1972,Diamond 3,Diamond 3,Diamond 1,9e161e46-19b9-402d-9ee9-9e516952dcdc,"3/6/26, 18:21",Competitive,Pearl,Reyna,Win,13,10,23,864,346,27,15,6,12,1.8,89.0,226.7,24.0,74.0,4,4,4
Lucayro#1972,Lucayro,1972,2026-06-23T20:57:05,Lucayro,1972,Diamond 3,Diamond 3,Diamond 1,dc004742-666d-4a99-a262-caffe922f849,"3/6/26, 17:40",Competitive,Split,Jett,Win,13,9,22,894,298,24,15,4,9,1.6,49.0,186.8,25.0,82.0,4,3,4
Lucayro#1972,Lucayro,1972,2026-06-23T20:57:05,Lucayro,1972,Diamond 3,Diamond 3,Diamond 2,667127d6-f538-4878-8a20-54ff91955306,"2/6/26, 21:51",Competitive,Haven,Chamber,Loss,13,15,28,449,188,18,23,6,-5,0.8,-39.0,122.6,15.0,71.0,1,3,2
Lucayro#1972,Lucayro,1972,2026-06-23T20:57:05,Lucayro,1972,Diamond 3,Diamond 3,Diamond 2,6f13ad4d-b2cd-443d-84a0-7bf4d9344a4b,"2/6/26, 18:03",Competitive,Haven,Phoenix,Loss,7,13,20,503,201,14,16,8,-2,0.9,-52.0,128.4,19.0,85.0,1,5,0
Lucayro#1972,Lucayro,1972,2026-06-23T20:57:05,Lucayro,1972,Diamond 3,Diamond 3,Platinum 3,6e1afb1e-bd3f-479b-8390-9c5e8f04dea4,"2/6/26, 17:28",Competitive,Lotus,Jett,Loss,7,13,20,746,283,19,17,2,2,1.1,17.0,180.3,25.0,85.0,3,4,2
Lucayro#1972,Lucayro,1972,2026-06-23T20:57:05,Lucayro,1972,Diamond 3,Diamond 3,Diamond 3,744a2d0a-454a-4acb-abb0-1ea286214f7d,"1/6/26, 14:36",Competitive,Ascent,Killjoy,Loss,5,13,18,198,154,11,17,2,-6,0.7,-55.0,99.8,16.0,61.0,0,0,0
Lucayro#1972,Lucayro,1972,2026-06-23T20:57:05,Lucayro,1972,Diamond 3,Diamond 3,Diamond 3,47452868-5322-4a30-bbef-4ee10dfefaca,"1/6/26, 13:53",Competitive,Breeze,Neon,Loss,11,13,24,182,123,8,23,6,-15,0.3,-86.0,82.6,17.0,58.0,4,8,0
Lucayro#1972,Lucayro,1972,2026-06-23T20:57:05,Lucayro,1972,Diamond 3,Diamond 3,Platinum 2,fe021692-dfd5-42d4-93c2-1fcba9bf2862,"31/5/26, 17:16",Competitive,Breeze,Jett,Win,15,13,28,507,230,21,21,8,0,-17.0,140.1,18.0,64.0,6.0,3,4,405
Lucayro#1972,Lucayro,1972,2026-06-23T20:57:05,Lucayro,1972,Diamond 3,Diamond 3,Diamond 3,a1410020-0817-4512-9fde-1f43c2784cae,"31/5/26, 15:26",Competitive,Haven,Skye,Win,13,10,23,694,208,17,15,12,2,1.1,18.0,136.5,16.0,78.0,1,2,0
Lucayro#1972,Lucayro,1972,2026-06-23T20:57:05,Lucayro,1972,Diamond 3,Diamond 3,Platinum 3,7ace9494-0f33-42d5-9083-0fbb8be2cfab,"31/5/26, 14:38",Competitive,Pearl,Fade,Win,13,10,23,622,195,15,17,11,-2,0.9,-6.0,128.8,17.0,78.0,1,2,1
Lucayro#1972,Lucayro,1972,2026-06-23T20:57:05,Lucayro,1972,Diamond 3,Diamond 3,Platinum 3,d802d204-8621-4748-b2cb-3827dc608ffa,"31/5/26, 13:18",Competitive,Haven,Chamber,Loss,13,15,28,514,182,16,21,9,-5,0.8,1.0,132.4,27.0,71.0,3,1,0
Lucayro#1972,Lucayro,1972,2026-06-23T20:57:05,Lucayro,1972,Diamond 3,Diamond 3,Diamond 2,adf2067b-6678-403f-93fd-bfe7073bcfb6,"31/5/26, 2:16",Competitive,Ascent,Reyna,Loss,9,13,22,204,135,10,18,3,-8,0.6,-31.0,103.6,18.0,50.0,1,7,0
Lucayro#1972,Lucayro,1972,2026-06-23T20:57:05,Lucayro,1972,Diamond 3,Diamond 3,Diamond 3,e3b49bb3-e397-47dd-8bd1-17f716429a2f,"31/5/26, 0:02",Competitive,Ascent,Jett,Loss,8,13,21,146,120,7,18,5,-11,0.4,-55.0,92.2,20.0,52.0,3,7,0
Lucayro#1972,Lucayro,1972,2026-06-23T20:57:05,Lucayro,1972,Diamond 3,Diamond 3,Diamond 3,3e239018-736e-40dc-a61c-db38c33eff4b,"30/5/26, 23:13",Competitive,Breeze,Chamber,Win,14,12,26,557,226,21,19,0,2,1.1,20.0,158.2,20.0,62.0,2,2,1
Lucayro#1972,Lucayro,1972,2026-06-23T20:57:05,Lucayro,1972,Diamond 3,Diamond 3,Diamond 1,cf9c48cf-22d3-40ea-82c4-ea79c9d8fdac,"29/5/26, 3:56",Competitive,Breeze,Jett,Loss,10,13,23,435,194,16,17,2,-1,0.9,-6.0,134.5,34.0,65.0,1,3,1
Lucayro#1972,Lucayro,1972,2026-06-23T20:57:05,Lucayro,1972,Diamond 3,Diamond 3,Diamond 3,6c19f768-6766-4ecd-9929-c9ad88386ce4,"29/5/26, 3:25",Competitive,Fracture,Chamber,Win,13,7,20,732,220,15,13,5,2,1.1,13.0,145.8,18.0,80.0,1,0,1
Jay Jo#JOJI,Jay Jo,JOJI,2026-06-23T22:20:50,Jay Jo,JOJI,Diamond 3,Diamond 3,Diamond 3,c8c1ff03-1c57-41a8-a30f-4ea69fed3c90,"15/6/26, 3:15",Competitive,Pearl,Jett,Win,14,12,26,893,313,30,16,4,14,1.9,84.0,202.1,31.0,81.0,5,3,4
Jay Jo#JOJI,Jay Jo,JOJI,2026-06-23T22:20:50,Jay Jo,JOJI,Diamond 3,Diamond 3,Gold 2,0272183b-2940-4c9a-b64d-dcf51cc4110c,"15/6/26, 2:41",Competitive,Fracture,Chamber,Win,13,4,17,868,249,15,13,7,2,1.1,38.0,165.7,24.0,88.0,1,2,2
Jay Jo#JOJI,Jay Jo,JOJI,2026-06-23T22:20:50,Jay Jo,JOJI,Diamond 3,Diamond 3,Diamond 2,95707082-f746-43c6-9288-a4474202e8ae,"15/6/26, 2:01",Competitive,Ascent,Chamber,Win,13,10,23,494,201,16,18,4,-2,0.9,-13.0,124.1,42.0,65.0,4,2,2
Jay Jo#JOJI,Jay Jo,JOJI,2026-06-23T22:20:50,Jay Jo,JOJI,Diamond 3,Diamond 3,Diamond 3,ced27f8c-6380-4926-a49d-092dc5e9e433,"13/6/26, 18:06",Competitive,Lotus,Chamber,Loss,4,13,17,458,222,13,15,2,-2,0.9,-15.0,139.9,26.0,71.0,3,2,0
Jay Jo#JOJI,Jay Jo,JOJI,2026-06-23T22:20:50,Jay Jo,JOJI,Diamond 3,Diamond 3,Diamond 1,763d9cb3-6e09-4ede-b46b-de3be37f3d1d,"13/6/26, 3:32",Competitive,Ascent,Chamber,Loss,12,14,26,523,232,20,23,5,-3,0.9,-2.0,154.4,28.0,65.0,6,2,0
Jay Jo#JOJI,Jay Jo,JOJI,2026-06-23T22:20:50,Jay Jo,JOJI,Diamond 3,Diamond 3,Diamond 2,0d9d5191-0012-487c-b0e9-2b90c5226187,"13/6/26, 3:04",Competitive,Fracture,Breach,Loss,1,13,14,100,87,4,13,1,-9,0.3,-96.0,64.3,25.0,36.0,0,1,0
Jay Jo#JOJI,Jay Jo,JOJI,2026-06-23T22:20:50,Jay Jo,JOJI,Diamond 3,Diamond 3,Diamond 2,de4cd1fd-fa31-4923-8bba-c65a64db1a46,"13/6/26, 2:28",Competitive,Pearl,Jett,Loss,7,13,20,646,309,22,16,3,6,1.4,27.0,179.6,28.0,70.0,3,4,2
Jay Jo#JOJI,Jay Jo,JOJI,2026-06-23T22:20:50,Jay Jo,JOJI,Diamond 3,Diamond 3,Diamond 1,eb24bdf1-cef5-4843-bdc5-f0c155a41f1d,"13/6/26, 1:53",Competitive,Split,Sage,Loss,6,13,19,681,250,14,15,8,-1,0.9,7.0,165.9,27.0,84.0,4,4,1
Jay Jo#JOJI,Jay Jo,JOJI,2026-06-23T22:20:50,Jay Jo,JOJI,Diamond 3,Diamond 3,Diamond 2,a7109c31-a257-4139-803d-6173e163c0c2,"13/6/26, 1:06",Competitive,Pearl,Killjoy,Win,13,6,19,753,198,13,9,3,4,1.4,65.0,149.1,16.0,79.0,0,1,1
Jay Jo#JOJI,Jay Jo,JOJI,2026-06-23T22:20:50,Jay Jo,JOJI,Diamond 3,Diamond 3,Diamond 2,5b80dc37-cd61-41c2-bef3-20defd1bb3a0,"12/6/26, 0:22",Competitive,Breeze,Chamber,Loss,13,15,28,317,161,16,23,3,-7,0.7,-40.0,103.1,44.0,61.0,7,5,0
Jay Jo#JOJI,Jay Jo,JOJI,2026-06-23T22:20:50,Jay Jo,JOJI,Diamond 3,Diamond 3,Platinum 2,69372353-61ca-41c0-8d6a-d72006120418,"11/6/26, 21:11",Competitive,Breeze,Chamber,Loss,10,13,23,584,235,19,16,2,3,1.2,13.0,151.4,23.0,70.0,5,2,1
Jay Jo#JOJI,Jay Jo,JOJI,2026-06-23T22:20:50,Jay Jo,JOJI,Diamond 3,Diamond 3,Diamond 2,d28e833b-0b33-4123-88ee-185b26859f38,"11/6/26, 16:39",Competitive,Ascent,Phoenix,Loss,7,13,20,123,136,9,16,1,-7,0.6,-76.0,86.5,20.0,50.0,0,5,0
Jay Jo#JOJI,Jay Jo,JOJI,2026-06-23T22:20:50,Jay Jo,JOJI,Diamond 3,Diamond 3,Diamond 2,e304c538-0f38-4072-a34e-50c39b0d085a,"11/6/26, 15:59",Competitive,Ascent,Chamber,Loss,10,13,23,676,261,20,15,5,5,1.3,51.0,180.6,25.0,70.0,1,4,2
Jay Jo#JOJI,Jay Jo,JOJI,2026-06-23T22:20:50,Jay Jo,JOJI,Diamond 3,Diamond 3,Diamond 3,6c7e3fe8-f0e1-4930-ae25-abeea77ab238,"10/6/26, 23:10",Competitive,Fracture,Breach,Loss,9,13,22,216,155,12,19,3,-7,0.6,-51.0,107.2,25.0,55.0,2,2,1
Jay Jo#JOJI,Jay Jo,JOJI,2026-06-23T22:20:50,Jay Jo,JOJI,Diamond 3,Diamond 3,Diamond 2,0d5fd845-8717-4384-ab5f-1eb9bea1ef2d,"10/6/26, 22:43",Competitive,Haven,Sage,Win,13,1,14,854,247,14,8,4,6,1.8,24.0,141.6,29.0,93.0,3,0,0
Jay Jo#JOJI,Jay Jo,JOJI,2026-06-23T22:20:50,Jay Jo,JOJI,Diamond 3,Diamond 3,Platinum 1,c5cc04e7-fc69-4bea-af93-58bc3641cda2,"10/6/26, 22:10",Competitive,Haven,Sage,Win,13,4,17,669,218,12,11,12,1,1.1,-1.0,131.0,45.0,76.0,4,0,1
Jay Jo#JOJI,Jay Jo,JOJI,2026-06-23T22:20:50,Jay Jo,JOJI,Diamond 3,Diamond 3,Platinum 3,ece8593f-24cd-4c55-a316-fcb8a0d5e294,"10/6/26, 20:37",Competitive,Lotus,Jett,Loss,9,13,22,768,289,24,13,0,11,1.9,56.0,168.7,33.0,77.0,7,3,3
Jay Jo#JOJI,Jay Jo,JOJI,2026-06-23T22:20:50,Jay Jo,JOJI,Diamond 3,Diamond 3,Diamond 2,72eac3ed-3036-47bc-8501-7141ca82afdf,"10/6/26, 20:08",Competitive,Ascent,Sova,Loss,3,13,16,534,230,14,14,2,0,-26.0,145.8,70.0,81.0,1.0,1,1,131
Jay Jo#JOJI,Jay Jo,JOJI,2026-06-23T22:20:50,Jay Jo,JOJI,Diamond 3,Diamond 3,Diamond 1,f48b164b-6a43-49d6-aab3-f7bafc03792e,"4/6/26, 2:44",Competitive,Lotus,Jett,Loss,8,13,21,408,219,16,15,2,1,1.1,-3.0,145.1,12.0,57.0,4,5,2
Jay Jo#JOJI,Jay Jo,JOJI,2026-06-23T22:20:50,Jay Jo,JOJI,Diamond 3,Diamond 3,Diamond 1,76254729-20dd-4eb0-bcc5-442df0126bcd,"4/6/26, 2:08",Competitive,Fracture,Jett,Win,13,7,20,991,334,24,11,5,13,2.2,90.0,203.0,18.0,95.0,5,1,2
LPR FabianNCSY#SuTro,LPR FabianNCSY,SuTro,2026-06-23T22:23:46,LPR FabianNCSY,SuTro,Diamond 3,Diamond 3,Diamond 3,4270ee14-73c6-4cc5-9b18-7ba5c1828fcc,"23/6/26, 7:27",Competitive,Breeze,Sova,Win,15,13,28,441,172,18,22,5,-4,0.8,-33.0,116.4,18.0,71.0,1,2,0
LPR FabianNCSY#SuTro,LPR FabianNCSY,SuTro,2026-06-23T22:23:46,LPR FabianNCSY,SuTro,Diamond 3,Diamond 3,Platinum 3,a952b2ea-6f88-4ce5-8998-0a830a52fbfa,"23/6/26, 6:31",Competitive,Lotus,Reyna,Loss,12,14,26,634,233,22,17,6,5,1.3,18.0,147.7,20.0,73.0,3,2,1
LPR FabianNCSY#SuTro,LPR FabianNCSY,SuTro,2026-06-23T22:23:46,LPR FabianNCSY,SuTro,Diamond 3,Diamond 3,Diamond 1,4b6cf59a-a536-4a39-a10f-623fc937f56a,"23/6/26, 5:53",Competitive,Haven,Phoenix,Win,13,8,21,738,292,20,15,6,5,1.3,16.0,194.8,26.0,71.0,6,2,1
LPR FabianNCSY#SuTro,LPR FabianNCSY,SuTro,2026-06-23T22:23:46,LPR FabianNCSY,SuTro,Diamond 3,Diamond 3,Diamond 1,70fdb980-6e52-4bd5-b660-f097fe9f104c,"15/6/26, 18:29",Competitive,Haven,Fade,Win,13,11,24,395,130,9,18,11,-9,0.5,-31.0,90.4,8.0,71.0,1,4,0
LPR FabianNCSY#SuTro,LPR FabianNCSY,SuTro,2026-06-23T22:23:46,LPR FabianNCSY,SuTro,Diamond 3,Diamond 3,Platinum 3,162a509a-f2d0-4385-9c16-a00770903924,"15/6/26, 17:48",Competitive,Pearl,Reyna,Win,13,10,23,255,95,6,16,4,-10,0.4,-54.0,75.3,14.0,61.0,0,1,0
LPR FabianNCSY#SuTro,LPR FabianNCSY,SuTro,2026-06-23T22:23:46,LPR FabianNCSY,SuTro,Diamond 3,Diamond 3,Platinum 1,a988ecd9-719f-406c-8699-2d346cdc4c68,"15/6/26, 17:04",Competitive,Split,Reyna,Win,13,7,20,953,288,18,12,7,6,1.5,67.0,201.3,17.0,95.0,4,2,1
LPR FabianNCSY#SuTro,LPR FabianNCSY,SuTro,2026-06-23T22:23:46,LPR FabianNCSY,SuTro,Diamond 3,Diamond 3,Diamond 1,9de8ad2f-08e1-4135-812d-8ca304969971,"15/6/26, 4:28",Competitive,Lotus,Breach,Win,13,11,24,364,130,10,18,9,-8,0.6,-48.0,88.9,22.0,71.0,1,2,0
LPR FabianNCSY#SuTro,LPR FabianNCSY,SuTro,2026-06-23T22:23:46,LPR FabianNCSY,SuTro,Diamond 3,Diamond 3,Diamond 1,1a96eaf9-50d8-4c7d-b4e3-965cd0ef7834,"15/6/26, 3:51",Competitive,Pearl,Reyna,Win,13,4,17,848,255,15,10,8,5,1.5,43.0,164.9,25.0,82.0,2,2,1
LPR FabianNCSY#SuTro,LPR FabianNCSY,SuTro,2026-06-23T22:23:46,LPR FabianNCSY,SuTro,Diamond 3,Diamond 3,Platinum 2,a7c77b12-f352-4e6e-bb58-966d60296db8,"15/6/26, 3:11",Competitive,Split,Unknown,Win,13,10,23,408,203,15,18,6,-3,0.8,-26.0,127.8,19.0,52.0,1,5,1
LPR FabianNCSY#SuTro,LPR FabianNCSY,SuTro,2026-06-23T22:23:46,LPR FabianNCSY,SuTro,Diamond 3,Diamond 3,Diamond 1,7f42036b-f9db-4859-a422-12a37ff3ba1f,"15/6/26, 1:43",Competitive,Haven,Reyna,Draw,20,20,40,598,190,25,28,13,-3,0.9,1.0,137.8,18.0,78.0,1,2,2
LPR FabianNCSY#SuTro,LPR FabianNCSY,SuTro,2026-06-23T22:23:46,LPR FabianNCSY,SuTro,Diamond 3,Diamond 3,Platinum 1,6ab59a7f-39e7-469a-a11b-87353c7ad159,"15/6/26, 0:53",Competitive,Lotus,Reyna,Loss,9,13,22,524,217,15,16,10,-1,0.9,-12.0,133.0,13.0,73.0,4,1,1
LPR FabianNCSY#SuTro,LPR FabianNCSY,SuTro,2026-06-23T22:23:46,LPR FabianNCSY,SuTro,Diamond 3,Diamond 3,Gold 2,3f502880-9d1e-46c8-848f-a99d8bfcce15,"14/6/26, 4:22",Competitive,Split,Breach,Loss,6,13,19,100,115,6,17,7,-11,0.3,-82.0,77.0,2.0,53.0,0,1,0
LPR FabianNCSY#SuTro,LPR FabianNCSY,SuTro,2026-06-23T22:23:46,LPR FabianNCSY,SuTro,Diamond 3,Diamond 3,Platinum 2,8464fc79-ae97-43b4-bdcc-88706d2f5054,"14/6/26, 3:38",Competitive,Lotus,Unknown,Loss,10,13,23,221,143,10,19,8,-9,0.5,-70.0,93.9,24.0,61.0,3,4,1
LPR FabianNCSY#SuTro,LPR FabianNCSY,SuTro,2026-06-23T22:23:46,LPR FabianNCSY,SuTro,Diamond 3,Diamond 3,Diamond 2,3478b4e4-1d84-40e1-90e5-4701051a5831,"14/6/26, 3:15",Competitive,Split,Breach,Win,13,4,17,423,78,4,7,5,-3,0.6,-12.0,57.3,24.0,71.0,1,2,0
LPR FabianNCSY#SuTro,LPR FabianNCSY,SuTro,2026-06-23T22:23:46,LPR FabianNCSY,SuTro,Diamond 3,Diamond 3,Diamond 1,00bb2533-805e-43b6-ba02-7b2e261497b1,"13/6/26, 17:02",Competitive,Ascent,Phoenix,Win,13,2,15,855,280,14,8,5,6,1.8,38.0,169.9,26.0,80.0,2,4,1
LPR FabianNCSY#SuTro,LPR FabianNCSY,SuTro,2026-06-23T22:23:46,LPR FabianNCSY,SuTro,Diamond 3,Diamond 3,Diamond 1,dd9a91d5-ce73-4dc2-96fc-2934705a6e92,"13/6/26, 16:22",Competitive,Pearl,Reyna,Loss,7,13,20,213,155,11,17,4,-6,0.7,-55.0,93.3,22.0,60.0,3,4,0
LPR FabianNCSY#SuTro,LPR FabianNCSY,SuTro,2026-06-23T22:23:46,LPR FabianNCSY,SuTro,Diamond 3,Diamond 3,Diamond 1,a88095a8-56ab-4446-a409-cfa7c14a33b1,"13/6/26, 15:43",Competitive,Breeze,Unknown,Win,13,10,23,508,161,12,16,11,-4,0.8,-34.0,105.9,21.0,78.0,1,2,0
LPR FabianNCSY#SuTro,LPR FabianNCSY,SuTro,2026-06-23T22:23:46,LPR FabianNCSY,SuTro,Diamond 3,Diamond 3,Diamond 1,0239b60d-e8ef-4845-8b24-a6220b477908,"13/6/26, 3:45",Competitive,Pearl,Fade,Loss,6,13,19,317,168,10,18,5,-8,0.6,-74.0,109.4,23.0,74.0,2,2,1
LPR FabianNCSY#SuTro,LPR FabianNCSY,SuTro,2026-06-23T22:23:46,LPR FabianNCSY,SuTro,Diamond 3,Diamond 3,Platinum 3,e8efe2c3-f8e3-4999-9c68-0b9ffeee4fce,"13/6/26, 3:03",Competitive,Fracture,Neon,Win,13,7,20,456,176,10,15,10,-5,0.7,-16.0,134.0,11.0,65.0,1,5,1
LPR FabianNCSY#SuTro,LPR FabianNCSY,SuTro,2026-06-23T22:23:46,LPR FabianNCSY,SuTro,Diamond 3,Diamond 3,Diamond 2,98e97b77-31b2-4a4e-912d-f0d0f64889b8,"13/6/26, 2:26",Competitive,Breeze,Reyna,Loss,6,13,19,203,163,10,17,4,-7,0.6,-40.0,98.5,20.0,53.0,0,5,1
LPR NikoTelechea#srWea,LPR NikoTelechea,srWea,2026-06-23T22:26:49,LPR NikoTelechea,srWea,Diamond 3,Diamond 3,Platinum 3,75424b13-17b4-45dd-b93a-80d39ae93c58,"22/6/26, 1:34",Competitive,Ascent,Phoenix,Loss,7,13,20,338,209,14,16,6,-2,0.9,-33.0,147.6,28.0,60.0,2,1,1
LPR NikoTelechea#srWea,LPR NikoTelechea,srWea,2026-06-23T22:26:49,LPR NikoTelechea,srWea,Diamond 3,Diamond 3,Diamond 1,4e6ff1b9-c627-4e0e-93da-6878ee6c7ed3,"22/6/26, 0:57",Competitive,Lotus,Raze,Loss,8,13,21,206,144,9,18,6,-9,0.5,-43.0,102.5,19.0,57.0,0,3,0
LPR NikoTelechea#srWea,LPR NikoTelechea,srWea,2026-06-23T22:26:49,LPR NikoTelechea,srWea,Diamond 3,Diamond 3,Diamond 2,6a28bead-c690-425d-b7e4-c333c3ab9783,"22/6/26, 0:13",Competitive,Breeze,Jett,Loss,11,13,24,240,134,11,19,2,-8,0.6,-57.0,96.7,34.0,62.0,1,1,0
LPR NikoTelechea#srWea,LPR NikoTelechea,srWea,2026-06-23T22:26:49,LPR NikoTelechea,srWea,Diamond 3,Diamond 3,Platinum 3,fe6c441f-7ee4-416d-ad78-9348093b6f8f,"19/6/26, 2:00",Competitive,Breeze,Jett,Win,13,11,24,565,218,20,17,1,3,1.2,8.0,147.7,38.0,67.0,4,3,1
LPR NikoTelechea#srWea,LPR NikoTelechea,srWea,2026-06-23T22:26:49,LPR NikoTelechea,srWea,Diamond 3,Diamond 3,Diamond 3,9f359ff3-d651-4b5d-89ae-b3d5c4176043,"19/6/26, 1:13",Competitive,Split,Sova,Loss,11,13,24,342,166,15,18,3,-3,0.8,-43.0,106.3,27.0,67.0,3,2,0
LPR NikoTelechea#srWea,LPR NikoTelechea,srWea,2026-06-23T22:26:49,LPR NikoTelechea,srWea,Diamond 3,Diamond 3,Diamond 1,41040fce-d029-4a15-b769-d3c9a8f6ca4f,"19/6/26, 0:20",Competitive,Ascent,Jett,Loss,12,14,26,271,142,12,22,2,-10,0.6,-57.0,101.2,22.0,65.0,4,3,0
LPR NikoTelechea#srWea,LPR NikoTelechea,srWea,2026-06-23T22:26:49,LPR NikoTelechea,srWea,Diamond 3,Diamond 3,Diamond 1,55db83e0-9a9d-4a17-a631-46f288d020e8,"16/6/26, 3:33",Competitive,Split,Jett,Loss,5,13,18,100,51,3,16,2,-13,0.2,-108.0,45.8,29.0,33.0,1,2,0
LPR NikoTelechea#srWea,LPR NikoTelechea,srWea,2026-06-23T22:26:49,LPR NikoTelechea,srWea,Diamond 3,Diamond 3,Diamond 2,83ad7fc4-821f-42f4-8d5c-63bb80a749bd,"16/6/26, 2:52",Competitive,Ascent,Phoenix,Loss,10,13,23,716,291,23,20,6,3,1.1,-14.0,175.1,23.0,83.0,3,2,0
LPR NikoTelechea#srWea,LPR NikoTelechea,srWea,2026-06-23T22:26:49,LPR NikoTelechea,srWea,Diamond 3,Diamond 3,Platinum 3,ffcf992e-2076-4647-90dc-748f62740cd6,"16/6/26, 2:14",Competitive,Lotus,Chamber,Loss,7,13,20,472,204,15,14,0,1,1.1,25.0,142.9,42.0,65.0,4,0,0
LPR NikoTelechea#srWea,LPR NikoTelechea,srWea,2026-06-23T22:26:49,LPR NikoTelechea,srWea,Diamond 3,Diamond 3,Diamond 1,9df8d0a2-e16e-442e-86cb-481df169b5ca,"16/6/26, 1:32",Competitive,Breeze,Jett,Loss,12,14,26,530,206,21,19,4,2,1.1,5.0,141.0,41.0,69.0,3,7,1
LPR NikoTelechea#srWea,LPR NikoTelechea,srWea,2026-06-23T22:26:49,LPR NikoTelechea,srWea,Diamond 3,Diamond 3,Platinum 3,1f45dd7a-a755-435f-ab34-380da0d160be,"16/6/26, 0:44",Competitive,Fracture,Cypher,Loss,11,13,24,831,255,23,14,6,9,1.6,51.0,166.8,52.0,88.0,1,0,1
LPR NikoTelechea#srWea,LPR NikoTelechea,srWea,2026-06-23T22:26:49,LPR NikoTelechea,srWea,Diamond 3,Diamond 3,Diamond 1,9de8ad2f-08e1-4135-812d-8ca304969971,"15/6/26, 4:28",Competitive,Lotus,Raze,Win,13,11,24,598,191,17,16,3,1,1.1,29.0,134.2,25.0,71.0,2,4,0
LPR NikoTelechea#srWea,LPR NikoTelechea,srWea,2026-06-23T22:26:49,LPR NikoTelechea,srWea,Diamond 3,Diamond 3,Diamond 1,1a96eaf9-50d8-4c7d-b4e3-965cd0ef7834,"15/6/26, 3:51",Competitive,Pearl,Cypher,Win,13,4,17,812,224,15,10,4,5,1.5,26.0,150.9,21.0,88.0,1,1,0
LPR NikoTelechea#srWea,LPR NikoTelechea,srWea,2026-06-23T22:26:49,LPR NikoTelechea,srWea,Diamond 3,Diamond 3,Platinum 2,a7c77b12-f352-4e6e-bb58-966d60296db8,"15/6/26, 3:11",Competitive,Split,Jett,Win,13,10,23,643,253,22,14,2,8,1.6,23.0,148.4,23.0,65.0,6,5,3
LPR NikoTelechea#srWea,LPR NikoTelechea,srWea,2026-06-23T22:26:49,LPR NikoTelechea,srWea,Diamond 3,Diamond 3,Diamond 1,7f42036b-f9db-4859-a422-12a37ff3ba1f,"15/6/26, 1:43",Competitive,Haven,Jett,Draw,20,20,40,626,226,33,27,2,6,1.2,7.0,142.0,18.0,72.0,7,5,1
LPR NikoTelechea#srWea,LPR NikoTelechea,srWea,2026-06-23T22:26:49,LPR NikoTelechea,srWea,Diamond 3,Diamond 3,Platinum 1,6ab59a7f-39e7-469a-a11b-87353c7ad159,"15/6/26, 0:53",Competitive,Lotus,Raze,Loss,9,13,22,722,256,18,18,4,0,18.0,169.4,20.0,82.0,2.0,3,1,436
LPR NikoTelechea#srWea,LPR NikoTelechea,srWea,2026-06-23T22:26:49,LPR NikoTelechea,srWea,Diamond 3,Diamond 3,Gold 2,3f502880-9d1e-46c8-848f-a99d8bfcce15,"14/6/26, 4:22",Competitive,Split,Jett,Loss,6,13,19,304,205,14,17,1,-3,0.8,-37.0,123.5,17.0,58.0,3,4,1
LPR NikoTelechea#srWea,LPR NikoTelechea,srWea,2026-06-23T22:26:49,LPR NikoTelechea,srWea,Diamond 3,Diamond 3,Platinum 2,8464fc79-ae97-43b4-bdcc-88706d2f5054,"14/6/26, 3:38",Competitive,Lotus,Raze,Loss,10,13,23,574,217,18,18,3,0,26.0,152.4,25.0,70.0,2.0,1,0,61
LPR NikoTelechea#srWea,LPR NikoTelechea,srWea,2026-06-23T22:26:49,LPR NikoTelechea,srWea,Diamond 3,Diamond 3,Diamond 2,3478b4e4-1d84-40e1-90e5-4701051a5831,"14/6/26, 3:15",Competitive,Split,Jett,Win,13,4,17,688,163,10,8,2,2,1.2,14.0,117.1,23.0,88.0,3,2,0
LPR NikoTelechea#srWea,LPR NikoTelechea,srWea,2026-06-23T22:26:49,LPR NikoTelechea,srWea,Diamond 3,Diamond 3,Diamond 3,38af4e2d-b8ab-477b-a1ce-3e55c37f40a2,"14/6/26, 2:26",Competitive,Haven,Sova,Loss,9,13,22,628,200,13,15,7,-2,0.9,38.0,159.6,25.0,77.0,0,1,0
SALTILLENSE#1649,SALTILLENSE,1649,2026-06-23T22:29:46,SALTILLENSE,1649,Diamond 3,Diamond 3,Platinum 3,fbc84ebf-9d78-4a46-ad1e-8de3193d4841,"14/6/26, 23:09",Competitive,Fracture,Chamber,Win,13,9,22,953,395,30,14,5,16,2.1,116.0,247.4,18.0,82.0,10,2,3
SALTILLENSE#1649,SALTILLENSE,1649,2026-06-23T22:29:46,SALTILLENSE,1649,Diamond 3,Diamond 3,Diamond 1,47802bff-02e4-4e49-936a-5b371a9252b8,"14/6/26, 22:37",Competitive,Breeze,Jett,Win,13,6,19,849,294,20,8,5,12,2.5,112.0,193.3,28.0,74.0,7,2,2
SALTILLENSE#1649,SALTILLENSE,1649,2026-06-23T22:29:46,SALTILLENSE,1649,Diamond 3,Diamond 3,Platinum 2,aa749295-26f9-4343-b509-85dd459a6fea,"14/6/26, 22:03",Competitive,Haven,Reyna,Loss,9,13,22,897,339,27,16,4,11,1.7,72.0,205.5,23.0,91.0,4,3,5
SALTILLENSE#1649,SALTILLENSE,1649,2026-06-23T22:29:46,SALTILLENSE,1649,Diamond 3,Diamond 3,Diamond 1,f26f1246-fea6-4bcd-93a6-999eb131c984,"14/6/26, 21:29",Competitive,Breeze,Jett,Win,13,9,22,907,361,27,16,5,11,1.7,83.0,225.1,19.0,77.0,9,3,2
SALTILLENSE#1649,SALTILLENSE,1649,2026-06-23T22:29:46,SALTILLENSE,1649,Diamond 3,Diamond 3,Diamond 2,750e8e90-2676-4064-9191-ef9dcf65a6c5,"14/6/26, 20:54",Competitive,Pearl,Chamber,Win,13,6,19,807,243,15,12,4,3,1.2,47.0,188.3,18.0,79.0,2,1,1
SALTILLENSE#1649,SALTILLENSE,1649,2026-06-23T22:29:46,SALTILLENSE,1649,Diamond 3,Diamond 3,Platinum 3,16efc687-177e-4358-ade4-445e336fa73c,"14/6/26, 20:07",Competitive,Ascent,Jett,Draw,13,13,26,798,294,24,20,10,4,1.2,36.0,187.6,14.0,77.0,5,4,3
SALTILLENSE#1649,SALTILLENSE,1649,2026-06-23T22:29:46,SALTILLENSE,1649,Diamond 3,Diamond 3,Diamond 1,92d103e9-a59e-4b1c-a67d-e92253487b45,"14/6/26, 19:23",Competitive,Breeze,Reyna,Win,13,7,20,996,353,24,11,7,13,2.2,100.0,233.8,25.0,90.0,8,2,2
SALTILLENSE#1649,SALTILLENSE,1649,2026-06-23T22:29:46,SALTILLENSE,1649,Diamond 3,Diamond 3,Diamond 1,1452002d-41cb-4589-a77e-d2a04e4cb2d3,"14/6/26, 19:00",Competitive,Haven,Jett,Loss,1,13,14,100,60,1,12,3,-11,0.1,-83.0,53.4,11.0,36.0,1,5,0
SALTILLENSE#1649,SALTILLENSE,1649,2026-06-23T22:29:46,SALTILLENSE,1649,Diamond 3,Diamond 3,Platinum 2,7cf4d0cf-8f83-4a1e-9481-8c5d8cc955c3,"14/6/26, 18:24",Competitive,Fracture,Chamber,Loss,6,13,19,323,197,14,15,1,-1,0.9,-21.0,118.6,11.0,58.0,4,5,1
SALTILLENSE#1649,SALTILLENSE,1649,2026-06-23T22:29:46,SALTILLENSE,1649,Diamond 3,Diamond 3,Diamond 2,e1e1b2de-bccd-4362-84c7-505465c8fcbf,"14/6/26, 17:58",Competitive,Fracture,Chamber,Win,9,4,13,968,339,16,7,4,9,2.3,125.0,234.8,29.0,85.0,3,1,1
SALTILLENSE#1649,SALTILLENSE,1649,2026-06-23T22:29:46,SALTILLENSE,1649,Diamond 3,Diamond 3,Diamond 2,8a0e6d26-8d0d-44bf-90dc-b079b71ae4e5,"14/6/26, 16:45",Competitive,Breeze,Reyna,Win,13,8,21,560,194,12,16,6,-4,0.8,16.0,136.9,15.0,67.0,1,7,1
SALTILLENSE#1649,SALTILLENSE,1649,2026-06-23T22:29:46,SALTILLENSE,1649,Diamond 3,Diamond 3,Diamond 1,82ace296-c065-427f-93e9-50ddd68776b4,"14/6/26, 16:11",Competitive,Split,Chamber,Loss,6,13,19,100,116,7,17,3,-10,0.4,-82.0,88.8,24.0,42.0,1,6,0
SALTILLENSE#1649,SALTILLENSE,1649,2026-06-23T22:29:46,SALTILLENSE,1649,Diamond 3,Diamond 3,Diamond 2,3e2db0ed-9b56-450d-bc96-e4baf3980988,"14/6/26, 15:28",Competitive,Pearl,Unknown,Loss,11,13,24,434,201,15,18,5,-3,0.8,-7.0,136.9,17.0,62.0,4,4,1
SALTILLENSE#1649,SALTILLENSE,1649,2026-06-23T22:29:46,SALTILLENSE,1649,Diamond 3,Diamond 3,Platinum 2,317213b1-08f6-4a95-b9f2-d23510823404,"14/6/26, 14:48",Competitive,Ascent,Jett,Win,13,10,23,774,268,20,16,5,4,1.2,41.0,173.7,16.0,74.0,5,2,3
SALTILLENSE#1649,SALTILLENSE,1649,2026-06-23T22:29:46,SALTILLENSE,1649,Diamond 3,Diamond 3,Platinum 1,fc9a4825-fd87-4a9b-a712-5f5f2c3fe471,"14/6/26, 1:29",Competitive,Ascent,Jett,Draw,14,14,28,639,230,22,19,6,3,1.2,21.0,150.7,20.0,71.0,4,9,2
SALTILLENSE#1649,SALTILLENSE,1649,2026-06-23T22:29:46,SALTILLENSE,1649,Diamond 3,Diamond 3,Diamond 1,cedcb1aa-f275-45c0-9f2b-7be72b5b054d,"14/6/26, 1:00",Competitive,Haven,Chamber,Win,13,5,18,993,378,25,11,8,14,2.3,104.0,231.9,20.0,89.0,4,3,3
SALTILLENSE#1649,SALTILLENSE,1649,2026-06-23T22:29:46,SALTILLENSE,1649,Diamond 3,Diamond 3,Gold 3,76cde74c-16c0-4449-aa8d-c8555d8b989a,"14/6/26, 0:30",Competitive,Split,Unknown,Loss,6,13,19,486,202,11,15,6,-4,0.7,-7.0,142.6,18.0,74.0,0,2,1
SALTILLENSE#1649,SALTILLENSE,1649,2026-06-23T22:29:46,SALTILLENSE,1649,Diamond 3,Diamond 3,Diamond 2,0cbe504e-32f2-473f-845b-c3d7f84b258d,"14/6/26, 0:00",Competitive,Breeze,Jett,Loss,3,10,13,362,229,11,10,2,1,1.1,-29.0,143.7,16.0,62.0,5,3,1
SALTILLENSE#1649,SALTILLENSE,1649,2026-06-23T22:29:46,SALTILLENSE,1649,Diamond 3,Diamond 3,Diamond 2,051f7473-85f4-4de1-ad67-bce6ed951a41,"13/6/26, 23:05",Competitive,Pearl,Chamber,Win,15,13,28,844,291,28,19,5,9,1.5,64.0,188.3,15.0,79.0,6,3,5
SALTILLENSE#1649,SALTILLENSE,1649,2026-06-23T22:29:46,SALTILLENSE,1649,Diamond 3,Diamond 3,Diamond 1,eae6b097-2cbc-4f9c-afd4-7f6bd2ea444f,"8/6/26, 23:35",Competitive,Lotus,Unknown,Loss,12,14,26,593,243,21,19,5,2,1.1,31.0,170.4,22.0,65.0,2,3,0
DiegoTownshend#6969,DiegoTownshend,6969,2026-06-23T22:32:43,DiegoTownshend,6969,Diamond 2,Diamond 2,Platinum 3,fadd1833-0419-40ec-be13-516b4bd0dda2,"15/6/26, 23:36",Competitive,Split,Skye,Win,13,7,20,365,135,7,13,6,-6,0.5,-31.0,98.7,22.0,65.0,1,1,1
DiegoTownshend#6969,DiegoTownshend,6969,2026-06-23T22:32:43,DiegoTownshend,6969,Diamond 2,Diamond 2,Platinum 3,6283f5e9-f5e1-47c4-96c3-fd67dbc044cf,"15/6/26, 22:51",Competitive,Pearl,Fade,Loss,10,13,23,557,242,19,18,3,1,1.1,18.0,158.0,36.0,65.0,3,3,4
DiegoTownshend#6969,DiegoTownshend,6969,2026-06-23T22:32:43,DiegoTownshend,6969,Diamond 2,Diamond 2,Diamond 1,fb84ec1a-6111-41c5-b56f-98e43f88f7ce,"15/6/26, 21:47",Competitive,Split,Omen,Win,13,11,24,871,275,26,14,6,12,1.9,60.0,177.5,36.0,83.0,2,2,3
DiegoTownshend#6969,DiegoTownshend,6969,2026-06-23T22:32:43,DiegoTownshend,6969,Diamond 2,Diamond 2,Platinum 2,c698f6aa-e3be-4797-a1cd-adaa02452ab3,"15/6/26, 21:09",Competitive,Breeze,KAY/O,Win,13,10,23,755,278,24,16,8,8,1.5,21.0,176.0,29.0,74.0,2,2,2
DiegoTownshend#6969,DiegoTownshend,6969,2026-06-23T22:32:43,DiegoTownshend,6969,Diamond 2,Diamond 2,Gold 1,15738a7d-dd50-461e-8d22-59c03de7c939,"6/6/26, 18:15",Competitive,Pearl,Jett,Win,13,9,22,715,297,24,14,0,10,1.7,67.0,206.3,35.0,59.0,4,6,4
DiegoTownshend#6969,DiegoTownshend,6969,2026-06-23T22:32:43,DiegoTownshend,6969,Diamond 2,Diamond 2,Diamond 2,4a2d6cf4-44e8-4bef-8737-695478de9a22,"5/6/26, 21:35",Competitive,Fracture,Deadlock,Win,13,6,19,683,195,16,10,2,6,1.6,-5.0,113.1,32.0,84.0,2,0,0
DiegoTownshend#6969,DiegoTownshend,6969,2026-06-23T22:32:43,DiegoTownshend,6969,Diamond 2,Diamond 2,Diamond 2,36eeb716-0b96-49c8-b1c7-30262ad8fc21,"5/6/26, 20:37",Competitive,Haven,Chamber,Win,13,6,19,933,289,21,11,2,10,1.9,54.0,175.2,43.0,89.0,3,0,2
DiegoTownshend#6969,DiegoTownshend,6969,2026-06-23T22:32:43,DiegoTownshend,6969,Diamond 2,Diamond 2,Diamond 2,db758a43-9eae-432d-b412-1c9da1508fd4,"1/6/26, 22:35",Competitive,Fracture,Brimstone,Win,13,6,19,695,216,16,11,8,5,1.4,30.0,151.2,42.0,74.0,1,1,1
DiegoTownshend#6969,DiegoTownshend,6969,2026-06-23T22:32:43,DiegoTownshend,6969,Diamond 2,Diamond 2,Platinum 3,9d296461-1b9b-40d2-938b-6e178e64f793,"22/5/26, 20:56",Competitive,Split,Omen,Loss,7,13,20,532,223,15,17,6,-2,0.9,-12.0,145.7,24.0,75.0,2,0,0
DiegoTownshend#6969,DiegoTownshend,6969,2026-06-23T22:32:43,DiegoTownshend,6969,Diamond 2,Diamond 2,Diamond 1,2e3d7ce3-f9d6-438f-81ff-7b5789073d72,"22/5/26, 20:24",Competitive,Pearl,Tejo,Win,13,7,20,832,222,17,9,8,8,1.9,59.0,149.5,26.0,85.0,1,0,1
DiegoTownshend#6969,DiegoTownshend,6969,2026-06-23T22:32:43,DiegoTownshend,6969,Diamond 2,Diamond 2,Gold 3,baa72576-373c-46cc-bc91-cc62519aed46,"20/5/26, 22:55",Competitive,Lotus,Chamber,Loss,7,13,20,519,243,18,15,2,3,1.2,15.0,160.4,38.0,65.0,3,3,1
DiegoTownshend#6969,DiegoTownshend,6969,2026-06-23T22:32:43,DiegoTownshend,6969,Diamond 2,Diamond 2,Gold 1,dc6c4978-2edd-4078-a36a-2ffef9c73780,"20/5/26, 22:08",Competitive,Fracture,Tejo,Loss,10,13,23,918,337,29,17,3,12,1.7,84.0,225.0,32.0,91.0,9,2,3
DiegoTownshend#6969,DiegoTownshend,6969,2026-06-23T22:32:43,DiegoTownshend,6969,Diamond 2,Diamond 2,Platinum 2,b2c84461-cb6f-4cec-b2d9-65dd95f8d662,"9/1/26, 0:05",Competitive,Breeze,Reyna,Loss,7,13,20,846,415,28,17,5,11,1.6,67.0,252.9,35.0,85.0,10,0,5
DiegoTownshend#6969,DiegoTownshend,6969,2026-06-23T22:32:43,DiegoTownshend,6969,Diamond 2,Diamond 2,Platinum 2,01f115d0-853e-4b48-975c-148e491f8a7c,"8/1/26, 23:25",Competitive,Split,Jett,Win,13,9,22,822,295,22,15,4,7,1.5,60.0,193.7,25.0,73.0,4,2,2
DiegoTownshend#6969,DiegoTownshend,6969,2026-06-23T22:32:43,DiegoTownshend,6969,Diamond 2,Diamond 2,Diamond 1,9f455508-435f-43d0-b067-6acaea78b5d3,"4/1/26, 18:31",Competitive,Bind,Raze,Loss,6,13,19,600,258,15,16,6,-1,0.9,8.0,169.8,30.0,74.0,3,6,2
DiegoTownshend#6969,DiegoTownshend,6969,2026-06-23T22:32:43,DiegoTownshend,6969,Diamond 2,Diamond 2,Diamond 1,86145619-bdf2-4edf-934a-2549268e0ca5,"4/1/26, 17:49",Competitive,Pearl,Fade,Win,13,10,23,776,287,20,17,15,3,1.2,65.0,208.9,19.0,70.0,2,2,3
DiegoTownshend#6969,DiegoTownshend,6969,2026-06-23T22:32:43,DiegoTownshend,6969,Diamond 2,Diamond 2,Diamond 2,7b92b49d-dcbc-4540-b97a-6272263f1a8a,"4/1/26, 17:06",Competitive,Sunset,Jett,Win,13,6,19,851,280,18,13,3,5,1.4,42.0,189.8,24.0,79.0,3,0,2
DiegoTownshend#6969,DiegoTownshend,6969,2026-06-23T22:32:43,DiegoTownshend,6969,Diamond 2,Diamond 2,Diamond 1,8b6339c6-40fc-4c3f-9187-a68a0070719a,"3/1/26, 0:27",Competitive,Split,Sage,Loss,5,13,18,202,175,10,16,3,-6,0.6,-37.0,119.8,33.0,44.0,1,2,2
DiegoTownshend#6969,DiegoTownshend,6969,2026-06-23T22:32:43,DiegoTownshend,6969,Diamond 2,Diamond 2,Platinum 3,0fe0ea8e-f574-4a47-8d7a-309e0811eb3e,"2/1/26, 23:33",Competitive,Unknown,Jett,Loss,11,13,24,666,259,21,21,4,0,28.0,176.0,34.0,71.0,5.0,4,3,183
DiegoTownshend#6969,DiegoTownshend,6969,2026-06-23T22:32:43,DiegoTownshend,6969,Diamond 2,Diamond 2,Platinum 2,d22301c8-6450-4e3e-9128-eb8ae4cb7faf,"28/12/25, 23:45",Competitive,Sunset,Chamber,Loss,7,13,20,308,199,15,17,0,-2,0.9,-38.0,133.1,20.0,60.0,3,3,1
Alee2#4014,Alee2,4014,2026-06-23T22:35:40,Alee2,4014,Diamond 2,Diamond 2,Platinum 3,412dc521-dbc9-4d5c-83b7-d86565c47baa,"22/6/26, 22:43",Competitive,Ascent,Skye,Win,14,12,26,400,147,13,18,7,-5,0.7,-45.0,93.0,17.0,73.0,2,0,0
Alee2#4014,Alee2,4014,2026-06-23T22:35:40,Alee2,4014,Diamond 2,Diamond 2,Diamond 1,de33ee41-ef88-4c33-afb3-e2a7d346dc47,"22/6/26, 22:01",Competitive,Haven,Chamber,Win,13,7,20,680,231,17,16,3,1,1.1,2.0,153.2,26.0,75.0,2,1,0
Alee2#4014,Alee2,4014,2026-06-23T22:35:40,Alee2,4014,Diamond 2,Diamond 2,Platinum 3,94b76863-a8ba-4ef4-856c-a2a4ba601417,"22/6/26, 21:30",Competitive,Lotus,Jett,Loss,3,13,16,118,161,9,15,2,-6,0.6,-87.0,100.4,28.0,50.0,1,4,1
Alee2#4014,Alee2,4014,2026-06-23T22:35:40,Alee2,4014,Diamond 2,Diamond 2,Diamond 1,aaa46fb8-1681-4c88-be16-b31f936e1376,"22/6/26, 18:19",Competitive,Lotus,Fade,Win,14,12,26,423,186,19,17,8,2,1.1,-16.0,109.6,15.0,62.0,3,4,2
Alee2#4014,Alee2,4014,2026-06-23T22:35:40,Alee2,4014,Diamond 2,Diamond 2,Gold 3,81d707c7-83eb-4e86-a0b4-1c4959c5fb67,"21/6/26, 19:20",Competitive,Breeze,Viper,Win,14,12,26,606,214,18,19,5,-1,0.9,21.0,157.1,19.0,69.0,0,6,2
Alee2#4014,Alee2,4014,2026-06-23T22:35:40,Alee2,4014,Diamond 2,Diamond 2,Platinum 2,c919e412-eb4d-43d6-8428-5201f5f83a5e,"21/6/26, 3:50",Competitive,Ascent,Fade,Win,13,11,24,606,188,16,15,5,1,1.1,16.0,125.9,13.0,75.0,1,1,0
Alee2#4014,Alee2,4014,2026-06-23T22:35:40,Alee2,4014,Diamond 2,Diamond 2,Platinum 1,dbfed111-1e35-4060-ae7e-f3dc5488125c,"21/6/26, 3:00",Competitive,Ascent,Jett,Win,14,12,26,491,206,18,22,5,-4,0.8,-30.0,122.5,13.0,69.0,4,5,1
Alee2#4014,Alee2,4014,2026-06-23T22:35:40,Alee2,4014,Diamond 2,Diamond 2,Diamond 1,d5dbafc1-be54-447d-a669-c97a4debcf05,"21/6/26, 2:21",Competitive,Breeze,Viper,Win,13,10,23,689,242,20,15,5,5,1.3,34.0,161.5,21.0,70.0,2,1,3
Alee2#4014,Alee2,4014,2026-06-23T22:35:40,Alee2,4014,Diamond 2,Diamond 2,Diamond 2,013f86bc-482f-4061-93dc-5d74bf150ee1,"21/6/26, 1:42",Competitive,Haven,Jett,Loss,9,13,22,326,194,14,18,3,-4,0.8,-34.0,126.2,17.0,59.0,2,6,0
Alee2#4014,Alee2,4014,2026-06-23T22:35:40,Alee2,4014,Diamond 2,Diamond 2,Platinum 3,cbc9e6e6-7d5a-41bd-a8ca-e6fce1c98ebd,"21/6/26, 0:10",Competitive,Haven,Chamber,Loss,8,13,21,571,236,16,17,8,-1,0.9,14.0,163.4,26.0,71.0,3,3,2
Alee2#4014,Alee2,4014,2026-06-23T22:35:40,Alee2,4014,Diamond 2,Diamond 2,Gold 1,60591fc0-3b36-4ca2-a252-cedff2ba733c,"20/6/26, 4:25",Competitive,Breeze,Jett,Loss,8,13,21,363,205,12,16,2,-4,0.8,-14.0,137.0,16.0,57.0,2,8,1
Alee2#4014,Alee2,4014,2026-06-23T22:35:40,Alee2,4014,Diamond 2,Diamond 2,Gold 1,7e9859b0-24f6-4173-bb41-a1960f62c243,"20/6/26, 3:48",Competitive,Split,Jett,Win,13,8,21,533,219,15,18,4,-3,0.8,-21.0,140.5,12.0,67.0,3,7,1
Alee2#4014,Alee2,4014,2026-06-23T22:35:40,Alee2,4014,Diamond 2,Diamond 2,Platinum 3,6f68cd4a-bb90-4fba-ba89-4071438d14c9,"20/6/26, 2:53",Competitive,Haven,Jett,Draw,15,15,30,781,286,28,23,7,5,1.2,28.0,181.8,18.0,77.0,9,9,3
Alee2#4014,Alee2,4014,2026-06-23T22:35:40,Alee2,4014,Diamond 2,Diamond 2,Gold 1,23c887c7-72be-4f7e-be0f-dd00393b8215,"20/6/26, 2:04",Competitive,Pearl,Jett,Win,13,11,24,667,232,18,21,5,-3,0.9,-15.0,149.3,15.0,79.0,8,5,1
Alee2#4014,Alee2,4014,2026-06-23T22:35:40,Alee2,4014,Diamond 2,Diamond 2,Platinum 3,bf674275-02f3-4023-a60d-4bf6178b691b,"20/6/26, 1:23",Competitive,Fracture,Iso,Loss,9,13,22,664,224,15,20,9,-5,0.8,-4.0,174.1,21.0,86.0,5,0,0
Alee2#4014,Alee2,4014,2026-06-23T22:35:40,Alee2,4014,Diamond 2,Diamond 2,Platinum 3,da898259-8f17-4944-9811-217c5810a124,"20/6/26, 0:39",Competitive,Ascent,Jett,Win,13,10,23,877,331,25,18,1,7,1.4,57.0,211.7,26.0,78.0,6,2,3
Alee2#4014,Alee2,4014,2026-06-23T22:35:40,Alee2,4014,Diamond 2,Diamond 2,Platinum 2,97764558-ecfd-448b-bb3b-949334e3e7ec,"19/6/26, 23:58",Competitive,Breeze,Sova,Win,13,10,23,627,244,20,20,6,0,-4.0,157.6,22.0,70.0,3.0,2,1,170
Alee2#4014,Alee2,4014,2026-06-23T22:35:40,Alee2,4014,Diamond 2,Diamond 2,Diamond 2,3e3bb9fd-6238-47d5-9612-b88181a3a9fb,"19/6/26, 23:13",Competitive,Pearl,Jett,Loss,10,13,23,621,234,19,19,3,0,-10.0,163.7,35.0,78.0,2.0,2,0,170
Alee2#4014,Alee2,4014,2026-06-23T22:35:40,Alee2,4014,Diamond 2,Diamond 2,Gold 3,5a9bdaad-c312-4355-92a3-a0b24be01430,"18/6/26, 3:02",Competitive,Haven,Skye,Loss,10,13,23,396,159,11,14,13,-3,0.8,5.0,124.3,36.0,65.0,1,2,1
Alee2#4014,Alee2,4014,2026-06-23T22:35:40,Alee2,4014,Diamond 2,Diamond 2,Silver 2,d852d5ce-2376-461b-8f05-993340b8320c,"18/6/26, 2:33",Competitive,Ascent,Jett,Win,13,3,16,971,312,17,8,7,9,2.1,104.0,218.4,22.0,88.0,3,1,1
Tintinela#Eltin,Tintinela,Eltin,2026-06-23T22:47:50,Tintinela,Eltin,Diamond 2,Diamond 2,Platinum 2,b60c96a2-5732-4430-905b-17fbb7a769e2,"19/6/26, 21:22",Competitive,Pearl,Jett,Loss,6,13,19,324,191,12,17,4,-5,0.7,-30.0,127.1,25.0,63.0,4,4,0
Tintinela#Eltin,Tintinela,Eltin,2026-06-23T22:47:50,Tintinela,Eltin,Diamond 2,Diamond 2,Bronze 3,d7f06dd2-18a4-4f77-8086-b56c731857b7,"18/6/26, 20:30",Competitive,Fracture,Jett,Win,13,8,21,729,257,21,13,2,8,1.6,33.0,153.9,25.0,71.0,4,3,2
Tintinela#Eltin,Tintinela,Eltin,2026-06-23T22:47:50,Tintinela,Eltin,Diamond 2,Diamond 2,Platinum 2,ccec81f0-36ac-4742-a06e-b02ddaeaa1da,"17/6/26, 21:51",Competitive,Lotus,Breach,Loss,9,13,22,363,148,10,17,6,-7,0.6,-34.0,107.4,52.0,73.0,1,1,0
Tintinela#Eltin,Tintinela,Eltin,2026-06-23T22:47:50,Tintinela,Eltin,Diamond 2,Diamond 2,Platinum 1,6cd96291-6409-4f41-8d35-ad35f588f7f9,"17/6/26, 21:07",Competitive,Split,Skye,Win,13,9,22,643,194,15,14,5,1,1.1,29.0,139.6,29.0,73.0,1,1,1
Tintinela#Eltin,Tintinela,Eltin,2026-06-23T22:47:50,Tintinela,Eltin,Diamond 2,Diamond 2,Platinum 2,c964b9bc-7852-4950-96f4-ac3673bd9c30,"17/6/26, 20:16",Competitive,Lotus,Jett,Loss,8,13,21,130,111,8,18,1,-10,0.4,-64.0,73.9,25.0,52.0,2,5,0
Tintinela#Eltin,Tintinela,Eltin,2026-06-23T22:47:50,Tintinela,Eltin,Diamond 2,Diamond 2,Platinum 2,77fb8ffd-e1c8-4c87-96fd-58853108b9e8,"17/6/26, 3:18",Competitive,Fracture,Breach,Loss,10,13,23,164,84,6,18,4,-12,0.3,-83.0,51.8,12.0,61.0,1,4,0
Tintinela#Eltin,Tintinela,Eltin,2026-06-23T22:47:50,Tintinela,Eltin,Diamond 2,Diamond 2,Platinum 2,0442255c-e4a4-427b-bbab-272ea5f050c6,"17/6/26, 2:38",Competitive,Lotus,Killjoy,Win,13,9,22,440,168,12,18,5,-6,0.7,-31.0,125.5,30.0,68.0,2,1,0
Tintinela#Eltin,Tintinela,Eltin,2026-06-23T22:47:50,Tintinela,Eltin,Diamond 2,Diamond 2,Platinum 2,c5f3fc22-fd22-4e52-be4f-5d9816609d73,"17/6/26, 1:55",Competitive,Fracture,Phoenix,Win,13,10,23,402,198,15,17,5,-2,0.9,-44.0,128.1,25.0,61.0,5,6,1
Tintinela#Eltin,Tintinela,Eltin,2026-06-23T22:47:50,Tintinela,Eltin,Diamond 2,Diamond 2,Platinum 2,834c7812-157e-4cfe-a500-e1686181a7d1,"17/6/26, 1:17",Competitive,Ascent,Jett,Loss,8,13,21,264,169,13,18,0,-5,0.7,-32.0,120.8,39.0,57.0,2,5,0
Tintinela#Eltin,Tintinela,Eltin,2026-06-23T22:47:50,Tintinela,Eltin,Diamond 2,Diamond 2,Platinum 1,45b54670-f244-45ab-8923-026de64bcfe4,"17/6/26, 0:37",Competitive,Split,Jett,Loss,6,13,19,117,97,8,16,1,-8,0.5,-72.0,68.3,29.0,58.0,2,2,0
Tintinela#Eltin,Tintinela,Eltin,2026-06-23T22:47:50,Tintinela,Eltin,Diamond 2,Diamond 2,Platinum 1,b062f8ae-79f8-4f3e-be3e-14e866b46b8c,"16/6/26, 23:46",Competitive,Ascent,Jett,Win,13,9,22,435,121,9,14,5,-5,0.6,-26.0,86.7,31.0,73.0,3,5,0
Tintinela#Eltin,Tintinela,Eltin,2026-06-23T22:47:50,Tintinela,Eltin,Diamond 2,Diamond 2,Gold 3,cb106561-1daf-43f3-8ae9-240b6f53c7e3,"16/6/26, 23:08",Competitive,Pearl,Jett,Win,13,7,20,731,236,15,15,4,0,-2.0,160.3,32.0,80.0,4.0,1,0,209
Tintinela#Eltin,Tintinela,Eltin,2026-06-23T22:47:50,Tintinela,Eltin,Diamond 2,Diamond 2,Platinum 2,f08f6d95-3555-46f8-8504-0983be66bd7d,"16/6/26, 20:17",Competitive,Fracture,Jett,Loss,11,13,24,159,126,9,21,4,-12,0.4,-75.0,76.6,13.0,50.0,5,6,0
Tintinela#Eltin,Tintinela,Eltin,2026-06-23T22:47:50,Tintinela,Eltin,Diamond 2,Diamond 2,Platinum 2,b68b84a0-6bc7-4425-bb82-7712e6461ed7,"16/6/26, 19:33",Competitive,Lotus,Breach,Loss,12,14,26,154,69,7,20,5,-13,0.3,-88.0,42.0,26.0,58.0,1,0,1
Tintinela#Eltin,Tintinela,Eltin,2026-06-23T22:47:50,Tintinela,Eltin,Diamond 2,Diamond 2,Diamond 1,cfa37e45-bed0-463f-94f2-fd057b64fe5b,"16/6/26, 18:42",Competitive,Haven,Jett,Loss,11,13,24,219,154,13,21,2,-8,0.6,-63.0,96.3,13.0,54.0,3,4,0
Tintinela#Eltin,Tintinela,Eltin,2026-06-23T22:47:50,Tintinela,Eltin,Diamond 2,Diamond 2,Gold 3,097ad267-cc0a-4234-b1c4-06a6a3e21ee6,"16/6/26, 17:59",Competitive,Breeze,Viper,Loss,10,13,23,371,189,13,19,4,-6,0.7,-18.0,124.0,31.0,61.0,1,7,3
Tintinela#Eltin,Tintinela,Eltin,2026-06-23T22:47:50,Tintinela,Eltin,Diamond 2,Diamond 2,Platinum 2,db0ff7c1-7aa3-41e3-a680-8dae389dd5cc,"16/6/26, 5:19",Competitive,Ascent,Phoenix,Win,13,11,24,516,201,16,17,8,-1,0.9,-4.0,145.0,49.0,67.0,2,3,0
Tintinela#Eltin,Tintinela,Eltin,2026-06-23T22:47:50,Tintinela,Eltin,Diamond 2,Diamond 2,Platinum 2,0d6ca0fa-6038-40c5-9bb0-4848c5df01bb,"16/6/26, 4:44",Competitive,Split,Killjoy,Win,13,3,16,816,236,15,8,0,7,1.9,49.0,164.6,29.0,81.0,2,1,2
Tintinela#Eltin,Tintinela,Eltin,2026-06-23T22:47:50,Tintinela,Eltin,Diamond 2,Diamond 2,Platinum 2,2a7cec8b-5246-4f96-9d97-e4b9c074945c,"16/6/26, 4:14",Competitive,Breeze,Jett,Win,13,4,17,241,129,7,13,5,-6,0.5,-66.0,76.0,30.0,53.0,2,7,1
Tintinela#Eltin,Tintinela,Eltin,2026-06-23T22:47:50,Tintinela,Eltin,Diamond 2,Diamond 2,Gold 3,3d46e2d9-1dfd-4c22-a42f-86fe19413611,"15/6/26, 22:36",Competitive,Pearl,Jett,Win,13,3,16,725,215,15,8,3,7,1.9,47.0,153.9,52.0,75.0,1,1,1
Yukinoツ#2004,Yukinoツ,2004,2026-06-23T22:50:49,Yukinoツ,2004,Diamond 2,Diamond 2,Platinum 3,65661bdd-f11a-490b-bc0f-44e28a0cd134,"20/6/26, 1:26",Competitive,Pearl,Jett,Win,13,7,20,857,280,19,15,8,4,1.3,45.0,188.3,28.0,80.0,4,0,1
Yukinoツ#2004,Yukinoツ,2004,2026-06-23T22:50:49,Yukinoツ,2004,Diamond 2,Diamond 2,Platinum 3,ba599a18-9cab-4869-9dd7-a24b4f19b1fb,"19/6/26, 13:42",Competitive,Split,Chamber,Loss,10,13,23,531,221,18,17,2,1,1.1,20.0,149.7,22.0,65.0,3,3,1
Yukinoツ#2004,Yukinoツ,2004,2026-06-23T22:50:49,Yukinoツ,2004,Diamond 2,Diamond 2,Gold 3,9d3c49be-bb39-4755-a075-387b60a9461e,"18/6/26, 17:52",Competitive,Breeze,KAY/O,Loss,3,13,16,463,205,11,15,5,-4,0.7,-13.0,132.1,37.0,75.0,0,2,1
Yukinoツ#2004,Yukinoツ,2004,2026-06-23T22:50:49,Yukinoツ,2004,Diamond 2,Diamond 2,Platinum 2,e7f243a9-1aba-45ae-a12a-e8efbc7dbf7f,"18/6/26, 17:19",Competitive,Lotus,Raze,Loss,4,13,17,691,307,18,12,1,6,1.5,86.0,205.9,33.0,71.0,3,0,1
Yukinoツ#2004,Yukinoツ,2004,2026-06-23T22:50:49,Yukinoツ,2004,Diamond 2,Diamond 2,Platinum 1,3d552c35-049d-47e1-91e5-e6a2b4bf9c54,"18/6/26, 16:48",Competitive,Ascent,Jett,Win,13,5,18,993,391,28,9,3,19,3.1,159.0,258.7,49.0,89.0,4,2,5
Yukinoツ#2004,Yukinoツ,2004,2026-06-23T22:50:49,Yukinoツ,2004,Diamond 2,Diamond 2,Platinum 2,969e471d-ed17-463d-bbeb-5a36659ad053,"17/6/26, 22:49",Competitive,Ascent,Sova,Win,13,4,17,732,181,10,9,6,1,1.1,46.0,134.5,29.0,82.0,2,0,0
Yukinoツ#2004,Yukinoツ,2004,2026-06-23T22:50:49,Yukinoツ,2004,Diamond 2,Diamond 2,Diamond 2,c820c07a-368a-4571-924a-2f629d531853,"16/6/26, 23:50",Competitive,Pearl,Chamber,Loss,13,15,28,526,196,18,21,6,-3,0.9,-6.0,138.0,25.0,71.0,5,3,0
Yukinoツ#2004,Yukinoツ,2004,2026-06-23T22:50:49,Yukinoツ,2004,Diamond 2,Diamond 2,Diamond 1,cfa37e45-bed0-463f-94f2-fd057b64fe5b,"16/6/26, 18:42",Competitive,Haven,Unknown,Win,13,11,24,879,252,20,15,17,5,1.3,52.0,162.8,40.0,92.0,2,1,2
Yukinoツ#2004,Yukinoツ,2004,2026-06-23T22:50:49,Yukinoツ,2004,Diamond 2,Diamond 2,Platinum 1,5c898e33-beeb-4cbd-aed6-3c349f338557,"16/6/26, 0:41",Competitive,Split,Raze,Win,13,11,24,977,399,33,16,4,17,2.1,96.0,237.4,25.0,92.0,7,3,4
Yukinoツ#2004,Yukinoツ,2004,2026-06-23T22:50:49,Yukinoツ,2004,Diamond 2,Diamond 2,Platinum 1,51d8d01d-4c8c-45f1-b684-122485d5436e,"15/6/26, 23:58",Competitive,Pearl,Jett,Win,13,10,23,827,285,25,13,1,12,1.9,83.0,188.1,37.0,74.0,6,3,3
Yukinoツ#2004,Yukinoツ,2004,2026-06-23T22:50:49,Yukinoツ,2004,Diamond 2,Diamond 2,Gold 1,c208fd78-2676-4044-8a7f-43cd650da0ae,"14/6/26, 20:23",Competitive,Ascent,Sova,Win,13,9,22,535,171,13,16,8,-3,0.8,-10.0,122.0,28.0,73.0,0,1,0
Yukinoツ#2004,Yukinoツ,2004,2026-06-23T22:50:49,Yukinoツ,2004,Diamond 2,Diamond 2,Gold 1,6c4ae573-35a8-482b-b480-1bd8291b031d,"14/6/26, 19:53",Competitive,Split,Chamber,Win,13,3,16,856,288,18,6,3,12,3.0,97.0,191.2,38.0,75.0,3,1,1
Yukinoツ#2004,Yukinoツ,2004,2026-06-23T22:50:49,Yukinoツ,2004,Diamond 2,Diamond 2,Platinum 1,1a0d1316-56ed-439f-9725-d9eb09d8e645,"14/6/26, 19:22",Competitive,Fracture,Jett,Win,13,6,19,968,366,24,8,7,16,3.0,169.0,260.9,25.0,84.0,2,1,2
Yukinoツ#2004,Yukinoツ,2004,2026-06-23T22:50:49,Yukinoツ,2004,Diamond 2,Diamond 2,Gold 1,9cb12c47-ed97-4e84-a056-8806bb539d2d,"14/6/26, 18:48",Competitive,Ascent,Sova,Win,13,5,18,990,338,22,6,7,16,3.7,144.0,225.3,32.0,89.0,2,0,2
Yukinoツ#2004,Yukinoツ,2004,2026-06-23T22:50:49,Yukinoツ,2004,Diamond 2,Diamond 2,Gold 3,86112894-cfaa-493a-a20c-abc7afa1d97e,"14/6/26, 18:19",Competitive,Split,Sage,Win,13,1,14,962,310,17,4,7,13,4.2,120.0,210.8,24.0,86.0,2,2,2
Yukinoツ#2004,Yukinoツ,2004,2026-06-23T22:50:49,Yukinoツ,2004,Diamond 2,Diamond 2,Platinum 1,60dd6f3a-aa84-4b50-8638-72316819a632,"13/6/26, 0:09",Competitive,Lotus,Chamber,Loss,9,13,22,781,364,30,13,4,17,2.3,113.0,229.8,30.0,73.0,5,0,3
Yukinoツ#2004,Yukinoツ,2004,2026-06-23T22:50:49,Yukinoツ,2004,Diamond 2,Diamond 2,Platinum 3,26ad50d4-5536-4f66-be1c-b9b57266c5bb,"12/6/26, 17:37",Competitive,Breeze,Jett,Loss,11,13,24,644,243,20,17,1,3,1.2,26.0,165.6,38.0,71.0,2,7,2
Yukinoツ#2004,Yukinoツ,2004,2026-06-23T22:50:49,Yukinoツ,2004,Diamond 2,Diamond 2,Gold 2,b7476bef-a390-40a8-95f4-f47ab5e38b65,"12/6/26, 16:52",Competitive,Split,Sage,Win,13,8,21,978,353,28,12,7,16,2.3,95.0,215.2,26.0,86.0,3,1,4
Yukinoツ#2004,Yukinoツ,2004,2026-06-23T22:50:49,Yukinoツ,2004,Diamond 2,Diamond 2,Gold 1,908b5c39-ceed-4a43-9b8d-1175e4b78142,"12/6/26, 1:29",Competitive,Haven,Phoenix,Loss,8,13,21,521,239,18,17,1,1,1.1,7.0,162.6,40.0,67.0,4,2,1
Yukinoツ#2004,Yukinoツ,2004,2026-06-23T22:50:49,Yukinoツ,2004,Diamond 2,Diamond 2,Gold 1,604f0cbe-f1c5-49aa-90e1-27e09ec6f2ff,"12/6/26, 0:52",Competitive,Lotus,Raze,Win,13,6,19,965,335,20,14,10,6,1.4,109.0,245.2,25.0,84.0,2,3,2
Pineapple#LAN1,Pineapple,LAN1,2026-06-23T22:53:46,Pineapple,LAN1,Diamond 2,Diamond 2,Platinum 1,e1186d34-cd53-4565-bb1a-c424c1ec4ada,"20/6/26, 17:11",Competitive,Lotus,Jett,Win,13,11,24,456,204,16,20,4,-4,0.8,-19.0,139.3,20.0,62.0,7,3,0
Pineapple#LAN1,Pineapple,LAN1,2026-06-23T22:53:46,Pineapple,LAN1,Diamond 2,Diamond 2,Platinum 1,2cc92b75-c3fc-4dcc-ae96-fd85f44a9ebd,"18/6/26, 21:59",Competitive,Split,Clove,Win,13,5,18,951,317,21,14,9,7,1.5,46.0,209.7,25.0,94.0,3,0,2
Pineapple#LAN1,Pineapple,LAN1,2026-06-23T22:53:46,Pineapple,LAN1,Diamond 2,Diamond 2,Platinum 3,6e07ccde-1d7a-4776-a432-16bca8fe068f,"18/6/26, 20:45",Competitive,Haven,Phoenix,Loss,9,13,22,352,200,13,21,8,-8,0.6,-73.0,133.6,20.0,68.0,4,1,0
Pineapple#LAN1,Pineapple,LAN1,2026-06-23T22:53:46,Pineapple,LAN1,Diamond 2,Diamond 2,Diamond 1,90ca6eef-4559-404c-9f6e-c621479436f6,"17/6/26, 20:48",Competitive,Lotus,Fade,Loss,8,13,21,597,213,16,14,6,2,1.1,19.0,134.8,39.0,76.0,0,1,2
Pineapple#LAN1,Pineapple,LAN1,2026-06-23T22:53:46,Pineapple,LAN1,Diamond 2,Diamond 2,Platinum 3,449ccee9-fb39-404e-82f3-fe33775ca094,"17/6/26, 20:08",Competitive,Fracture,Tejo,Loss,9,13,22,551,220,18,18,7,0,-0.0,146.7,15.0,73.0,0.0,2,1,239
Pineapple#LAN1,Pineapple,LAN1,2026-06-23T22:53:46,Pineapple,LAN1,Diamond 2,Diamond 2,Gold 3,ecd13dbc-7582-4e43-ab6c-401d1db0b33f,"17/6/26, 17:20",Competitive,Ascent,Sova,Loss,8,13,21,455,170,12,16,8,-4,0.8,-16.0,111.5,7.0,76.0,0,1,1
Pineapple#LAN1,Pineapple,LAN1,2026-06-23T22:53:46,Pineapple,LAN1,Diamond 2,Diamond 2,Gold 3,c852ab78-a3b6-4828-9cb0-32df15e4d533,"17/6/26, 16:42",Competitive,Breeze,Sova,Win,13,10,23,278,136,10,17,7,-7,0.6,-38.0,92.3,13.0,52.0,2,4,0
Pineapple#LAN1,Pineapple,LAN1,2026-06-23T22:53:46,Pineapple,LAN1,Diamond 2,Diamond 2,Platinum 3,1f3fe5f2-24fc-482b-b3a6-7ace944c9a5b,"17/6/26, 12:36",Competitive,Fracture,Clove,Win,13,2,15,861,234,14,8,6,6,1.8,53.0,160.7,13.0,87.0,1,0,0
Pineapple#LAN1,Pineapple,LAN1,2026-06-23T22:53:46,Pineapple,LAN1,Diamond 2,Diamond 2,Diamond 2,080bed27-290c-4631-b866-f49d4b310bc8,"17/6/26, 11:52",Competitive,Haven,Sova,Loss,12,14,26,525,218,19,20,6,-1,0.9,-7.0,143.9,25.0,69.0,4,1,1
Pineapple#LAN1,Pineapple,LAN1,2026-06-23T22:53:46,Pineapple,LAN1,Diamond 2,Diamond 2,Platinum 2,ecf24cb7-7cac-4bd7-b226-ceed76ecda9d,"17/6/26, 11:06",Competitive,Ascent,Phoenix,Win,14,12,26,360,185,16,20,5,-4,0.8,-47.0,118.1,20.0,62.0,4,5,1
Pineapple#LAN1,Pineapple,LAN1,2026-06-23T22:53:46,Pineapple,LAN1,Diamond 2,Diamond 2,Diamond 1,cfa37e45-bed0-463f-94f2-fd057b64fe5b,"16/6/26, 18:42",Competitive,Haven,Sova,Win,13,11,24,456,167,14,14,7,0,1.0,-4.0,112.1,32.0,67.0,2,0,1
Pineapple#LAN1,Pineapple,LAN1,2026-06-23T22:53:46,Pineapple,LAN1,Diamond 2,Diamond 2,Gold 3,513959c9-dec2-4b9b-b6ad-09e27123485c,"16/6/26, 18:08",Competitive,Breeze,Sova,Loss,6,13,19,286,157,10,15,4,-5,0.7,-22.0,107.5,33.0,63.0,0,2,0
Pineapple#LAN1,Pineapple,LAN1,2026-06-23T22:53:46,Pineapple,LAN1,Diamond 2,Diamond 2,Diamond 1,ea2ee685-35b6-447b-80a7-0b6df701c56d,"15/6/26, 19:10",Competitive,Ascent,Sova,Win,13,10,23,665,187,16,17,9,-1,0.9,-10.0,124.0,13.0,87.0,1,2,0
Pineapple#LAN1,Pineapple,LAN1,2026-06-23T22:53:46,Pineapple,LAN1,Diamond 2,Diamond 2,Platinum 3,c21e6d68-3cd3-4db2-af78-abe772ebccab,"15/6/26, 12:54",Competitive,Split,Skye,Loss,11,13,24,528,216,20,16,9,4,1.2,11.0,136.0,14.0,67.0,2,1,3
Pineapple#LAN1,Pineapple,LAN1,2026-06-23T22:53:46,Pineapple,LAN1,Diamond 2,Diamond 2,Platinum 2,094fd4f2-2087-46f9-bb44-07b6d1abe9de,"15/6/26, 12:22",Competitive,Haven,Sova,Loss,6,13,19,494,229,15,15,4,0,-26.0,141.5,21.0,74.0,0.0,1,1,73
Pineapple#LAN1,Pineapple,LAN1,2026-06-23T22:53:46,Pineapple,LAN1,Diamond 2,Diamond 2,Gold 3,6e107e1e-aa6d-44cf-9542-362d1e36f984,"15/6/26, 11:57",Competitive,Split,Skye,Win,6,1,7,526,115,3,4,7,-1,0.8,-45.0,58.3,0.0,100.0,0,0,0
Pineapple#LAN1,Pineapple,LAN1,2026-06-23T22:53:46,Pineapple,LAN1,Diamond 2,Diamond 2,Gold 1,5f4f5c0c-7d33-437b-9a61-2c9752d12c27,"13/6/26, 15:07",Competitive,Lotus,Clove,Loss,13,15,28,717,247,24,23,5,1,1.0,-4.0,161.4,23.0,82.0,3,2,1
Pineapple#LAN1,Pineapple,LAN1,2026-06-23T22:53:46,Pineapple,LAN1,Diamond 2,Diamond 2,Platinum 1,525c1f00-86b3-4f41-a9fe-b67d8cf91192,"11/6/26, 11:43",Competitive,Breeze,Harbor,Loss,11,13,24,757,284,22,18,9,4,1.2,48.0,190.9,24.0,75.0,1,0,2
Pineapple#LAN1,Pineapple,LAN1,2026-06-23T22:53:46,Pineapple,LAN1,Diamond 2,Diamond 2,Platinum 1,1d0e52b9-1486-44e1-a063-77e4a108ddda,"11/6/26, 11:15",Competitive,Fracture,Clove,Loss,1,13,14,100,101,3,15,3,-12,0.2,-88.0,76.1,25.0,43.0,1,3,0
Pineapple#LAN1,Pineapple,LAN1,2026-06-23T22:53:46,Pineapple,LAN1,Diamond 2,Diamond 2,Platinum 1,80b39340-2efe-4385-8b1f-333c7675272d,"10/6/26, 17:17",Competitive,Breeze,Harbor,Loss,6,13,19,270,173,11,16,6,-5,0.7,-43.0,108.9,29.0,63.0,1,1,0
Elamordetuvida#istp,Elamordetuvida,istp,2026-06-23T23:10:14,Elamordetuvida,istp,Platinum 1,Platinum 1,Platinum 1,12a00aaf-0009-4495-8257-de1f143e0a4d,"23/6/26, 22:01",Competitive,Breeze,Omen,Win,13,8,21,362,148,10,13,6,-3,0.8,-17.0,106.6,22.0,57.0,2,2,0
Elamordetuvida#istp,Elamordetuvida,istp,2026-06-23T23:10:14,Elamordetuvida,istp,Platinum 1,Platinum 1,Gold 2,fba30f43-d0d9-40a6-a32a-888b3180fd8f,"23/6/26, 21:34",Competitive,Lotus,Breach,Win,13,0,13,475,25,2,7,23,12,220.0,285.8,31.0,92.0,2.0,0,5,217
Elamordetuvida#istp,Elamordetuvida,istp,2026-06-23T23:10:14,Elamordetuvida,istp,Platinum 1,Platinum 1,Platinum 1,4f83b6d2-9686-4af4-b73f-f7d578e44921,"23/6/26, 21:01",Competitive,Split,Skye,Win,13,6,19,536,120,8,8,3,0,1.0,20.0,95.4,27.0,74.0,1,3,1
Elamordetuvida#istp,Elamordetuvida,istp,2026-06-23T23:10:14,Elamordetuvida,istp,Platinum 1,Platinum 1,Silver 1,017a8ca4-5c6e-404c-94d5-5f7b5788159b,"23/6/26, 20:19",Competitive,Unknown,Chamber,Win,13,11,24,776,250,22,16,5,6,1.4,31.0,163.1,29.0,79.0,2,1,1
Elamordetuvida#istp,Elamordetuvida,istp,2026-06-23T23:10:14,Elamordetuvida,istp,Platinum 1,Platinum 1,Platinum 1,95018555-09cf-43de-b45f-9ef4f54c10dd,"23/6/26, 19:31",Competitive,Haven,Jett,Win,15,13,28,823,300,30,18,4,12,1.7,82.0,209.5,26.0,75.0,4,1,4
Elamordetuvida#istp,Elamordetuvida,istp,2026-06-23T23:10:14,Elamordetuvida,istp,Platinum 1,Platinum 1,Platinum 1,31589a3a-d819-46dc-b179-0340bd88d4e5,"23/6/26, 17:25",Competitive,Ascent,Chamber,Win,13,3,16,776,214,13,7,1,6,1.9,45.0,146.1,50.0,81.0,1,2,1
Elamordetuvida#istp,Elamordetuvida,istp,2026-06-23T23:10:14,Elamordetuvida,istp,Platinum 1,Platinum 1,Platinum 1,b384fb4c-428c-40b9-a26e-3e5cfcf94aef,"23/6/26, 16:42",Competitive,Lotus,Omen,Win,13,7,20,603,162,12,8,12,4,1.5,-2.0,103.4,24.0,80.0,0,0,0
Elamordetuvida#istp,Elamordetuvida,istp,2026-06-23T23:10:14,Elamordetuvida,istp,Platinum 1,Platinum 1,Platinum 1,077aced2-2c77-42bd-b446-3977bb1513d6,"23/6/26, 16:00",Competitive,Split,Omen,Loss,10,13,23,268,129,10,16,7,-6,0.6,-25.0,99.4,20.0,61.0,0,4,0
Elamordetuvida#istp,Elamordetuvida,istp,2026-06-23T23:10:14,Elamordetuvida,istp,Platinum 1,Platinum 1,Silver 2,0eabb6b7-6e4d-417e-b633-eb0ff11bb2dc,"23/6/26, 2:01",Competitive,Split,Skye,Loss,11,13,24,382,153,13,18,11,-5,0.7,-32.0,111.3,29.0,71.0,0,2,0
Elamordetuvida#istp,Elamordetuvida,istp,2026-06-23T23:10:14,Elamordetuvida,istp,Platinum 1,Platinum 1,Bronze 2,4fb628de-15b7-435a-a765-1c0b265684c9,"23/6/26, 0:47",Competitive,Pearl,Jett,Loss,6,13,19,682,282,19,15,3,4,1.3,44.0,191.5,32.0,74.0,3,1,2
Elamordetuvida#istp,Elamordetuvida,istp,2026-06-23T23:10:14,Elamordetuvida,istp,Platinum 1,Platinum 1,Bronze 2,8cb9c423-ad46-44ff-8d4d-285fba3530ef,"23/6/26, 0:09",Competitive,Breeze,Jett,Win,13,8,21,825,308,20,15,9,5,1.3,86.0,220.9,16.0,71.0,2,6,2
Elamordetuvida#istp,Elamordetuvida,istp,2026-06-23T23:10:14,Elamordetuvida,istp,Platinum 1,Platinum 1,Platinum 1,213c2ff3-4f35-4ec2-95db-315bdf1a117d,"22/6/26, 22:16",Competitive,Fracture,Omen,Win,13,6,19,944,305,24,10,6,14,2.4,85.0,189.4,19.0,84.0,0,0,4
Elamordetuvida#istp,Elamordetuvida,istp,2026-06-23T23:10:14,Elamordetuvida,istp,Platinum 1,Platinum 1,Gold 3,fac74d55-8cef-4e56-aab7-20f83adc09da,"22/6/26, 13:52",Competitive,Lotus,Breach,Loss,8,13,21,509,207,16,14,8,2,1.1,29.0,151.0,30.0,67.0,0,2,1
Elamordetuvida#istp,Elamordetuvida,istp,2026-06-23T23:10:14,Elamordetuvida,istp,Platinum 1,Platinum 1,Silver 3,505064a0-aaa9-499d-af5e-76aef772d77b,"22/6/26, 13:15",Competitive,Split,Skye,Loss,8,13,21,213,132,9,16,9,-7,0.6,-47.0,83.9,16.0,62.0,2,2,0
Elamordetuvida#istp,Elamordetuvida,istp,2026-06-23T23:10:14,Elamordetuvida,istp,Platinum 1,Platinum 1,Platinum 1,af522871-c51d-4fb4-a6bb-7708d70e9111,"22/6/26, 12:45",Competitive,Pearl,Jett,Loss,2,13,15,150,180,9,14,0,-5,0.6,-63.0,103.7,42.0,40.0,1,3,2
Elamordetuvida#istp,Elamordetuvida,istp,2026-06-23T23:10:14,Elamordetuvida,istp,Platinum 1,Platinum 1,Gold 2,d40b7d7d-5a22-4e06-a7b6-73442c0fa298,"22/6/26, 11:37",Competitive,Pearl,Jett,Loss,11,13,24,693,265,20,17,6,3,1.2,40.0,187.8,24.0,71.0,1,1,3
Elamordetuvida#istp,Elamordetuvida,istp,2026-06-23T23:10:14,Elamordetuvida,istp,Platinum 1,Platinum 1,Gold 2,48ed3504-73d9-4b37-8e98-a0a39c569401,"22/6/26, 10:57",Competitive,Fracture,Iso,Loss,11,13,24,655,214,18,14,5,4,1.3,40.0,151.3,26.0,75.0,1,0,1
Elamordetuvida#istp,Elamordetuvida,istp,2026-06-23T23:10:14,Elamordetuvida,istp,Platinum 1,Platinum 1,Platinum 1,0b089d9a-bc28-4cb1-b3c9-af89cb5f271f,"22/6/26, 1:23",Competitive,Breeze,Jett,Win,13,7,20,661,217,16,13,4,3,1.2,5.0,135.7,16.0,75.0,1,2,1
Elamordetuvida#istp,Elamordetuvida,istp,2026-06-23T23:10:14,Elamordetuvida,istp,Platinum 1,Platinum 1,Gold 2,3465092d-1070-4820-91a8-4d9a997bf0f1,"22/6/26, 0:39",Competitive,Breeze,Chamber,Win,14,12,26,431,134,12,15,5,-3,0.8,-19.0,96.0,13.0,73.0,1,1,0
Elamordetuvida#istp,Elamordetuvida,istp,2026-06-23T23:10:14,Elamordetuvida,istp,Platinum 1,Platinum 1,Platinum 1,8d7bb6d5-9198-4d27-9641-1e54852f1ee6,"21/6/26, 23:53",Competitive,Split,Chamber,Loss,9,13,22,668,332,27,17,3,10,1.6,57.0,206.3,29.0,64.0,1,4,5
v16 sinpatente#007,v16 sinpatente,007,2026-06-23T23:16:23,v16 sinpatente,007,Diamond 2,Diamond 2,Platinum 1,a469d6bc-5ee8-46b6-8a56-8ac1cf0979c0,"20/6/26, 2:05",Competitive,Pearl,Fade,Loss,11,13,24,537,214,17,20,12,-3,0.8,-6.0,149.0,46.0,71.0,3,2,0
v16 sinpatente#007,v16 sinpatente,007,2026-06-23T23:16:23,v16 sinpatente,007,Diamond 2,Diamond 2,Diamond 1,d9f1eeaa-d39c-40c7-ac50-f6359cd9821e,"19/6/26, 23:51",Competitive,Split,Fade,Win,13,11,24,633,193,18,13,7,5,1.4,26.0,127.4,35.0,75.0,0,3,2
v16 sinpatente#007,v16 sinpatente,007,2026-06-23T23:16:23,v16 sinpatente,007,Diamond 2,Diamond 2,Platinum 2,3de085ab-fa61-40fe-b0c9-8ffad2025241,"19/6/26, 23:00",Competitive,Split,Breach,Loss,4,13,17,384,207,11,16,6,-5,0.7,-41.0,139.1,43.0,71.0,1,1,2
v16 sinpatente#007,v16 sinpatente,007,2026-06-23T23:16:23,v16 sinpatente,007,Diamond 2,Diamond 2,Platinum 3,b00c73c9-2d29-4ee5-89c8-8479398735c4,"18/6/26, 3:00",Competitive,Fracture,Cypher,Win,13,6,19,615,182,13,14,3,-1,0.9,-8.0,116.9,43.0,79.0,0,0,1
v16 sinpatente#007,v16 sinpatente,007,2026-06-23T23:16:23,v16 sinpatente,007,Diamond 2,Diamond 2,Platinum 1,c3bacff9-9fcf-4f5d-a6c3-b3206fe65006,"15/6/26, 21:56",Competitive,Ascent,KAY/O,Loss,0,4,4,100,38,1,4,0,-3,0.2,-163.0,20.0,0.0,25.0,0,0,0
v16 sinpatente#007,v16 sinpatente,007,2026-06-23T23:16:23,v16 sinpatente,007,Diamond 2,Diamond 2,Platinum 2,2c156bde-90f3-4cef-ac02-b7fe43f48950,"13/6/26, 0:17",Competitive,Lotus,Breach,Loss,8,13,21,287,179,13,17,3,-4,0.8,-20.0,115.6,44.0,52.0,1,2,2
v16 sinpatente#007,v16 sinpatente,007,2026-06-23T23:16:23,v16 sinpatente,007,Diamond 2,Diamond 2,Diamond 2,4ba52340-00b8-4a6a-a8e5-4ea3ecdd78cf,"12/6/26, 22:25",Competitive,Ascent,Breach,Loss,13,15,28,246,134,13,17,6,-4,0.8,-31.0,85.9,39.0,46.0,3,4,0
v16 sinpatente#007,v16 sinpatente,007,2026-06-23T23:16:23,v16 sinpatente,007,Diamond 2,Diamond 2,Platinum 3,ab3da8f7-2a40-48b3-842a-bb613d9a38d1,"12/6/26, 20:15",Competitive,Split,Sage,Win,13,5,18,648,187,12,11,4,1,1.1,-12.0,121.2,25.0,83.0,1,1,0
v16 sinpatente#007,v16 sinpatente,007,2026-06-23T23:16:23,v16 sinpatente,007,Diamond 2,Diamond 2,Diamond 1,66bf2e40-eb04-4719-9932-efaacf44c5e3,"11/6/26, 21:51",Competitive,Haven,Fade,Loss,3,13,16,599,259,14,14,5,0,47.0,176.6,54.0,69.0,5.0,0,1,346
v16 sinpatente#007,v16 sinpatente,007,2026-06-23T23:16:23,v16 sinpatente,007,Diamond 2,Diamond 2,Gold 1,a0806c9f-baa9-486e-8a48-d401e879071a,"11/6/26, 20:21",Competitive,Pearl,Omen,Loss,9,13,22,483,213,16,18,6,-2,0.9,-4.0,130.5,39.0,68.0,6,1,0
v16 sinpatente#007,v16 sinpatente,007,2026-06-23T23:16:23,v16 sinpatente,007,Diamond 2,Diamond 2,Platinum 1,3131c547-38f1-4ce2-b617-3db10c96b37a,"11/6/26, 19:28",Competitive,Ascent,Fade,Win,13,9,22,664,223,16,18,9,-2,0.9,-12.0,152.2,31.0,77.0,1,2,1
v16 sinpatente#007,v16 sinpatente,007,2026-06-23T23:16:23,v16 sinpatente,007,Diamond 2,Diamond 2,Platinum 3,b9b57c4f-2dff-4f52-8306-2a617e0bba48,"11/6/26, 18:44",Competitive,Haven,Fade,Win,13,6,19,747,223,15,12,8,3,1.2,25.0,135.3,38.0,79.0,2,1,0
v16 sinpatente#007,v16 sinpatente,007,2026-06-23T23:16:23,v16 sinpatente,007,Diamond 2,Diamond 2,Platinum 1,d53c9656-bfdf-4e2d-9383-b3b4c7474a49,"11/6/26, 17:24",Competitive,Ascent,Clove,Loss,10,13,23,137,124,10,24,4,-14,0.4,-97.0,74.8,36.0,48.0,2,1,0
v16 sinpatente#007,v16 sinpatente,007,2026-06-23T23:16:23,v16 sinpatente,007,Diamond 2,Diamond 2,Diamond 2,236751f0-d316-41c7-ba2f-e7f4c5451787,"10/6/26, 23:54",Competitive,Lotus,Clove,Loss,12,14,26,613,257,25,23,5,2,1.1,-9.0,164.7,43.0,73.0,6,1,2
v16 sinpatente#007,v16 sinpatente,007,2026-06-23T23:16:23,v16 sinpatente,007,Diamond 2,Diamond 2,Platinum 3,ff888d39-7b1e-41e4-8492-b0ec5951641b,"10/6/26, 23:07",Competitive,Haven,Fade,Win,13,10,23,781,220,19,15,4,4,1.3,20.0,142.9,42.0,87.0,2,3,1
v16 sinpatente#007,v16 sinpatente,007,2026-06-23T23:16:23,v16 sinpatente,007,Diamond 2,Diamond 2,Platinum 1,41a22b7f-acf3-4dcd-9de9-9b779fa0c50f,"10/6/26, 19:03",Competitive,Breeze,Omen,Win,13,9,22,482,179,15,14,6,1,1.1,-4.0,128.5,38.0,64.0,1,1,2
v16 sinpatente#007,v16 sinpatente,007,2026-06-23T23:16:23,v16 sinpatente,007,Diamond 2,Diamond 2,Diamond 1,db09b879-70f4-45dd-9d81-ec63a9eb08eb,"10/6/26, 17:49",Competitive,Breeze,Breach,Win,13,9,22,705,187,14,14,12,0,-4.0,117.0,37.0,91.0,0.0,1,1,100
v16 sinpatente#007,v16 sinpatente,007,2026-06-23T23:16:23,v16 sinpatente,007,Diamond 2,Diamond 2,Platinum 3,bf3478ad-c287-4a89-848d-1508663ffa80,"9/6/26, 2:15",Competitive,Pearl,Killjoy,Loss,8,13,21,292,194,12,19,4,-7,0.6,-30.0,141.5,28.0,52.0,2,1,0
v16 sinpatente#007,v16 sinpatente,007,2026-06-23T23:16:23,v16 sinpatente,007,Diamond 2,Diamond 2,Diamond 2,fab424c9-a435-44eb-963a-387e44893301,"8/6/26, 23:14",Competitive,Fracture,Breach,Loss,12,14,26,143,43,4,14,3,-10,0.3,-57.0,32.9,36.0,46.0,0,3,0
v16 sinpatente#007,v16 sinpatente,007,2026-06-23T23:16:23,v16 sinpatente,007,Diamond 2,Diamond 2,Platinum 2,3fa46ebb-a004-4f4d-82a5-dce2d4fb1e1f,"2/6/26, 23:45",Competitive,Pearl,Fade,Win,13,7,20,464,178,12,12,4,0,-13.0,105.6,35.0,65.0,2.0,2,1,365
Dean Winchester#xnzs,Dean Winchester,xnzs,2026-06-23T23:22:48,Dean Winchester,xnzs,Diamond 1,Diamond 1,Diamond 1,09a463d6-12cd-4845-9508-40dbe09ba4d6,"21/6/26, 23:07",Competitive,Fracture,Phoenix,Loss,11,13,24,427,166,13,20,9,-7,0.7,-68.0,125.8,20.0,79.0,1,3,1
Dean Winchester#xnzs,Dean Winchester,xnzs,2026-06-23T23:22:48,Dean Winchester,xnzs,Diamond 1,Diamond 1,Platinum 2,6fa9dfc6-5afe-403b-b09b-dfdad5638011,"21/6/26, 22:31",Competitive,Ascent,Phoenix,Loss,9,13,22,501,230,16,16,5,0,8.0,160.4,33.0,64.0,1.0,7,2,114
Dean Winchester#xnzs,Dean Winchester,xnzs,2026-06-23T23:22:48,Dean Winchester,xnzs,Diamond 1,Diamond 1,Platinum 1,830cc127-951f-4918-bfe2-100993e9c03a,"21/6/26, 21:55",Competitive,Split,Phoenix,Loss,8,13,21,848,339,26,16,2,10,1.6,53.0,218.1,51.0,86.0,5,2,2
Dean Winchester#xnzs,Dean Winchester,xnzs,2026-06-23T23:22:48,Dean Winchester,xnzs,Diamond 1,Diamond 1,Platinum 1,de386905-8d48-4497-9845-a35ad5031e1b,"21/6/26, 20:45",Competitive,Pearl,Reyna,Win,17,15,32,552,232,25,23,4,2,1.1,13.0,156.8,29.0,62.0,2,5,1
Dean Winchester#xnzs,Dean Winchester,xnzs,2026-06-23T23:22:48,Dean Winchester,xnzs,Diamond 1,Diamond 1,Diamond 1,23163fc1-f51d-4cf0-8121-dfee6b018f15,"21/6/26, 20:00",Competitive,Lotus,Fade,Loss,11,13,24,169,102,6,20,8,-14,0.3,-83.0,71.8,20.0,58.0,0,4,0
Dean Winchester#xnzs,Dean Winchester,xnzs,2026-06-23T23:22:48,Dean Winchester,xnzs,Diamond 1,Diamond 1,Diamond 1,70ea2e56-7dbc-497f-8a93-3fc43c82c349,"21/6/26, 16:46",Competitive,Split,Chamber,Loss,10,13,23,531,228,19,15,0,4,1.3,14.0,139.2,32.0,65.0,1,1,1
Dean Winchester#xnzs,Dean Winchester,xnzs,2026-06-23T23:22:48,Dean Winchester,xnzs,Diamond 1,Diamond 1,Platinum 1,df06b78d-489a-4b39-817c-8af436143d16,"21/6/26, 16:02",Competitive,Haven,Jett,Loss,11,13,24,811,289,23,19,5,4,1.2,57.0,204.0,36.0,79.0,6,3,1
Dean Winchester#xnzs,Dean Winchester,xnzs,2026-06-23T23:22:48,Dean Winchester,xnzs,Diamond 1,Diamond 1,Platinum 2,88443be7-6e25-40f7-b8eb-3c2f906eac87,"21/6/26, 2:18",Competitive,Pearl,Chamber,Win,13,6,19,928,344,26,7,2,19,3.7,145.0,245.4,37.0,79.0,2,1,5
Dean Winchester#xnzs,Dean Winchester,xnzs,2026-06-23T23:22:48,Dean Winchester,xnzs,Diamond 1,Diamond 1,Platinum 2,c4cb0b41-d219-428b-959e-9673e6c1155e,"21/6/26, 1:46",Competitive,Breeze,Jett,Loss,4,13,17,276,222,13,15,2,-2,0.9,-46.0,142.9,29.0,53.0,3,2,1
Dean Winchester#xnzs,Dean Winchester,xnzs,2026-06-23T23:22:48,Dean Winchester,xnzs,Diamond 1,Diamond 1,Platinum 3,d5c938e5-9233-42b3-b018-58bfcbd2d3a6,"21/6/26, 1:05",Competitive,Ascent,Jett,Loss,7,13,20,593,248,15,18,5,-3,0.8,1.0,164.7,34.0,75.0,3,4,1
Dean Winchester#xnzs,Dean Winchester,xnzs,2026-06-23T23:22:48,Dean Winchester,xnzs,Diamond 1,Diamond 1,Gold 3,480c9fd6-226c-4e06-82d1-498555cbb174,"20/6/26, 23:50",Competitive,Fracture,Jett,Win,13,10,23,907,384,30,16,4,14,1.9,103.0,238.3,28.0,78.0,6,3,4
Dean Winchester#xnzs,Dean Winchester,xnzs,2026-06-23T23:22:48,Dean Winchester,xnzs,Diamond 1,Diamond 1,Diamond 1,73ac3356-7830-42eb-af0c-eb33732378fe,"20/6/26, 22:39",Competitive,Fracture,Breach,Loss,7,13,20,207,130,12,14,2,-2,0.9,-36.0,91.7,50.0,60.0,2,3,0
Dean Winchester#xnzs,Dean Winchester,xnzs,2026-06-23T23:22:48,Dean Winchester,xnzs,Diamond 1,Diamond 1,Gold 2,01adcb36-f921-4aa6-8e31-6457ee8b9574,"20/6/26, 18:01",Competitive,Split,Jett,Loss,11,13,24,700,264,24,16,0,8,1.5,50.0,190.0,33.0,71.0,3,3,3
Dean Winchester#xnzs,Dean Winchester,xnzs,2026-06-23T23:22:48,Dean Winchester,xnzs,Diamond 1,Diamond 1,Diamond 1,197a388c-1be3-4783-9ba3-c0ae3135b3b3,"20/6/26, 16:48",Competitive,Lotus,Reyna,Loss,7,13,20,411,201,14,16,5,-2,0.9,-7.0,150.2,33.0,65.0,1,0,0
Dean Winchester#xnzs,Dean Winchester,xnzs,2026-06-23T23:22:48,Dean Winchester,xnzs,Diamond 1,Diamond 1,Gold 3,e5c4d874-1810-444f-b1da-df54f0c26fcc,"20/6/26, 0:38",Competitive,Ascent,Jett,Win,13,7,20,776,249,17,14,4,3,1.2,45.0,163.9,32.0,75.0,4,1,0
Dean Winchester#xnzs,Dean Winchester,xnzs,2026-06-23T23:22:48,Dean Winchester,xnzs,Diamond 1,Diamond 1,Diamond 1,d9f1eeaa-d39c-40c7-ac50-f6359cd9821e,"19/6/26, 23:51",Competitive,Split,Chamber,Win,13,11,24,709,243,19,18,3,1,1.1,22.0,158.0,22.0,75.0,5,3,1
Dean Winchester#xnzs,Dean Winchester,xnzs,2026-06-23T23:22:48,Dean Winchester,xnzs,Diamond 1,Diamond 1,Platinum 1,aeb7e8cd-42df-4a78-9e5c-96d4db76d06f,"19/6/26, 22:40",Competitive,Haven,Jett,Loss,8,13,21,798,305,22,18,3,4,1.2,51.0,199.7,33.0,81.0,4,3,2
Dean Winchester#xnzs,Dean Winchester,xnzs,2026-06-23T23:22:48,Dean Winchester,xnzs,Diamond 1,Diamond 1,Diamond 1,b92764be-4c7f-4653-a3db-001063f7df7b,"19/6/26, 21:57",Competitive,Breeze,Jett,Win,13,11,24,689,268,22,20,6,2,1.1,39.0,173.5,29.0,67.0,7,6,2
Dean Winchester#xnzs,Dean Winchester,xnzs,2026-06-23T23:22:48,Dean Winchester,xnzs,Diamond 1,Diamond 1,Platinum 1,89a1b6d9-495e-4dcd-a713-11892cf33c26,"19/6/26, 21:09",Competitive,Breeze,Jett,Loss,14,16,30,663,271,27,24,3,3,1.1,30.0,182.1,32.0,67.0,9,3,3
Dean Winchester#xnzs,Dean Winchester,xnzs,2026-06-23T23:22:48,Dean Winchester,xnzs,Diamond 1,Diamond 1,Gold 2,211c4a15-28a4-47aa-9312-7c6537a6fa56,"19/6/26, 20:31",Competitive,Split,Chamber,Win,13,7,20,768,263,21,10,0,11,2.1,73.0,165.7,42.0,70.0,5,2,2
xSaso#1404,xSaso,1404,2026-06-23T23:26:00,xSaso,1404,Diamond 2,Diamond 2,Platinum 1,bd9c9155-052b-4f79-8ec5-5cc846ca6a46,"21/6/26, 20:13",Competitive,Split,Omen,Win,13,4,17,784,265,19,12,5,7,1.6,27.0,163.1,17.0,76.0,2,2,2
xSaso#1404,xSaso,1404,2026-06-23T23:26:00,xSaso,1404,Diamond 2,Diamond 2,Platinum 3,a63403c8-36fb-4035-9a83-a8b946ee30ed,"21/6/26, 19:28",Competitive,Fracture,Brimstone,Win,13,10,23,744,261,21,17,13,4,1.2,26.0,167.5,10.0,74.0,2,0,3
xSaso#1404,xSaso,1404,2026-06-23T23:26:00,xSaso,1404,Diamond 2,Diamond 2,Diamond 1,252b3df8-30cd-4a65-ac42-97a76f4f6c73,"21/6/26, 18:46",Competitive,Haven,Sage,Win,13,7,20,662,212,16,13,9,3,1.2,10.0,140.3,20.0,75.0,0,1,2
xSaso#1404,xSaso,1404,2026-06-23T23:26:00,xSaso,1404,Diamond 2,Diamond 2,Gold 3,47698e23-e304-41f5-a435-40486e314b1a,"21/6/26, 17:52",Competitive,Ascent,Sage,Win,15,13,28,305,133,13,19,9,-6,0.7,-29.0,91.1,17.0,61.0,2,3,0
xSaso#1404,xSaso,1404,2026-06-23T23:26:00,xSaso,1404,Diamond 2,Diamond 2,Platinum 1,ce6f95b6-e4bc-4bac-8e78-e35fac3391f7,"21/6/26, 15:48",Competitive,Ascent,Cypher,Loss,9,13,22,655,243,18,15,5,3,1.2,12.0,155.4,12.0,77.0,3,0,1
xSaso#1404,xSaso,1404,2026-06-23T23:26:00,xSaso,1404,Diamond 2,Diamond 2,Diamond 1,417bf10e-643d-4f26-a346-44c461a6f548,"20/6/26, 23:29",Competitive,Breeze,Omen,Win,15,13,28,227,127,12,23,6,-11,0.5,-60.0,85.0,8.0,57.0,0,2,1
xSaso#1404,xSaso,1404,2026-06-23T23:26:00,xSaso,1404,Diamond 2,Diamond 2,Platinum 1,19dd302b-ac4c-4bfc-990b-ce2a001c7c8f,"20/6/26, 22:51",Competitive,Split,Sage,Win,13,5,18,864,248,15,12,8,3,1.2,33.0,147.4,19.0,89.0,5,0,1
xSaso#1404,xSaso,1404,2026-06-23T23:26:00,xSaso,1404,Diamond 2,Diamond 2,Platinum 3,f7fbe7b3-f4cf-4a60-b169-91723a0a692e,"20/6/26, 22:17",Competitive,Fracture,Brimstone,Loss,7,13,20,194,41,3,3,1,0,1.0,6.0,25.2,25.0,20.0,1,0,0
xSaso#1404,xSaso,1404,2026-06-23T23:26:00,xSaso,1404,Diamond 2,Diamond 2,Platinum 3,00f98649-5f50-44db-8823-8d343ca238a2,"20/6/26, 21:39",Competitive,Lotus,Cypher,Loss,9,13,22,316,181,15,16,2,-1,0.9,-8.0,121.0,23.0,50.0,2,1,2
xSaso#1404,xSaso,1404,2026-06-23T23:26:00,xSaso,1404,Diamond 2,Diamond 2,Diamond 1,8b1c8baa-5610-483c-8f88-f7a994adc7d6,"20/6/26, 20:00",Competitive,Split,Sage,Loss,6,13,19,365,162,11,14,6,-3,0.8,-32.0,101.3,13.0,74.0,0,2,1
xSaso#1404,xSaso,1404,2026-06-23T23:26:00,xSaso,1404,Diamond 2,Diamond 2,Platinum 3,eed3380c-78f3-47d7-8d4b-bca9e6af585e,"20/6/26, 19:25",Competitive,Haven,Cypher,Loss,9,13,22,254,148,11,15,4,-4,0.7,-33.0,92.9,22.0,59.0,4,2,1
xSaso#1404,xSaso,1404,2026-06-23T23:26:00,xSaso,1404,Diamond 2,Diamond 2,Diamond 1,7069178d-de88-4ba6-b6b5-ad1911eda52a,"20/6/26, 18:45",Competitive,Pearl,Sage,Win,13,4,17,922,271,18,8,4,10,2.2,63.0,172.2,21.0,88.0,2,1,2
xSaso#1404,xSaso,1404,2026-06-23T23:26:00,xSaso,1404,Diamond 2,Diamond 2,Platinum 3,a7441732-2844-4126-a22a-eff853c0846f,"20/6/26, 18:00",Competitive,Fracture,Brimstone,Loss,5,13,18,256,149,8,15,6,-7,0.5,-17.0,113.8,18.0,61.0,0,3,0
xSaso#1404,xSaso,1404,2026-06-23T23:26:00,xSaso,1404,Diamond 2,Diamond 2,Diamond 1,806ba0f1-a587-4285-9b3c-1298c43d7f6b,"20/6/26, 17:30",Competitive,Haven,Cypher,Win,13,5,18,933,269,16,11,6,5,1.4,76.0,182.4,16.0,89.0,1,0,2
xSaso#1404,xSaso,1404,2026-06-23T23:26:00,xSaso,1404,Diamond 2,Diamond 2,Diamond 1,197a388c-1be3-4783-9ba3-c0ae3135b3b3,"20/6/26, 16:48",Competitive,Lotus,Sage,Win,13,7,20,745,224,15,17,8,-2,0.9,-3.0,147.2,13.0,85.0,3,1,1
xSaso#1404,xSaso,1404,2026-06-23T23:26:00,xSaso,1404,Diamond 2,Diamond 2,Platinum 1,a73c7f17-49eb-4d38-b800-5f164727415b,"20/6/26, 16:09",Competitive,Fracture,Brimstone,Win,13,8,21,666,212,13,16,13,-3,0.8,-18.0,124.5,17.0,81.0,2,1,1
xSaso#1404,xSaso,1404,2026-06-23T23:26:00,xSaso,1404,Diamond 2,Diamond 2,Gold 3,721f72af-ebb3-4141-9f90-ad4ac1346206,"19/6/26, 22:04",Competitive,Ascent,Cypher,Loss,8,13,21,663,260,18,16,6,2,1.1,53.0,183.3,18.0,71.0,2,0,1
xSaso#1404,xSaso,1404,2026-06-23T23:26:00,xSaso,1404,Diamond 2,Diamond 2,Diamond 1,9ffa80db-f945-4c4a-bbe1-51fb5f1ccf2d,"19/6/26, 21:21",Competitive,Split,Sage,Loss,12,14,26,478,196,18,22,5,-4,0.8,-30.0,128.9,21.0,73.0,2,2,1
xSaso#1404,xSaso,1404,2026-06-23T23:26:00,xSaso,1404,Diamond 2,Diamond 2,Platinum 3,92859da3-492b-4a55-9b7b-bdcf17678861,"19/6/26, 20:37",Competitive,Breeze,Omen,Win,13,11,24,485,196,15,16,6,-1,0.9,5.0,127.1,16.0,62.0,1,1,0
xSaso#1404,xSaso,1404,2026-06-23T23:26:00,xSaso,1404,Diamond 2,Diamond 2,Diamond 1,296381dd-67b6-41b5-a4fd-fccaec500393,"13/6/26, 20:07",Competitive,Lotus,Cypher,Win,13,8,21,453,169,13,15,6,-2,0.9,1.0,124.0,25.0,62.0,1,5,0
elpibe de oro#1402,elpibe de oro,1402,2026-06-23T23:42:16,elpibe de oro,1402,Gold 2,Gold 2,Gold 1,4006c488-0eaa-4e89-ba6a-0e939990efba,"23/6/26, 21:57",Competitive,Ascent,Jett,Loss,10,13,23,814,282,26,14,2,12,1.9,48.0,171.9,17.0,83.0,4,0,2
elpibe de oro#1402,elpibe de oro,1402,2026-06-23T23:42:16,elpibe de oro,1402,Gold 2,Gold 2,Gold 1,d7b52c5c-265d-4c51-9341-618f3686507b,"23/6/26, 21:04",Competitive,Ascent,Sova,Win,13,10,23,566,178,12,17,12,-5,0.7,3.0,125.4,17.0,74.0,1,2,0
elpibe de oro#1402,elpibe de oro,1402,2026-06-23T23:42:16,elpibe de oro,1402,Gold 2,Gold 2,Gold 2,d5aac76c-935d-48b6-8e81-10e6cc746cc2,"23/6/26, 20:20",Competitive,Lotus,Cypher,Win,13,5,18,372,89,6,9,2,-3,0.7,-52.0,59.2,7.0,72.0,0,0,0
elpibe de oro#1402,elpibe de oro,1402,2026-06-23T23:42:16,elpibe de oro,1402,Gold 2,Gold 2,Gold 2,a963f96d-3d45-4397-ac4f-314d0ab37ec2,"23/6/26, 19:30",Competitive,Haven,Brimstone,Win,14,12,26,458,161,14,21,15,-7,0.7,-24.0,114.4,24.0,73.0,2,1,1
elpibe de oro#1402,elpibe de oro,1402,2026-06-23T23:42:16,elpibe de oro,1402,Gold 2,Gold 2,Gold 1,2cd6b4fc-f8ef-4f7f-aac8-00bb4117d79d,"23/6/26, 16:09",Competitive,Split,Cypher,Win,13,8,21,629,163,13,10,4,3,1.3,32.0,118.0,24.0,76.0,1,0,1
elpibe de oro#1402,elpibe de oro,1402,2026-06-23T23:42:16,elpibe de oro,1402,Gold 2,Gold 2,Gold 2,a19813ed-4313-45ac-828f-6c44a8401252,"23/6/26, 15:44",Competitive,Unknown,Brimstone,Loss,2,13,15,180,159,8,14,4,-6,0.6,-55.0,92.5,19.0,60.0,1,0,0
elpibe de oro#1402,elpibe de oro,1402,2026-06-23T23:42:16,elpibe de oro,1402,Gold 2,Gold 2,Gold 1,22e4d514-0359-4834-bf66-41bab99f93ea,"21/6/26, 23:30",Competitive,Pearl,Tejo,Loss,5,13,18,171,139,8,15,2,-7,0.5,-60.0,82.8,19.0,61.0,0,0,0
elpibe de oro#1402,elpibe de oro,1402,2026-06-23T23:42:16,elpibe de oro,1402,Gold 2,Gold 2,Gold 2,5c82df74-1330-480a-a576-a8547732c009,"21/6/26, 22:52",Competitive,Pearl,Fade,Loss,8,13,21,555,231,15,15,5,0,35.0,166.6,27.0,67.0,2.0,0,1,248
elpibe de oro#1402,elpibe de oro,1402,2026-06-23T23:42:16,elpibe de oro,1402,Gold 2,Gold 2,Gold 2,bf5c10bf-81d9-47ee-bea8-7a590f6e9f74,"21/6/26, 22:06",Competitive,Haven,Skye,Win,15,13,28,671,206,22,15,12,7,1.5,17.0,133.4,29.0,79.0,3,0,1
elpibe de oro#1402,elpibe de oro,1402,2026-06-23T23:42:16,elpibe de oro,1402,Gold 2,Gold 2,Gold 2,11e062b4-3516-447f-8558-efca310da4c6,"21/6/26, 21:35",Competitive,Ascent,Astra,Loss,6,13,19,100,83,4,16,6,-12,0.2,-80.0,56.6,19.0,47.0,0,0,0
elpibe de oro#1402,elpibe de oro,1402,2026-06-23T23:42:16,elpibe de oro,1402,Gold 2,Gold 2,Gold 2,cdafbfe1-c95f-42cb-954f-cc4550b606f2,"21/6/26, 21:01",Competitive,Breeze,Harbor,Win,13,7,20,379,114,9,11,3,-2,0.8,-36.0,73.5,38.0,70.0,0,1,0
elpibe de oro#1402,elpibe de oro,1402,2026-06-23T23:42:16,elpibe de oro,1402,Gold 2,Gold 2,Gold 2,42651544-d042-4b3b-b871-d1311c4e5566,"21/6/26, 20:42",Competitive,Breeze,Harbor,Loss,0,5,5,743,303,5,5,1,0,59.0,202.6,60.0,80.0,0.0,0,1,495
elpibe de oro#1402,elpibe de oro,1402,2026-06-23T23:42:16,elpibe de oro,1402,Gold 2,Gold 2,Gold 2,47c8b57d-f9c4-48e6-a468-bfc1c1133d73,"20/6/26, 17:44",Competitive,Haven,Skye,Win,13,5,18,303,105,6,11,14,-5,0.6,-65.0,58.1,28.0,67.0,0,2,0
elpibe de oro#1402,elpibe de oro,1402,2026-06-23T23:42:16,elpibe de oro,1402,Gold 2,Gold 2,Gold 2,30dbddf0-664b-4b30-bfa9-cfad7df15adc,"20/6/26, 17:10",Competitive,Pearl,Tejo,Win,13,5,18,433,126,7,11,3,-4,0.6,-27.0,96.8,16.0,72.0,1,1,0
elpibe de oro#1402,elpibe de oro,1402,2026-06-23T23:42:16,elpibe de oro,1402,Gold 2,Gold 2,Gold 1,e6ea6d1c-02e6-4dd2-a53d-85c360dd42a4,"19/6/26, 23:03",Competitive,Haven,Skye,Win,13,9,22,963,288,23,12,15,11,1.9,83.0,188.5,34.0,91.0,2,0,3
elpibe de oro#1402,elpibe de oro,1402,2026-06-23T23:42:16,elpibe de oro,1402,Gold 2,Gold 2,Gold 2,35fc9c20-076e-442f-a278-cca05f51c421,"19/6/26, 22:21",Competitive,Ascent,Sova,Win,13,10,23,792,244,19,14,10,5,1.4,49.0,172.1,22.0,78.0,0,0,0
elpibe de oro#1402,elpibe de oro,1402,2026-06-23T23:42:16,elpibe de oro,1402,Gold 2,Gold 2,Gold 2,93b24b6e-7814-40bd-a8cd-4b5ec229c9ba,"19/6/26, 21:52",Competitive,Breeze,Harbor,Win,13,5,18,677,188,13,11,3,2,1.2,2.0,112.1,32.0,83.0,3,0,0
elpibe de oro#1402,elpibe de oro,1402,2026-06-23T23:42:16,elpibe de oro,1402,Gold 2,Gold 2,Gold 2,670a874f-cc9b-486a-9a92-ce343e036e5b,"19/6/26, 21:05",Competitive,Ascent,Sova,Win,14,12,26,628,219,21,16,8,5,1.3,31.0,157.5,27.0,69.0,3,0,0
elpibe de oro#1402,elpibe de oro,1402,2026-06-23T23:42:16,elpibe de oro,1402,Gold 2,Gold 2,Gold 2,b308e490-f92c-4dd7-815d-6b41186a9d6d,"19/6/26, 20:23",Competitive,Fracture,Breach,Win,13,9,22,733,212,17,14,4,3,1.2,13.0,151.4,24.0,82.0,1,3,1
elpibe de oro#1402,elpibe de oro,1402,2026-06-23T23:42:16,elpibe de oro,1402,Gold 2,Gold 2,Gold 2,a7d2a181-c318-4426-86ef-fe5a40c06e93,"19/6/26, 19:54",Competitive,Haven,Sova,Win,10,3,13,425,163,8,10,2,-2,0.8,-41.0,122.2,39.0,69.0,1,0,0
JustAni#765,JustAni,765,2026-06-23T23:48:22,JustAni,765,Platinum 3,Platinum 3,Bronze 2,402b6497-861d-45ea-994a-eedb400950a2,"22/6/26, 15:45",Competitive,Breeze,Chamber,Win,13,7,20,417,156,12,13,3,-1,0.9,-20.0,97.4,13.0,65.0,1,4,1
JustAni#765,JustAni,765,2026-06-23T23:48:22,JustAni,765,Platinum 3,Platinum 3,Silver 2,21b2cf66-7098-4f98-a6c0-7e84152e7252,"21/6/26, 21:30",Competitive,Fracture,Chamber,Loss,11,13,24,723,286,22,19,8,3,1.2,23.0,182.5,16.0,75.0,4,4,2
JustAni#765,JustAni,765,2026-06-23T23:48:22,JustAni,765,Platinum 3,Platinum 3,Gold 3,fee64398-a851-4ea3-b85a-11302118ebf5,"21/6/26, 0:07",Competitive,Pearl,Reyna,Win,13,10,23,870,343,28,18,3,10,1.6,48.0,196.2,13.0,78.0,5,2,5
JustAni#765,JustAni,765,2026-06-23T23:48:22,JustAni,765,Platinum 3,Platinum 3,Bronze 2,6c44e24e-52a6-4778-a7ec-8946f28aab25,"18/6/26, 21:40",Competitive,Fracture,Chamber,Win,14,12,26,882,399,39,17,3,22,2.3,102.0,249.2,21.0,77.0,6,2,5
JustAni#765,JustAni,765,2026-06-23T23:48:22,JustAni,765,Platinum 3,Platinum 3,Gold 1,7879f60c-6806-4554-969d-bf0b179f47a9,"18/6/26, 20:45",Competitive,Lotus,Breach,Draw,15,15,30,574,200,21,20,11,1,1.1,3.0,133.3,19.0,73.0,2,6,1
JustAni#765,JustAni,765,2026-06-23T23:48:22,JustAni,765,Platinum 3,Platinum 3,Platinum 2,56b0e9e2-176a-4cd2-849c-65891830d804,"16/6/26, 21:58",Competitive,Ascent,Cypher,Win,13,2,15,963,305,16,8,7,8,2.0,65.0,177.9,12.0,100.0,3,0,1
JustAni#765,JustAni,765,2026-06-23T23:48:22,JustAni,765,Platinum 3,Platinum 3,Silver 2,b90fe8ce-84ce-44a1-8591-83010b662939,"14/6/26, 18:13",Competitive,Lotus,Cypher,Win,13,2,15,869,269,15,10,7,5,1.5,63.0,186.1,17.0,80.0,3,1,1
JustAni#765,JustAni,765,2026-06-23T23:48:22,JustAni,765,Platinum 3,Platinum 3,Gold 1,e0425204-cb67-4bac-a288-99676c561ea4,"14/6/26, 17:27",Competitive,Fracture,Chamber,Loss,9,13,22,866,437,35,16,3,19,2.2,135.0,264.9,12.0,82.0,3,1,4
JustAni#765,JustAni,765,2026-06-23T23:48:22,JustAni,765,Platinum 3,Platinum 3,Silver 3,a30a7899-62a6-4c7f-96f8-a4a77a2b099d,"13/6/26, 22:20",Competitive,Haven,Reyna,Loss,6,13,19,558,280,17,17,7,0,5.0,170.1,13.0,68.0,5.0,1,2,90
JustAni#765,JustAni,765,2026-06-23T23:48:22,JustAni,765,Platinum 3,Platinum 3,Silver 3,c675042a-6b08-473d-8921-31157b04b7bc,"13/6/26, 21:50",Competitive,Breeze,Reyna,Win,13,2,15,532,28,9,4,19,3,159.0,307.1,17.0,93.0,7.0,2,6,123
JustAni#765,JustAni,765,2026-06-23T23:48:22,JustAni,765,Platinum 3,Platinum 3,Silver 1,46c1ecbc-da96-4712-aa08-77ea8cd30f4a,"13/6/26, 20:58",Competitive,Pearl,Reyna,Loss,12,14,26,925,440,39,17,6,22,2.3,142.0,277.2,27.0,88.0,7,1,4
JustAni#765,JustAni,765,2026-06-23T23:48:22,JustAni,765,Platinum 3,Platinum 3,Platinum 3,9870a27b-e287-49ee-b7e4-9560e7307036,"12/6/26, 21:54",Competitive,Haven,Reyna,Loss,12,14,26,610,256,24,19,4,5,1.3,7.0,159.3,18.0,69.0,1,5,2
JustAni#765,JustAni,765,2026-06-23T23:48:22,JustAni,765,Platinum 3,Platinum 3,Gold 2,fb9db1cb-fef6-4b12-b2d7-45d2124c98e8,"12/6/26, 21:15",Competitive,Split,Reyna,Loss,5,13,18,622,271,16,16,2,0,25.0,183.1,19.0,72.0,3.0,2,1,184
JustAni#765,JustAni,765,2026-06-23T23:48:22,JustAni,765,Platinum 3,Platinum 3,Bronze 3,5842a4f0-e2e6-4898-a5b8-26a5a8f507bb,"12/6/26, 20:31",Competitive,Breeze,Reyna,Win,13,11,24,964,459,39,15,8,24,2.6,135.0,280.2,16.0,88.0,7,2,4
JustAni#765,JustAni,765,2026-06-23T23:48:22,JustAni,765,Platinum 3,Platinum 3,Bronze 2,777f5fea-e8dd-47e7-8bbb-b5a6aada437b,"12/6/26, 19:39",Competitive,Split,Breach,Win,13,7,20,736,259,19,12,3,7,1.6,41.0,148.4,13.0,70.0,2,2,2
JustAni#765,JustAni,765,2026-06-23T23:48:22,JustAni,765,Platinum 3,Platinum 3,Platinum 3,195d24ae-bf17-4b69-9554-20afd39fbab1,"12/6/26, 19:08",Competitive,Pearl,Reyna,Win,13,5,18,376,142,8,12,5,-4,0.7,-37.0,95.7,23.0,67.0,0,0,1
JustAni#765,JustAni,765,2026-06-23T23:48:22,JustAni,765,Platinum 3,Platinum 3,Gold 2,00215b3e-8070-469d-9f96-fedef5b7f883,"11/6/26, 20:01",Competitive,Fracture,Reyna,Loss,13,15,28,680,255,27,19,5,8,1.4,28.0,167.0,24.0,71.0,4,1,3
JustAni#765,JustAni,765,2026-06-23T23:48:22,JustAni,765,Platinum 3,Platinum 3,Gold 1,c2ddb15e-d471-4828-8e73-db8616536c17,"11/6/26, 19:05",Competitive,Haven,Cypher,Win,15,13,28,887,330,34,16,7,18,2.1,101.0,236.6,34.0,79.0,2,2,1
JustAni#765,JustAni,765,2026-06-23T23:48:22,JustAni,765,Platinum 3,Platinum 3,Gold 1,5e248e7a-7af2-4660-8dca-002fee5b29b7,"11/6/26, 18:30",Competitive,Split,Cypher,Loss,8,13,21,461,230,16,18,2,-2,0.9,-2.0,155.9,16.0,62.0,2,0,0
JustAni#765,JustAni,765,2026-06-23T23:48:22,JustAni,765,Platinum 3,Platinum 3,Gold 1,3085c13e-1fca-41b3-a7d6-3c101c22c113,"11/6/26, 18:05",Competitive,Haven,Cypher,Win,11,1,12,828,200,9,5,7,4,1.8,62.0,151.3,19.0,92.0,1,0,0
IAmMadMiks#7474,IAmMadMiks,7474,2026-06-23T23:51:19,IAmMadMiks,7474,Platinum 3,Platinum 3,Gold 3,b0592ee6-df13-4808-b861-8b4bb3e1cff2,"22/6/26, 18:56",Competitive,Split,Unknown,Loss,2,13,15,100,61,3,13,3,-10,0.2,-123.0,43.1,30.0,47.0,0,2,0
IAmMadMiks#7474,IAmMadMiks,7474,2026-06-23T23:51:19,IAmMadMiks,7474,Platinum 3,Platinum 3,Platinum 3,870fb66c-ae00-482b-a633-9691d36c0747,"21/6/26, 17:31",Competitive,Haven,Unknown,Loss,2,13,15,100,39,1,14,3,-13,0.1,-151.0,31.7,7.0,20.0,0,1,0
IAmMadMiks#7474,IAmMadMiks,7474,2026-06-23T23:51:19,IAmMadMiks,7474,Platinum 3,Platinum 3,Platinum 3,eb4dcb42-8e07-42a0-ba98-112cf5c2c31e,"21/6/26, 16:31",Competitive,Ascent,Unknown,Loss,12,14,26,195,116,9,22,12,-13,0.4,-87.0,75.7,12.0,62.0,2,3,0
IAmMadMiks#7474,IAmMadMiks,7474,2026-06-23T23:51:19,IAmMadMiks,7474,Platinum 3,Platinum 3,Platinum 1,1e5d1018-ff1e-49ad-98cf-e31076fcc280,"21/6/26, 15:52",Competitive,Pearl,Omen,Loss,9,13,22,557,233,16,16,13,0,16.0,159.9,27.0,68.0,1.0,4,1,292
IAmMadMiks#7474,IAmMadMiks,7474,2026-06-23T23:51:19,IAmMadMiks,7474,Platinum 3,Platinum 3,Gold 3,5768b3a1-9910-4b84-9a6c-6d2e04978b24,"21/6/26, 15:16",Competitive,Lotus,Unknown,Win,13,9,22,436,124,10,12,10,-2,0.8,-28.0,71.0,17.0,73.0,1,2,0
IAmMadMiks#7474,IAmMadMiks,7474,2026-06-23T23:51:19,IAmMadMiks,7474,Platinum 3,Platinum 3,Gold 2,7f4db4a4-fa40-4988-8762-ca668ce276c3,"19/6/26, 21:52",Competitive,Ascent,Unknown,Win,15,13,28,653,222,20,22,15,-2,0.9,-8.0,141.0,18.0,79.0,3,4,2
IAmMadMiks#7474,IAmMadMiks,7474,2026-06-23T23:51:19,IAmMadMiks,7474,Platinum 3,Platinum 3,Platinum 3,16867211-7bf1-41d9-a02a-bca585e44865,"19/6/26, 21:23",Competitive,Split,Unknown,Loss,5,13,18,207,145,9,16,4,-7,0.6,-68.0,93.0,24.0,67.0,1,1,0
IAmMadMiks#7474,IAmMadMiks,7474,2026-06-23T23:51:19,IAmMadMiks,7474,Platinum 3,Platinum 3,Gold 2,56c35ee3-c3fe-4ab3-afbe-85f7ff87cf42,"19/6/26, 20:29",Competitive,Fracture,Unknown,Loss,12,14,26,407,189,16,18,4,-2,0.9,-9.0,124.0,28.0,62.0,3,5,0
IAmMadMiks#7474,IAmMadMiks,7474,2026-06-23T23:51:19,IAmMadMiks,7474,Platinum 3,Platinum 3,Platinum 2,fd5c92e2-9e47-4bfd-84fd-31b96d5b07a1,"19/6/26, 17:59",Competitive,Split,Unknown,Win,16,14,30,713,253,25,21,13,4,1.2,34.0,168.4,16.0,73.0,1,3,3
IAmMadMiks#7474,IAmMadMiks,7474,2026-06-23T23:51:19,IAmMadMiks,7474,Platinum 3,Platinum 3,Platinum 2,bfa8f468-2838-4f76-abd4-ab1499714232,"18/6/26, 22:03",Competitive,Fracture,Unknown,Win,13,9,22,815,253,20,12,8,8,1.7,53.0,169.2,25.0,77.0,3,1,0
IAmMadMiks#7474,IAmMadMiks,7474,2026-06-23T23:51:19,IAmMadMiks,7474,Platinum 3,Platinum 3,Gold 3,f4fbc80d-41df-49b3-906c-2823d382dde8,"18/6/26, 21:33",Competitive,Lotus,Unknown,Win,13,4,17,568,162,10,11,9,-1,0.9,-46.0,97.3,23.0,88.0,1,0,1
IAmMadMiks#7474,IAmMadMiks,7474,2026-06-23T23:51:19,IAmMadMiks,7474,Platinum 3,Platinum 3,Gold 2,ae700435-13e4-45ae-843f-b8d90fa64181,"17/6/26, 16:49",Competitive,Haven,Unknown,Win,13,8,21,374,152,10,18,9,-8,0.6,-48.0,107.9,23.0,67.0,2,3,0
IAmMadMiks#7474,IAmMadMiks,7474,2026-06-23T23:51:19,IAmMadMiks,7474,Platinum 3,Platinum 3,Gold 2,529aae9f-2c45-4740-b9ad-275bc0db1f47,"16/6/26, 16:11",Competitive,Pearl,Unknown,Win,14,12,26,815,274,27,18,9,9,1.5,58.0,184.2,27.0,77.0,0,4,3
IAmMadMiks#7474,IAmMadMiks,7474,2026-06-23T23:51:19,IAmMadMiks,7474,Platinum 3,Platinum 3,Gold 3,3fa907b2-972e-4a41-bb9f-62d982cf2dfc,"16/6/26, 15:23",Competitive,Haven,Unknown,Win,13,5,18,578,151,10,9,8,1,1.1,-17.0,87.2,20.0,83.0,2,1,0
IAmMadMiks#7474,IAmMadMiks,7474,2026-06-23T23:51:19,IAmMadMiks,7474,Platinum 3,Platinum 3,Gold 3,29909b9b-8c5b-48d6-853e-f4af59f2452e,"16/6/26, 14:52",Competitive,Breeze,Unknown,Loss,4,13,17,601,261,16,12,4,4,1.3,32.0,165.9,19.0,71.0,0,2,0
IAmMadMiks#7474,IAmMadMiks,7474,2026-06-23T23:51:19,IAmMadMiks,7474,Platinum 3,Platinum 3,Gold 2,683742ad-d15e-45a0-bb03-2abeab8d2dec,"16/6/26, 13:54",Competitive,Split,Unknown,Win,15,13,28,622,211,18,19,15,-1,0.9,6.0,144.2,27.0,75.0,3,1,0
IAmMadMiks#7474,IAmMadMiks,7474,2026-06-23T23:51:19,IAmMadMiks,7474,Platinum 3,Platinum 3,Silver 3,c534f214-26b8-4d2e-884d-73fed49143e8,"15/6/26, 18:38",Competitive,Split,Unknown,Win,13,9,22,854,232,17,13,11,4,1.3,58.0,180.4,35.0,86.0,0,2,1
IAmMadMiks#7474,IAmMadMiks,7474,2026-06-23T23:51:19,IAmMadMiks,7474,Platinum 3,Platinum 3,Platinum 1,84d8021f-6c44-4aaa-94fe-39eca7ce88a6,"15/6/26, 17:38",Competitive,Fracture,Unknown,Loss,10,13,23,586,209,17,17,7,0,-7.0,139.3,25.0,78.0,4.0,1,0,201
IAmMadMiks#7474,IAmMadMiks,7474,2026-06-23T23:51:19,IAmMadMiks,7474,Platinum 3,Platinum 3,Gold 3,c147f229-4e95-4746-afd0-f9b7c3740b4d,"15/6/26, 16:53",Competitive,Lotus,Unknown,Loss,12,14,26,382,161,15,19,13,-4,0.8,-51.0,93.3,26.0,73.0,0,6,0
IAmMadMiks#7474,IAmMadMiks,7474,2026-06-23T23:51:19,IAmMadMiks,7474,Platinum 3,Platinum 3,Platinum 1,4c1c94ec-1bae-4e40-bbec-abb977938518,"14/6/26, 21:18",Competitive,Fracture,Unknown,Win,13,6,19,757,255,19,13,1,6,1.5,33.0,165.3,20.0,74.0,2,1,2
Johnnyxdjaja11#JV1,Johnnyxdjaja11,JV1,2026-06-23T23:54:18,Johnnyxdjaja11,JV1,Platinum 3,Platinum 3,Platinum 3,0c6b7c7b-e281-46e4-9bd6-a268c5849ab5,"18/6/26, 23:13",Competitive,Fracture,Iso,Loss,10,13,23,715,280,23,18,3,5,1.3,35.0,178.3,35.0,74.0,4,1,2
Johnnyxdjaja11#JV1,Johnnyxdjaja11,JV1,2026-06-23T23:54:18,Johnnyxdjaja11,JV1,Platinum 3,Platinum 3,Platinum 3,49d07a3f-11db-41df-84b0-6388125669f4,"18/6/26, 22:42",Competitive,Breeze,Chamber,Win,13,4,17,698,153,10,8,4,2,1.2,30.0,122.0,16.0,88.0,0,2,0
Johnnyxdjaja11#JV1,Johnnyxdjaja11,JV1,2026-06-23T23:54:18,Johnnyxdjaja11,JV1,Platinum 3,Platinum 3,Platinum 2,bfa8f468-2838-4f76-abd4-ab1499714232,"18/6/26, 22:03",Competitive,Fracture,Phoenix,Win,13,9,22,557,214,16,19,6,-3,0.8,-70.0,122.0,28.0,77.0,2,3,1
Johnnyxdjaja11#JV1,Johnnyxdjaja11,JV1,2026-06-23T23:54:18,Johnnyxdjaja11,JV1,Platinum 3,Platinum 3,Gold 2,8ae0a801-d061-4b75-90e7-e6a082dd8fa7,"17/6/26, 17:03",Competitive,Split,Omen,Loss,9,13,22,242,177,11,20,6,-9,0.6,-43.0,115.3,15.0,50.0,2,1,0
Johnnyxdjaja11#JV1,Johnnyxdjaja11,JV1,2026-06-23T23:54:18,Johnnyxdjaja11,JV1,Platinum 3,Platinum 3,Platinum 2,07b1d394-50c3-4b0d-bca9-5bb334e1d4f6,"21/5/26, 3:31",Competitive,Ascent,Breach,Loss,12,14,26,230,145,13,19,7,-6,0.7,-56.0,93.8,26.0,58.0,1,3,2
Johnnyxdjaja11#JV1,Johnnyxdjaja11,JV1,2026-06-23T23:54:18,Johnnyxdjaja11,JV1,Platinum 3,Platinum 3,Platinum 2,3e36a489-d55b-455a-b600-40f59d12a7e3,"21/5/26, 2:49",Competitive,Haven,Skye,Loss,11,13,24,758,262,20,18,8,2,1.1,34.0,191.1,38.0,79.0,4,0,0
Johnnyxdjaja11#JV1,Johnnyxdjaja11,JV1,2026-06-23T23:54:18,Johnnyxdjaja11,JV1,Platinum 3,Platinum 3,Platinum 1,9f5696f0-0bf9-4111-9350-27e01ea14d4d,"21/5/26, 2:19",Competitive,Ascent,Breach,Win,13,6,19,853,279,20,13,10,7,1.5,49.0,170.6,33.0,79.0,0,0,2
Johnnyxdjaja11#JV1,Johnnyxdjaja11,JV1,2026-06-23T23:54:18,Johnnyxdjaja11,JV1,Platinum 3,Platinum 3,Platinum 2,ea6af398-46c4-40e5-b3a5-3dd6cded7488,"25/3/26, 23:57",Competitive,Lotus,Chamber,Win,13,11,24,683,224,20,17,2,3,1.2,2.0,137.8,28.0,79.0,5,2,0
Johnnyxdjaja11#JV1,Johnnyxdjaja11,JV1,2026-06-23T23:54:18,Johnnyxdjaja11,JV1,Platinum 3,Platinum 3,Platinum 3,d1798bed-2647-4887-9d8e-b8d92aac8e44,"25/3/26, 23:17",Competitive,Lotus,Chamber,Loss,11,13,24,393,194,16,18,1,-2,0.9,-21.0,127.9,47.0,62.0,0,1,0
Johnnyxdjaja11#JV1,Johnnyxdjaja11,JV1,2026-06-23T23:54:18,Johnnyxdjaja11,JV1,Platinum 3,Platinum 3,Platinum 3,1c2199f0-8741-4109-8d2f-8e8dc3f64e85,"24/3/26, 19:33",Competitive,Bind,Neon,Draw,14,14,28,663,222,20,21,7,-1,0.9,-1.0,131.0,20.0,79.0,6,5,1
Johnnyxdjaja11#JV1,Johnnyxdjaja11,JV1,2026-06-23T23:54:18,Johnnyxdjaja11,JV1,Platinum 3,Platinum 3,Platinum 3,631ecea5-4b0c-4422-b2ca-de5f0a91609f,"24/3/26, 18:57",Competitive,Fracture,Chamber,Win,13,8,21,517,184,13,17,6,-4,0.8,-20.0,124.5,27.0,71.0,4,3,1
Johnnyxdjaja11#JV1,Johnnyxdjaja11,JV1,2026-06-23T23:54:18,Johnnyxdjaja11,JV1,Platinum 3,Platinum 3,Platinum 2,7ed99f1c-7029-43a2-bc39-60c331c677f1,"24/3/26, 17:13",Competitive,Fracture,Unknown,Win,13,9,22,532,228,16,18,4,-2,0.9,15.0,152.2,27.0,50.0,3,5,1
Johnnyxdjaja11#JV1,Johnnyxdjaja11,JV1,2026-06-23T23:54:18,Johnnyxdjaja11,JV1,Platinum 3,Platinum 3,Platinum 3,fe0426ac-3c78-4a8a-b590-7e0488883359,"24/3/26, 16:32",Competitive,Breeze,Neon,Loss,12,14,26,213,148,13,23,0,-10,0.6,-61.0,96.4,18.0,54.0,5,5,0
Johnnyxdjaja11#JV1,Johnnyxdjaja11,JV1,2026-06-23T23:54:18,Johnnyxdjaja11,JV1,Platinum 3,Platinum 3,Platinum 2,bfd5a13a-9d43-4a7c-8c3e-2a345aa36213,"24/3/26, 15:53",Competitive,Bind,Neon,Win,13,6,19,942,310,22,13,4,9,1.7,73.0,195.2,23.0,84.0,0,1,2
Johnnyxdjaja11#JV1,Johnnyxdjaja11,JV1,2026-06-23T23:54:18,Johnnyxdjaja11,JV1,Platinum 3,Platinum 3,Gold 3,cd426fc5-4bf6-44ef-81fc-a536ccefec36,"24/2/26, 19:42",Competitive,Split,Chamber,Win,13,10,23,836,250,21,17,5,4,1.2,43.0,169.0,34.0,83.0,4,4,1
Johnnyxdjaja11#JV1,Johnnyxdjaja11,JV1,2026-06-23T23:54:18,Johnnyxdjaja11,JV1,Platinum 3,Platinum 3,Platinum 3,8ed0ee03-d0dd-43be-9b08-7403330c2b96,"24/2/26, 19:07",Competitive,Unknown,Chamber,Win,13,8,21,721,228,17,15,1,2,1.1,20.0,155.7,38.0,76.0,3,4,2
Johnnyxdjaja11#JV1,Johnnyxdjaja11,JV1,2026-06-23T23:54:18,Johnnyxdjaja11,JV1,Platinum 3,Platinum 3,Platinum 2,0300c30c-e02e-4008-a108-2078e3ab7119,"24/2/26, 18:25",Competitive,Bind,Chamber,Win,13,10,23,736,220,21,13,2,8,1.6,32.0,165.2,27.0,78.0,1,2,2
Johnnyxdjaja11#JV1,Johnnyxdjaja11,JV1,2026-06-23T23:54:18,Johnnyxdjaja11,JV1,Platinum 3,Platinum 3,Platinum 1,18395d51-095c-45ce-a286-e43de8ab6de7,"24/2/26, 0:44",Competitive,Breeze,Yoru,Loss,11,13,24,337,166,14,20,5,-6,0.7,-45.0,108.8,40.0,67.0,1,2,1
Johnnyxdjaja11#JV1,Johnnyxdjaja11,JV1,2026-06-23T23:54:18,Johnnyxdjaja11,JV1,Platinum 3,Platinum 3,Platinum 3,a0ca4250-4b15-4565-ae0a-9890c7e912c0,"24/2/26, 0:21",Competitive,Haven,Jett,Loss,1,11,12,525,295,11,12,1,-1,0.9,2.0,180.3,43.0,67.0,1,1,1
Johnnyxdjaja11#JV1,Johnnyxdjaja11,JV1,2026-06-23T23:54:18,Johnnyxdjaja11,JV1,Platinum 3,Platinum 3,Platinum 1,b4e65660-026f-48e0-854d-794c475274ff,"23/2/26, 20:52",Competitive,Breeze,Jett,Win,13,10,23,642,264,23,18,2,5,1.3,16.0,179.4,40.0,65.0,3,4,3
qw3rty愛#poop,qw3rty愛,poop,2026-06-24T01:39:20,qw3rty愛,poop,Platinum 3,Platinum 3,Platinum 1,04fa7f42-599a-4723-83b3-1ea500b7f9a0,"21/6/26, 19:38",Competitive,Breeze,Cypher,Loss,12,14,26,758,251,24,19,8,5,1.3,34.0,160.0,33.0,81.0,1,3,1
qw3rty愛#poop,qw3rty愛,poop,2026-06-24T01:39:20,qw3rty愛,poop,Platinum 3,Platinum 3,Platinum 1,9077a373-59b0-4364-9369-ae438dc7ee61,"21/6/26, 15:30",Competitive,Pearl,Chamber,Win,13,10,23,371,155,14,16,1,-2,0.9,-35.0,101.6,21.0,65.0,6,1,0
qw3rty愛#poop,qw3rty愛,poop,2026-06-24T01:39:20,qw3rty愛,poop,Platinum 3,Platinum 3,Platinum 1,0d0dbcce-6b9d-4f5a-aea2-8251734a4b88,"19/6/26, 23:36",Competitive,Ascent,Sova,Loss,9,13,22,442,217,16,17,8,-1,0.9,6.0,144.4,22.0,59.0,1,2,1
qw3rty愛#poop,qw3rty愛,poop,2026-06-24T01:39:20,qw3rty愛,poop,Platinum 3,Platinum 3,Platinum 2,6835db31-4163-45ee-8c6f-4f984070493c,"17/6/26, 22:57",Competitive,Pearl,Tejo,Loss,8,13,21,347,172,12,16,6,-4,0.8,-5.0,119.2,28.0,62.0,0,1,1
qw3rty愛#poop,qw3rty愛,poop,2026-06-24T01:39:20,qw3rty愛,poop,Platinum 3,Platinum 3,Gold 3,8d81097d-fb05-4de2-b58f-d61ad279bda5,"17/6/26, 22:14",Competitive,Haven,Cypher,Win,13,7,20,963,289,24,11,3,13,2.2,86.0,203.5,32.0,100.0,3,0,1
qw3rty愛#poop,qw3rty愛,poop,2026-06-24T01:39:20,qw3rty愛,poop,Platinum 3,Platinum 3,Platinum 1,e1f811f4-c41f-4dd1-8847-b3328c773b35,"17/6/26, 21:43",Competitive,Fracture,Chamber,Loss,3,13,16,508,217,12,12,0,0,27.0,168.3,33.0,69.0,0.0,1,1,236
qw3rty愛#poop,qw3rty愛,poop,2026-06-24T01:39:20,qw3rty愛,poop,Platinum 3,Platinum 3,Platinum 3,00229c39-26df-4cf3-9a8e-ab3f308443db,"17/6/26, 15:49",Competitive,Ascent,Omen,Win,14,12,26,715,215,19,19,9,0,22.0,153.9,14.0,81.0,2.0,0,1,152
qw3rty愛#poop,qw3rty愛,poop,2026-06-24T01:39:20,qw3rty愛,poop,Platinum 3,Platinum 3,Platinum 2,8c8c26e0-dec2-4c8f-8de0-eef8cf094191,"17/6/26, 1:33",Competitive,Pearl,Omen,Loss,3,13,16,310,149,9,15,2,-6,0.6,-46.0,103.9,45.0,75.0,1,1,0
qw3rty愛#poop,qw3rty愛,poop,2026-06-24T01:39:20,qw3rty愛,poop,Platinum 3,Platinum 3,Platinum 2,37c0567a-da1b-46a3-b3c9-27bcf53aa1c3,"17/6/26, 0:57",Competitive,Breeze,Jett,Loss,6,13,19,391,198,12,17,1,-5,0.7,-3.0,144.1,31.0,63.0,1,5,1
qw3rty愛#poop,qw3rty愛,poop,2026-06-24T01:39:20,qw3rty愛,poop,Platinum 3,Platinum 3,Gold 3,05f35e4f-9e16-40bb-9f21-a46c95ba5193,"14/6/26, 22:25",Competitive,Split,Tejo,Win,13,9,22,742,208,16,15,9,1,1.1,20.0,141.6,27.0,82.0,0,0,0
qw3rty愛#poop,qw3rty愛,poop,2026-06-24T01:39:20,qw3rty愛,poop,Platinum 3,Platinum 3,Gold 1,51654848-78c8-4269-a4f5-eabcd3bcaac0,"14/6/26, 19:27",Competitive,Ascent,Omen,Win,13,9,22,831,271,23,14,10,9,1.6,47.0,172.7,27.0,77.0,1,2,2
qw3rty愛#poop,qw3rty愛,poop,2026-06-24T01:39:20,qw3rty愛,poop,Platinum 3,Platinum 3,Gold 3,39905446-1ad2-4797-bfa1-36169bad0d4f,"14/6/26, 15:26",Competitive,Pearl,Omen,Win,13,5,18,855,213,15,5,4,10,3.0,71.0,143.1,24.0,94.0,1,0,1
qw3rty愛#poop,qw3rty愛,poop,2026-06-24T01:39:20,qw3rty愛,poop,Platinum 3,Platinum 3,Platinum 2,f700174b-19c2-4141-9554-e375dae427ef,"14/6/26, 14:53",Competitive,Lotus,Gekko,Win,10,8,18,429,139,9,12,4,-3,0.8,-32.0,95.8,25.0,72.0,2,1,0
qw3rty愛#poop,qw3rty愛,poop,2026-06-24T01:39:20,qw3rty愛,poop,Platinum 3,Platinum 3,Silver 3,00e21df0-3281-4276-83f0-83be0cca355c,"12/6/26, 0:44",Competitive,Pearl,Phoenix,Loss,6,13,19,169,174,11,17,6,-6,0.7,-86.0,121.2,26.0,53.0,4,3,0
qw3rty愛#poop,qw3rty愛,poop,2026-06-24T01:39:20,qw3rty愛,poop,Platinum 3,Platinum 3,Bronze 2,66378abe-c516-4aa3-ab62-69e9bfbb444e,"12/6/26, 0:04",Competitive,Split,Omen,Loss,8,13,21,784,275,21,15,8,6,1.4,33.0,187.7,27.0,86.0,3,1,3
qw3rty愛#poop,qw3rty愛,poop,2026-06-24T01:39:20,qw3rty愛,poop,Platinum 3,Platinum 3,Platinum 1,cd8dab85-5e4d-43f1-b1ff-2ed424717ddb,"11/6/26, 23:16",Competitive,Haven,Omen,Win,13,10,23,735,241,22,15,5,7,1.5,37.0,163.1,36.0,74.0,1,1,1
qw3rty愛#poop,qw3rty愛,poop,2026-06-24T01:39:20,qw3rty愛,poop,Platinum 3,Platinum 3,Platinum 2,1183b4b4-f3ce-4acd-895d-dcf36e845b61,"7/6/26, 4:06",Competitive,Fracture,Phoenix,Win,13,11,24,694,236,19,19,6,0,-34.0,155.1,24.0,88.0,2.0,6,1,117
qw3rty愛#poop,qw3rty愛,poop,2026-06-24T01:39:20,qw3rty愛,poop,Platinum 3,Platinum 3,Platinum 2,3d616f78-8d97-4c10-9d7d-5d74daca8ecb,"7/6/26, 3:22",Competitive,Ascent,Chamber,Loss,9,13,22,442,204,15,18,4,-3,0.8,14.0,147.1,27.0,59.0,2,3,1
qw3rty愛#poop,qw3rty愛,poop,2026-06-24T01:39:20,qw3rty愛,poop,Platinum 3,Platinum 3,Gold 2,8d7ff18e-b442-45fb-9f39-b9b23d2a760a,"7/6/26, 2:20",Competitive,Ascent,Phoenix,Draw,16,16,32,558,257,30,25,7,5,1.2,-19.0,161.7,32.0,66.0,1,3,3
qw3rty愛#poop,qw3rty愛,poop,2026-06-24T01:39:20,qw3rty愛,poop,Platinum 3,Platinum 3,Bronze 2,4caf6493-8b87-4502-8011-2da16caf442e,"7/6/26, 1:38",Competitive,Split,Chamber,Loss,5,13,18,569,270,17,13,2,4,1.3,62.0,190.9,20.0,61.0,2,2,2
k9999z#LAN,k9999z,LAN,2026-06-24T01:42:30,k9999z,LAN,Platinum 3,Platinum 3,Gold 1,5a817acc-d4c8-45ad-9019-8371788f195c,"19/6/26, 15:21",Competitive,Fracture,Phoenix,Loss,4,13,17,455,261,13,16,4,-3,0.8,3.0,168.3,9.0,59.0,4,3,1
k9999z#LAN,k9999z,LAN,2026-06-24T01:42:30,k9999z,LAN,Platinum 3,Platinum 3,Platinum 3,5b666be7-8b56-4f80-af9d-74673d485d99,"19/6/26, 14:25",Competitive,Fracture,Raze,Win,15,13,28,312,151,13,24,7,-11,0.5,-51.0,95.3,2.0,64.0,3,10,0
k9999z#LAN,k9999z,LAN,2026-06-24T01:42:30,k9999z,LAN,Platinum 3,Platinum 3,Platinum 2,f8fdad5b-a2d0-48a1-b0df-c01d27bd22da,"19/6/26, 0:32",Competitive,Split,Raze,Win,13,9,22,933,325,24,14,5,10,1.7,75.0,208.5,7.0,82.0,4,2,2
k9999z#LAN,k9999z,LAN,2026-06-24T01:42:30,k9999z,LAN,Platinum 3,Platinum 3,Platinum 3,32cce659-0bdf-400b-b046-9da38a575d1f,"18/6/26, 23:39",Competitive,Lotus,Raze,Draw,14,14,28,645,265,25,19,4,6,1.3,34.0,155.6,4.0,64.0,6,6,3
k9999z#LAN,k9999z,LAN,2026-06-24T01:42:30,k9999z,LAN,Platinum 3,Platinum 3,Gold 1,063b23f4-73cb-46c7-b391-476005c05530,"18/6/26, 23:13",Competitive,Breeze,Raze,Win,9,5,14,804,227,11,8,1,3,1.4,23.0,141.1,11.0,86.0,5,2,0
k9999z#LAN,k9999z,LAN,2026-06-24T01:42:30,k9999z,LAN,Platinum 3,Platinum 3,Platinum 1,5c8bf27d-2c65-4856-bc93-68848bc46482,"17/6/26, 22:51",Competitive,Lotus,Raze,Loss,5,13,18,389,220,12,16,6,-4,0.8,-12.0,138.9,6.0,61.0,3,5,0
k9999z#LAN,k9999z,LAN,2026-06-24T01:42:30,k9999z,LAN,Platinum 3,Platinum 3,Silver 1,953f5b50-2965-4517-ab85-1e7033ec7c07,"17/6/26, 21:31",Competitive,Ascent,Raze,Win,14,12,26,565,234,20,22,6,-2,0.9,3.0,152.2,9.0,65.0,0,10,3
k9999z#LAN,k9999z,LAN,2026-06-24T01:42:30,k9999z,LAN,Platinum 3,Platinum 3,Gold 3,25600c1b-2f6d-48c1-b5aa-f476b42f77c1,"17/6/26, 20:12",Competitive,Haven,Skye,Loss,7,13,20,600,221,16,15,3,1,1.1,1.0,130.3,5.0,80.0,1,2,0
k9999z#LAN,k9999z,LAN,2026-06-24T01:42:30,k9999z,LAN,Platinum 3,Platinum 3,Gold 3,cc521982-4294-441e-bc6f-b197caff04f8,"17/6/26, 14:25",Competitive,Haven,Skye,Win,13,7,20,495,157,10,13,11,-3,0.8,-27.0,96.8,12.0,75.0,2,3,0
k9999z#LAN,k9999z,LAN,2026-06-24T01:42:30,k9999z,LAN,Platinum 3,Platinum 3,Gold 2,88674eb0-db82-4cdb-836f-548c24698891,"16/6/26, 22:37",Competitive,Lotus,Raze,Win,13,10,23,858,269,22,15,6,7,1.5,42.0,164.0,6.0,83.0,7,5,1
k9999z#LAN,k9999z,LAN,2026-06-24T01:42:30,k9999z,LAN,Platinum 3,Platinum 3,Gold 2,297bb22c-c347-49b5-8375-1771522d8aba,"16/6/26, 20:42",Competitive,Split,Raze,Win,14,12,26,824,304,25,22,5,3,1.1,44.0,180.2,8.0,77.0,7,2,3
k9999z#LAN,k9999z,LAN,2026-06-24T01:42:30,k9999z,LAN,Platinum 3,Platinum 3,Platinum 1,53db892d-19b7-4c12-91f3-a360936c4b7a,"15/6/26, 20:36",Competitive,Split,Raze,Win,13,8,21,630,213,12,15,9,-3,0.8,11.0,148.5,5.0,71.0,3,6,1
k9999z#LAN,k9999z,LAN,2026-06-24T01:42:30,k9999z,LAN,Platinum 3,Platinum 3,Gold 1,397937b4-2b5f-4eec-b05c-8575d3c25dbe,"15/6/26, 16:16",Competitive,Lotus,Raze,Loss,5,13,18,241,187,11,16,2,-5,0.7,-31.0,118.8,7.0,50.0,3,7,1
k9999z#LAN,k9999z,LAN,2026-06-24T01:42:30,k9999z,LAN,Platinum 3,Platinum 3,Gold 1,4e386292-5ff3-499f-97d6-888369b91d43,"15/6/26, 15:32",Competitive,Pearl,Phoenix,Win,13,6,19,864,272,14,14,11,0,31.0,180.7,5.0,84.0,4.0,1,1,312
k9999z#LAN,k9999z,LAN,2026-06-24T01:42:30,k9999z,LAN,Platinum 3,Platinum 3,Gold 3,fa3f2fad-e55d-42b9-b8c8-86bf70b11539,"15/6/26, 14:49",Competitive,Breeze,Raze,Loss,12,14,26,390,181,17,20,5,-3,0.8,-45.0,108.4,6.0,69.0,5,8,1
k9999z#LAN,k9999z,LAN,2026-06-24T01:42:30,k9999z,LAN,Platinum 3,Platinum 3,Silver 3,37f93143-05bf-4d0f-9a3f-e992ce157431,"14/6/26, 12:41",Competitive,Fracture,Phoenix,Win,13,5,18,763,279,17,14,11,3,1.2,-3.0,168.7,11.0,78.0,5,3,1
k9999z#LAN,k9999z,LAN,2026-06-24T01:42:30,k9999z,LAN,Platinum 3,Platinum 3,Platinum 1,a3c3bdfe-3c74-4ac4-ac0b-fefe16d4836e,"14/6/26, 0:17",Competitive,Breeze,Skye,Loss,8,13,21,328,158,9,18,8,-9,0.5,-45.0,113.6,8.0,71.0,2,2,0
k9999z#LAN,k9999z,LAN,2026-06-24T01:42:30,k9999z,LAN,Platinum 3,Platinum 3,Silver 3,619011e9-69c2-4ac0-9282-e55b6100f83d,"13/6/26, 23:41",Competitive,Ascent,Raze,Win,13,6,19,898,263,17,12,5,5,1.4,43.0,176.3,17.0,89.0,4,1,1
k9999z#LAN,k9999z,LAN,2026-06-24T01:42:30,k9999z,LAN,Platinum 3,Platinum 3,Gold 3,a54c964c-66ee-4f64-bc28-72f3d0d80656,"13/6/26, 14:52",Competitive,Pearl,Phoenix,Win,13,8,21,815,228,15,15,7,0,29.0,167.6,16.0,86.0,0.0,4,1,61
k9999z#LAN,k9999z,LAN,2026-06-24T01:42:30,k9999z,LAN,Platinum 3,Platinum 3,Platinum 1,43b1565f-7f63-4d37-907c-6d9751c49368,"12/6/26, 23:09",Competitive,Ascent,Raze,Win,13,8,21,754,237,18,13,4,5,1.4,7.0,135.9,5.0,81.0,3,4,2
Marcelini#4CHAN,Marcelini,4CHAN,2026-06-24T01:48:57,Marcelini,4CHAN,Platinum 3,Platinum 3,Platinum 1,0e17748b-eb2b-4101-9129-a01f5aa36ba3,"21/6/26, 22:42",Competitive,Pearl,Chamber,Loss,9,13,22,359,168,14,17,3,-3,0.8,-30.0,115.8,31.0,68.0,2,3,0
Marcelini#4CHAN,Marcelini,4CHAN,2026-06-24T01:48:57,Marcelini,4CHAN,Platinum 3,Platinum 3,Platinum 1,6f0d31c0-2179-4e71-946b-18445926f2bc,"21/6/26, 22:16",Competitive,Ascent,Sage,Win,13,2,15,464,151,7,11,5,-4,0.6,-28.0,109.5,25.0,73.0,1,3,0
Marcelini#4CHAN,Marcelini,4CHAN,2026-06-24T01:48:57,Marcelini,4CHAN,Platinum 3,Platinum 3,Platinum 1,056f6d25-6529-4104-ba73-ea8b3010ea67,"16/6/26, 15:28",Competitive,Breeze,Chamber,Loss,7,13,20,392,227,15,17,3,-2,0.9,-21.0,146.4,22.0,60.0,3,5,1
Marcelini#4CHAN,Marcelini,4CHAN,2026-06-24T01:48:57,Marcelini,4CHAN,Platinum 3,Platinum 3,Gold 2,3dce0d5f-1e62-4267-bca1-b5aba901d012,"31/5/26, 1:13",Competitive,Haven,Sova,Win,14,12,26,273,143,14,21,2,-7,0.7,-50.0,92.3,29.0,58.0,2,0,1
Marcelini#4CHAN,Marcelini,4CHAN,2026-06-24T01:48:57,Marcelini,4CHAN,Platinum 3,Platinum 3,Platinum 3,f99b9ad5-01cf-4961-a9f9-71e74ad05aab,"29/5/26, 20:10",Competitive,Lotus,Chamber,Loss,10,13,23,251,146,12,18,2,-6,0.7,-48.0,99.8,19.0,61.0,0,5,0
Marcelini#4CHAN,Marcelini,4CHAN,2026-06-24T01:48:57,Marcelini,4CHAN,Platinum 3,Platinum 3,Gold 1,1771894c-3666-4030-bae9-72058bb66fae,"29/5/26, 19:39",Competitive,Breeze,Jett,Loss,6,13,19,276,217,13,18,2,-5,0.7,-44.0,129.6,16.0,47.0,3,4,1
Marcelini#4CHAN,Marcelini,4CHAN,2026-06-24T01:48:57,Marcelini,4CHAN,Platinum 3,Platinum 3,Platinum 1,d19f15ba-44ee-4992-b9f3-7ee111348fcd,"28/5/26, 17:18",Competitive,Lotus,Chamber,Loss,11,13,24,394,208,19,21,1,-2,0.9,-32.0,123.8,27.0,62.0,3,5,2
Marcelini#4CHAN,Marcelini,4CHAN,2026-06-24T01:48:57,Marcelini,4CHAN,Platinum 3,Platinum 3,Gold 1,344ca895-c784-4832-be45-00b9fd6acce5,"24/5/26, 21:30",Competitive,Haven,Sova,Win,13,5,18,659,203,13,13,5,0,1.0,130.8,18.0,78.0,2.0,2,0,283
Marcelini#4CHAN,Marcelini,4CHAN,2026-06-24T01:48:57,Marcelini,4CHAN,Platinum 3,Platinum 3,Silver 2,76a9b14f-ac19-439c-8607-7708de6478d7,"9/5/26, 12:12",Competitive,Fracture,Chamber,Loss,6,13,19,493,258,17,18,1,-1,0.9,2.0,156.6,15.0,63.0,6,3,1
Marcelini#4CHAN,Marcelini,4CHAN,2026-06-24T01:48:57,Marcelini,4CHAN,Platinum 3,Platinum 3,Platinum 1,1badfbb5-649f-489d-8a00-c6d64f3a0d52,"7/5/26, 22:16",Competitive,Breeze,Chamber,Loss,6,13,19,360,193,14,19,3,-5,0.7,-33.0,134.6,14.0,68.0,2,6,0
Marcelini#4CHAN,Marcelini,4CHAN,2026-06-24T01:48:57,Marcelini,4CHAN,Platinum 3,Platinum 3,Platinum 2,d62ad8cf-240d-4558-bb5d-7ce9b987fae9,"5/5/26, 22:49",Competitive,Haven,Sova,Loss,10,13,23,531,283,21,19,5,2,1.1,6.0,185.9,16.0,57.0,3,4,1
Marcelini#4CHAN,Marcelini,4CHAN,2026-06-24T01:48:57,Marcelini,4CHAN,Platinum 3,Platinum 3,Platinum 3,b47d0df8-9148-4bc4-92d8-d3db01bbfb97,"5/5/26, 22:10",Competitive,Ascent,Jett,Loss,8,13,21,155,126,7,19,5,-12,0.4,-54.0,91.1,18.0,52.0,3,5,0
Marcelini#4CHAN,Marcelini,4CHAN,2026-06-24T01:48:57,Marcelini,4CHAN,Platinum 3,Platinum 3,Platinum 1,3654b92a-04b5-401f-9f2b-b8b981e95527,"5/5/26, 21:12",Competitive,Split,Cypher,Win,13,8,21,403,147,10,17,5,-7,0.6,-50.0,107.7,11.0,71.0,5,3,0
Marcelini#4CHAN,Marcelini,4CHAN,2026-06-24T01:48:57,Marcelini,4CHAN,Platinum 3,Platinum 3,Gold 1,1b7aeb25-6f38-4068-abe8-463ac92dd95e,"5/5/26, 19:34",Competitive,Breeze,Jett,Win,13,5,18,837,327,22,13,2,9,1.7,64.0,202.9,14.0,72.0,4,3,3
Marcelini#4CHAN,Marcelini,4CHAN,2026-06-24T01:48:57,Marcelini,4CHAN,Platinum 3,Platinum 3,Platinum 3,7298ee39-8af6-49ae-9e68-8480b5a5dc42,"5/5/26, 18:25",Competitive,Lotus,Chamber,Win,13,10,23,441,211,15,20,3,-5,0.8,-23.0,125.4,22.0,57.0,4,2,0
Marcelini#4CHAN,Marcelini,4CHAN,2026-06-24T01:48:57,Marcelini,4CHAN,Platinum 3,Platinum 3,Platinum 1,3388565e-f7c0-4598-9298-3808b92f2ad9,"5/5/26, 17:18",Competitive,Split,Cypher,Win,13,9,22,295,111,7,17,8,-10,0.4,-56.0,81.3,33.0,64.0,2,2,0
Marcelini#4CHAN,Marcelini,4CHAN,2026-06-24T01:48:57,Marcelini,4CHAN,Platinum 3,Platinum 3,Gold 2,8a3a389a-dcf1-4dd2-9b4a-022bd584a0c7,"5/5/26, 12:15",Competitive,Breeze,Jett,Win,13,4,17,551,232,15,14,1,1,1.1,3.0,152.3,27.0,59.0,2,1,2
Marcelini#4CHAN,Marcelini,4CHAN,2026-06-24T01:48:57,Marcelini,4CHAN,Platinum 3,Platinum 3,Gold 2,6e24bc72-7057-406f-bd26-43c81ed9ac22,"5/5/26, 2:09",Competitive,Haven,Sova,Loss,5,13,18,280,179,10,16,5,-6,0.6,-29.0,113.1,19.0,61.0,1,2,2
Marcelini#4CHAN,Marcelini,4CHAN,2026-06-24T01:48:57,Marcelini,4CHAN,Platinum 3,Platinum 3,Platinum 2,5f54a153-6678-43d2-a6f5-ec76f5b58c4e,"5/5/26, 1:27",Competitive,Fracture,Neon,Win,13,10,23,381,192,14,20,3,-6,0.7,-21.0,126.3,23.0,43.0,4,5,2
Marcelini#4CHAN,Marcelini,4CHAN,2026-06-24T01:48:57,Marcelini,4CHAN,Platinum 3,Platinum 3,Platinum 1,89a9d0e6-cf93-4c9a-93b9-4781f31d076a,"5/5/26, 0:33",Competitive,Pearl,Chamber,Win,13,1,14,525,166,9,9,2,0,1.0,-1.0,114.6,29.0,71.0,0,2,0
KxxxxJR#LAS,KxxxxJR,LAS,2026-06-24T01:52:05,KxxxxJR,LAS,Platinum 3,Platinum 3,Platinum 3,38d1701d-067f-4307-85de-f594bdde156f,"22/6/26, 2:41",Competitive,Breeze,Sova,Win,15,13,28,446,153,12,19,6,-7,0.6,-13.0,110.7,14.0,71.0,3,3,1
KxxxxJR#LAS,KxxxxJR,LAS,2026-06-24T01:52:05,KxxxxJR,LAS,Platinum 3,Platinum 3,Gold 2,6b499de5-83bb-45e9-9269-6cc03170918f,"21/6/26, 16:39",Competitive,Fracture,Unknown,Win,13,11,24,547,182,15,18,15,-3,0.8,-12.0,118.7,29.0,75.0,0,1,1
KxxxxJR#LAS,KxxxxJR,LAS,2026-06-24T01:52:05,KxxxxJR,LAS,Platinum 3,Platinum 3,Silver 3,7c068bff-ccc9-43dd-a9f3-b21632a1d28e,"21/6/26, 15:17",Competitive,Haven,Chamber,Win,13,6,19,984,312,21,11,9,10,1.9,105.0,211.9,16.0,95.0,3,0,2
KxxxxJR#LAS,KxxxxJR,LAS,2026-06-24T01:52:05,KxxxxJR,LAS,Platinum 3,Platinum 3,Silver 3,61728434-766f-4d6c-8f45-d8fa79c07c17,"21/6/26, 14:26",Competitive,Split,Sage,Win,13,9,22,614,241,17,16,10,1,1.1,13.0,168.4,18.0,64.0,3,2,2
KxxxxJR#LAS,KxxxxJR,LAS,2026-06-24T01:52:05,KxxxxJR,LAS,Platinum 3,Platinum 3,Silver 3,dffd425b-dbe5-4391-845a-a5a1e6191cf8,"21/6/26, 13:59",Competitive,Ascent,Unknown,Win,13,4,17,853,242,12,10,13,2,1.2,36.0,150.7,18.0,88.0,4,2,1
KxxxxJR#LAS,KxxxxJR,LAS,2026-06-24T01:52:05,KxxxxJR,LAS,Platinum 3,Platinum 3,Silver 3,d1c8dfeb-75f0-4d12-aee0-afb1111d1ad0,"21/6/26, 13:03",Competitive,Breeze,Chamber,Loss,10,13,23,530,219,16,17,5,-1,0.9,-0.0,149.7,21.0,70.0,3,3,2
KxxxxJR#LAS,KxxxxJR,LAS,2026-06-24T01:52:05,KxxxxJR,LAS,Platinum 3,Platinum 3,Silver 2,3caf2494-009f-468f-9ced-7b85576ca295,"21/6/26, 9:17",Competitive,Lotus,Chamber,Win,13,5,18,487,124,8,11,4,-3,0.7,-2.0,98.7,17.0,72.0,2,1,0
KxxxxJR#LAS,KxxxxJR,LAS,2026-06-24T01:52:05,KxxxxJR,LAS,Platinum 3,Platinum 3,Gold 3,77cdcde9-5afd-4b13-a853-5bd79cad9d9b,"21/6/26, 8:21",Competitive,Breeze,Sova,Loss,8,13,21,488,183,13,16,8,-3,0.8,-13.0,128.7,26.0,76.0,0,1,1
KxxxxJR#LAS,KxxxxJR,LAS,2026-06-24T01:52:05,KxxxxJR,LAS,Platinum 3,Platinum 3,Silver 2,4f724768-8426-41df-8d39-c6f8494e257c,"21/6/26, 7:15",Competitive,Lotus,Chamber,Win,13,7,20,783,262,20,13,4,7,1.5,40.0,162.3,35.0,75.0,5,1,1
KxxxxJR#LAS,KxxxxJR,LAS,2026-06-24T01:52:05,KxxxxJR,LAS,Platinum 3,Platinum 3,Gold 1,f3adba5e-6162-47dc-9cd2-7104ccf034e2,"21/6/26, 5:45",Competitive,Ascent,Unknown,Loss,13,15,28,333,158,14,22,15,-8,0.6,-38.0,107.5,13.0,64.0,0,2,1
KxxxxJR#LAS,KxxxxJR,LAS,2026-06-24T01:52:05,KxxxxJR,LAS,Platinum 3,Platinum 3,Gold 1,d9068a6f-b6f3-49bd-896e-abe4e2312ab0,"21/6/26, 5:13",Competitive,Ascent,Unknown,Win,13,2,15,383,19,6,19,13,3,169.0,258.8,23.0,100.0,2.0,0,2,116
KxxxxJR#LAS,KxxxxJR,LAS,2026-06-24T01:52:05,KxxxxJR,LAS,Platinum 3,Platinum 3,Silver 1,f169709d-a203-4684-9174-649eb61b2f74,"21/6/26, 4:37",Competitive,Pearl,Unknown,Win,13,5,18,806,229,14,8,15,6,1.8,36.0,134.5,22.0,83.0,0,1,2
KxxxxJR#LAS,KxxxxJR,LAS,2026-06-24T01:52:05,KxxxxJR,LAS,Platinum 3,Platinum 3,Silver 2,7d21b695-98d5-41f8-a2fa-8befd2711297,"21/6/26, 3:55",Competitive,Ascent,Sova,Win,13,8,21,602,191,13,12,10,1,1.1,17.0,139.3,21.0,71.0,1,1,1
KxxxxJR#LAS,KxxxxJR,LAS,2026-06-24T01:52:05,KxxxxJR,LAS,Platinum 3,Platinum 3,Silver 2,4c392281-ea1b-4459-908d-5ce15f74f47c,"21/6/26, 2:58",Competitive,Haven,Cypher,Loss,8,13,21,164,115,9,14,4,-5,0.6,-41.0,85.1,46.0,52.0,0,1,1
KxxxxJR#LAS,KxxxxJR,LAS,2026-06-24T01:52:05,KxxxxJR,LAS,Platinum 3,Platinum 3,Silver 3,5fea5802-ad7c-4114-b724-62b2cdea243b,"21/6/26, 1:48",Competitive,Lotus,Chamber,Loss,12,14,26,402,184,14,23,5,-9,0.6,-18.0,128.5,24.0,65.0,2,3,0
KxxxxJR#LAS,KxxxxJR,LAS,2026-06-24T01:52:05,KxxxxJR,LAS,Platinum 3,Platinum 3,Silver 3,78e56f8d-691b-49b3-82ff-0f96a793e30a,"21/6/26, 1:04",Competitive,Fracture,Clove,Win,13,9,22,589,210,17,23,8,-6,0.7,-72.0,124.8,16.0,82.0,3,1,0
KxxxxJR#LAS,KxxxxJR,LAS,2026-06-24T01:52:05,KxxxxJR,LAS,Platinum 3,Platinum 3,Gold 2,d430a084-82a6-428e-a0b9-0066f8e85a9b,"20/6/26, 4:40",Competitive,Pearl,Chamber,Loss,10,13,23,622,274,23,15,2,8,1.5,31.0,170.7,15.0,65.0,2,2,1
KxxxxJR#LAS,KxxxxJR,LAS,2026-06-24T01:52:05,KxxxxJR,LAS,Platinum 3,Platinum 3,Platinum 1,93b2a199-a7ba-430b-9078-0d7d6a296d81,"20/6/26, 3:59",Competitive,Split,Sage,Win,13,10,23,423,132,10,19,9,-9,0.5,-66.0,75.7,25.0,78.0,1,1,0
KxxxxJR#LAS,KxxxxJR,LAS,2026-06-24T01:52:05,KxxxxJR,LAS,Platinum 3,Platinum 3,Silver 3,0d3fce60-a2fd-4be0-936f-1dddb3c7bc39,"20/6/26, 3:15",Competitive,Ascent,Chamber,Win,13,10,23,780,221,19,12,3,7,1.6,35.0,130.7,4.0,83.0,3,0,1
KxxxxJR#LAS,KxxxxJR,LAS,2026-06-24T01:52:05,KxxxxJR,LAS,Platinum 3,Platinum 3,Silver 3,96e63aac-6ef9-4059-a057-c5a268b87560,"20/6/26, 2:30",Competitive,Pearl,Chamber,Loss,7,13,20,544,231,17,18,7,-1,0.9,15.0,171.9,16.0,70.0,1,5,1
Lxnardhh#00001,Lxnardhh,00001,2026-06-24T01:55:13,Lxnardhh,00001,Platinum 2,Platinum 2,Silver 3,ea577d62-fcf3-4eeb-a1d7-3ef7984de38e,"22/6/26, 18:22",Competitive,Split,Killjoy,Win,13,4,17,638,205,15,10,4,5,1.5,24.0,119.3,11.0,71.0,0,3,1
Lxnardhh#00001,Lxnardhh,00001,2026-06-24T01:55:13,Lxnardhh,00001,Platinum 2,Platinum 2,Gold 1,5881ce2a-8abf-4175-b0bd-3cb4404534c5,"21/6/26, 19:24",Competitive,Ascent,Killjoy,Win,13,3,16,889,238,13,7,8,6,1.9,82.0,180.9,14.0,88.0,2,1,0
Lxnardhh#00001,Lxnardhh,00001,2026-06-24T01:55:13,Lxnardhh,00001,Platinum 2,Platinum 2,Silver 3,c0738528-e057-4b0b-86dc-75c7b6da38e9,"21/6/26, 15:44",Competitive,Lotus,Neon,Loss,9,13,22,420,204,15,15,4,0,13.0,132.1,18.0,55.0,2.0,5,1,314
Lxnardhh#00001,Lxnardhh,00001,2026-06-24T01:55:13,Lxnardhh,00001,Platinum 2,Platinum 2,Silver 3,77b777be-2c07-4319-a456-a43bbfee75aa,"21/6/26, 15:06",Competitive,Pearl,Brimstone,Win,13,7,20,866,286,19,13,8,6,1.5,47.0,176.7,7.0,80.0,3,2,2
Lxnardhh#00001,Lxnardhh,00001,2026-06-24T01:55:13,Lxnardhh,00001,Platinum 2,Platinum 2,Gold 3,512b7cb8-49e0-4928-9963-4d1d63cdbd29,"21/6/26, 13:10",Competitive,Split,Killjoy,Loss,5,13,18,512,287,18,15,3,3,1.2,10.0,170.4,21.0,61.0,2,1,1
Lxnardhh#00001,Lxnardhh,00001,2026-06-24T01:55:13,Lxnardhh,00001,Platinum 2,Platinum 2,Platinum 1,cbf0f1d8-96cc-4da5-a862-c4468a1d928c,"21/6/26, 12:18",Competitive,Ascent,Killjoy,Loss,13,15,28,282,145,17,19,3,-2,0.9,-35.0,89.6,10.0,57.0,1,2,1
Lxnardhh#00001,Lxnardhh,00001,2026-06-24T01:55:13,Lxnardhh,00001,Platinum 2,Platinum 2,Platinum 2,c0637e36-3570-47d7-9296-5da31f17086c,"21/6/26, 11:40",Competitive,Lotus,Neon,Loss,9,13,22,467,231,18,18,3,0,-11.0,138.6,19.0,64.0,2.0,2,1,284
Lxnardhh#00001,Lxnardhh,00001,2026-06-24T01:55:13,Lxnardhh,00001,Platinum 2,Platinum 2,Silver 3,91fa326c-0f6d-48a7-baa9-5ce327f47dbd,"21/6/26, 11:00",Competitive,Ascent,Neon,Loss,8,13,21,193,169,10,20,1,-10,0.5,-56.0,112.7,16.0,43.0,5,4,0
Lxnardhh#00001,Lxnardhh,00001,2026-06-24T01:55:13,Lxnardhh,00001,Platinum 2,Platinum 2,Gold 2,b4de05c2-f158-4958-a38a-be592b87fffd,"21/6/26, 0:02",Competitive,Lotus,Neon,Loss,3,13,16,100,137,6,16,3,-10,0.4,-97.0,96.0,16.0,50.0,2,4,0
Lxnardhh#00001,Lxnardhh,00001,2026-06-24T01:55:13,Lxnardhh,00001,Platinum 2,Platinum 2,Platinum 2,5165f605-eba2-4e17-a470-f058b7462b2b,"20/6/26, 14:41",Competitive,Breeze,Brimstone,Win,14,12,26,704,203,18,19,13,-1,0.9,26.0,146.3,26.0,81.0,2,1,2
Lxnardhh#00001,Lxnardhh,00001,2026-06-24T01:55:13,Lxnardhh,00001,Platinum 2,Platinum 2,Gold 1,38b169ab-9973-4cd2-bfce-93adeeda9f84,"20/6/26, 14:04",Competitive,Pearl,Brimstone,Loss,10,13,23,636,208,18,16,8,2,1.1,-2.0,143.6,16.0,83.0,0,3,1
Lxnardhh#00001,Lxnardhh,00001,2026-06-24T01:55:13,Lxnardhh,00001,Platinum 2,Platinum 2,Gold 2,3d64aade-4c4e-4bc5-9e2f-6161b3a47f66,"20/6/26, 13:40",Competitive,Pearl,Brimstone,Win,13,1,14,924,338,16,8,8,8,2.0,94.0,192.0,8.0,79.0,2,0,1
Lxnardhh#00001,Lxnardhh,00001,2026-06-24T01:55:13,Lxnardhh,00001,Platinum 2,Platinum 2,Gold 3,0c5d9986-0c1b-4840-af01-5f7300b1f63e,"20/6/26, 12:00",Competitive,Lotus,Gekko,Win,13,10,23,450,144,10,17,5,-7,0.6,-31.0,106.2,10.0,74.0,0,1,1
Lxnardhh#00001,Lxnardhh,00001,2026-06-24T01:55:13,Lxnardhh,00001,Platinum 2,Platinum 2,Gold 1,41b8886b-113b-4bac-8653-c2ba02d34aac,"20/6/26, 11:18",Competitive,Split,Killjoy,Win,13,10,23,929,293,24,15,3,9,1.6,68.0,191.6,15.0,87.0,3,0,2
Lxnardhh#00001,Lxnardhh,00001,2026-06-24T01:55:13,Lxnardhh,00001,Platinum 2,Platinum 2,Gold 3,70919110-d949-4ba1-8007-c72a76b6ceea,"20/6/26, 10:04",Competitive,Lotus,Brimstone,Win,9,3,12,902,274,13,6,4,7,2.2,72.0,167.5,15.0,83.0,4,2,0
Lxnardhh#00001,Lxnardhh,00001,2026-06-24T01:55:13,Lxnardhh,00001,Platinum 2,Platinum 2,Gold 2,45887dca-84ca-4485-b4dc-555d4c6026a3,"20/6/26, 9:20",Competitive,Split,Gekko,Loss,10,13,23,202,129,10,18,5,-8,0.6,-50.0,95.0,10.0,57.0,1,2,0
Lxnardhh#00001,Lxnardhh,00001,2026-06-24T01:55:13,Lxnardhh,00001,Platinum 2,Platinum 2,Gold 3,2ba00618-8d0e-495b-bd12-c24c4851bcc1,"20/6/26, 8:36",Competitive,Pearl,Neon,Loss,10,13,23,698,271,20,17,3,3,1.2,28.0,176.4,16.0,74.0,1,1,1
Lxnardhh#00001,Lxnardhh,00001,2026-06-24T01:55:13,Lxnardhh,00001,Platinum 2,Platinum 2,Gold 2,7d7e5f0c-1efa-4ba0-bff4-cb3a16768b97,"19/6/26, 18:33",Competitive,Breeze,Neon,Loss,9,13,22,577,229,19,17,3,2,1.1,5.0,129.1,11.0,73.0,3,3,2
Lxnardhh#00001,Lxnardhh,00001,2026-06-24T01:55:13,Lxnardhh,00001,Platinum 2,Platinum 2,Gold 3,a8289918-d5e8-4afc-a154-bd810c59cea1,"19/6/26, 17:57",Competitive,Fracture,Sage,Win,13,7,20,650,226,15,13,8,2,1.1,-8.0,136.9,16.0,75.0,3,2,1
Lxnardhh#00001,Lxnardhh,00001,2026-06-24T01:55:13,Lxnardhh,00001,Platinum 2,Platinum 2,Gold 1,f13d1f05-a4c9-4ac0-a55a-4deee93b6adf,"17/6/26, 17:31",Competitive,Split,Killjoy,Loss,11,13,24,868,308,25,19,8,6,1.3,75.0,238.6,21.0,83.0,2,2,2
Dani Ángel#0605,Dani Ángel,0605,2026-06-24T01:58:21,Dani Ángel,0605,Platinum 2,Platinum 2,Gold 3,8b15e1ff-996e-43fc-aae4-b8f494b4feb9,"21/6/26, 11:18",Competitive,Pearl,Chamber,Loss,11,13,24,452,199,19,17,2,2,1.1,4.0,131.8,37.0,62.0,4,3,2
Dani Ángel#0605,Dani Ángel,0605,2026-06-24T01:58:21,Dani Ángel,0605,Platinum 2,Platinum 2,Gold 3,96be1eb3-9dff-4675-bf37-944633676ffa,"21/6/26, 10:55",Competitive,Split,Unknown,Win,13,1,14,928,266,13,7,19,6,1.9,65.0,174.6,31.0,100.0,1,0,0
Dani Ángel#0605,Dani Ángel,0605,2026-06-24T01:58:21,Dani Ángel,0605,Platinum 2,Platinum 2,Gold 2,26fec0ff-2f16-4012-996a-31389e290a38,"21/6/26, 10:23",Competitive,Breeze,Harbor,Win,13,8,21,535,161,11,13,6,-2,0.8,-18.0,100.2,15.0,76.0,1,1,0
Dani Ángel#0605,Dani Ángel,0605,2026-06-24T01:58:21,Dani Ángel,0605,Platinum 2,Platinum 2,Gold 1,e357db49-dcf4-47d6-b412-f89ef89ddad0,"21/6/26, 0:27",Competitive,Ascent,Sova,Loss,12,14,26,779,284,25,18,11,7,1.4,46.0,174.2,24.0,77.0,5,1,3
Dani Ángel#0605,Dani Ángel,0605,2026-06-24T01:58:21,Dani Ángel,0605,Platinum 2,Platinum 2,Gold 2,b4de05c2-f158-4958-a38a-be592b87fffd,"21/6/26, 0:02",Competitive,Lotus,Chamber,Loss,3,13,16,124,150,6,14,6,-8,0.4,-82.0,114.6,17.0,56.0,1,0,1
Dani Ángel#0605,Dani Ángel,0605,2026-06-24T01:58:21,Dani Ángel,0605,Platinum 2,Platinum 2,Gold 3,9dae6b71-de2c-4bf9-aab9-fac53e36e272,"20/6/26, 23:17",Competitive,Pearl,Fade,Loss,9,13,22,737,257,19,17,7,2,1.1,55.0,180.3,23.0,77.0,0,1,1
Dani Ángel#0605,Dani Ángel,0605,2026-06-24T01:58:21,Dani Ángel,0605,Platinum 2,Platinum 2,Gold 2,dfea5ee8-fd1c-4fd1-b869-f295e680c75d,"20/6/26, 20:01",Competitive,Fracture,Brimstone,Win,13,1,14,349,17,6,11,11,2,107.0,206.5,27.0,100.0,2.0,0,1,177
Dani Ángel#0605,Dani Ángel,0605,2026-06-24T01:58:21,Dani Ángel,0605,Platinum 2,Platinum 2,Gold 2,4d31b455-66ce-4910-a59e-f3f96fdc75c5,"20/6/26, 19:20",Competitive,Split,Raze,Loss,11,13,24,443,188,16,20,6,-4,0.8,-29.0,130.9,14.0,71.0,2,2,1
Dani Ángel#0605,Dani Ángel,0605,2026-06-24T01:58:21,Dani Ángel,0605,Platinum 2,Platinum 2,Gold 3,0bc921e8-a106-4ef5-805b-835ee81f4f67,"20/6/26, 18:39",Competitive,Haven,Unknown,Loss,9,13,22,501,194,15,15,17,0,-25.0,120.0,28.0,77.0,0.0,1,0,128
Dani Ángel#0605,Dani Ángel,0605,2026-06-24T01:58:21,Dani Ángel,0605,Platinum 2,Platinum 2,Platinum 1,56333001-609e-4336-95b1-efabadebda06,"20/6/26, 17:51",Competitive,Haven,Unknown,Win,13,11,24,599,212,17,15,4,2,1.1,8.0,139.1,18.0,71.0,3,0,0
Dani Ángel#0605,Dani Ángel,0605,2026-06-24T01:58:21,Dani Ángel,0605,Platinum 2,Platinum 2,Silver 3,6b9a154c-470f-42b3-81a0-146d47816c28,"20/6/26, 17:16",Competitive,Fracture,Jett,Loss,6,13,19,453,224,15,15,3,0,6.0,146.4,20.0,63.0,2.0,2,1,310
Dani Ángel#0605,Dani Ángel,0605,2026-06-24T01:58:21,Dani Ángel,0605,Platinum 2,Platinum 2,Platinum 1,cc77b36e-b56e-45e1-a412-acccb4e853f8,"20/6/26, 16:31",Competitive,Lotus,Chamber,Loss,10,13,23,788,273,19,16,7,3,1.2,73.0,197.5,25.0,78.0,3,1,0
Dani Ángel#0605,Dani Ángel,0605,2026-06-24T01:58:21,Dani Ángel,0605,Platinum 2,Platinum 2,Platinum 1,be133456-83e3-496b-bbdf-bfda69efe07b,"20/6/26, 16:00",Competitive,Fracture,Phoenix,Win,13,5,18,385,168,11,13,5,-2,0.8,-56.0,106.9,10.0,67.0,0,0,1
Dani Ángel#0605,Dani Ángel,0605,2026-06-24T01:58:21,Dani Ángel,0605,Platinum 2,Platinum 2,Gold 3,38174755-eb38-430c-b27f-1f6611bf258b,"19/6/26, 23:51",Competitive,Lotus,Chamber,Win,13,6,19,625,237,17,15,2,2,1.1,23.0,163.6,32.0,63.0,3,1,0
Dani Ángel#0605,Dani Ángel,0605,2026-06-24T01:58:21,Dani Ángel,0605,Platinum 2,Platinum 2,Gold 3,8394620a-2d28-4216-a681-cb6de4a2742a,"19/6/26, 22:47",Competitive,Breeze,Chamber,Win,16,14,30,643,253,25,25,8,0,28.0,172.7,27.0,67.0,5.0,4,2,107
Dani Ángel#0605,Dani Ángel,0605,2026-06-24T01:58:21,Dani Ángel,0605,Platinum 2,Platinum 2,Gold 1,bf234afe-10a4-4d6f-a370-18f6e2d7369a,"14/6/26, 19:26",Competitive,Ascent,Unknown,Win,10,5,15,866,221,13,7,14,6,1.9,64.0,141.7,23.0,93.0,0,1,0
Dani Ángel#0605,Dani Ángel,0605,2026-06-24T01:58:21,Dani Ángel,0605,Platinum 2,Platinum 2,Gold 3,2bfd3346-ff30-4f3d-ab64-8ebb96534e75,"14/6/26, 18:50",Competitive,Haven,Unknown,Win,13,8,21,711,196,16,12,8,4,1.3,21.0,132.6,23.0,81.0,1,0,1
Dani Ángel#0605,Dani Ángel,0605,2026-06-24T01:58:21,Dani Ángel,0605,Platinum 2,Platinum 2,Gold 2,97125a61-b28d-406e-aaf4-e294e67337e8,"14/6/26, 18:12",Competitive,Ascent,Unknown,Loss,7,13,20,571,195,15,14,0,1,1.1,38.0,140.4,31.0,75.0,1,1,0
Dani Ángel#0605,Dani Ángel,0605,2026-06-24T01:58:21,Dani Ángel,0605,Platinum 2,Platinum 2,Gold 3,4cd98310-21d4-4441-93bf-471c83a2d96e,"13/6/26, 0:05",Competitive,Pearl,Chamber,Win,13,6,19,820,253,19,9,3,10,2.1,43.0,164.5,20.0,79.0,2,1,2
Dani Ángel#0605,Dani Ángel,0605,2026-06-24T01:58:21,Dani Ángel,0605,Platinum 2,Platinum 2,Gold 3,6fed6797-6e75-4486-98b0-42945579fe64,"12/6/26, 23:30",Competitive,Split,Raze,Win,13,7,20,944,303,20,11,9,9,1.8,83.0,206.3,19.0,85.0,2,0,2
KryZ愛#7776,KryZ愛,7776,2026-06-24T02:01:23,KryZ愛,7776,Platinum 2,Platinum 2,Gold 1,5869f263-0291-4eba-aad8-d48fe5a4ee4d,"21/6/26, 0:29",Competitive,Ascent,Chamber,Loss,5,13,18,245,201,13,15,1,-2,0.9,-45.0,114.7,24.0,50.0,4,2,2
KryZ愛#7776,KryZ愛,7776,2026-06-24T02:01:23,KryZ愛,7776,Platinum 2,Platinum 2,Gold 2,b4de05c2-f158-4958-a38a-be592b87fffd,"21/6/26, 0:02",Competitive,Lotus,Iso,Loss,3,13,16,100,126,7,14,1,-7,0.5,-94.0,73.4,19.0,44.0,0,2,0
KryZ愛#7776,KryZ愛,7776,2026-06-24T02:01:23,KryZ愛,7776,Platinum 2,Platinum 2,Platinum 2,15f69faf-d325-4e2d-83f9-f91d96ea1a48,"20/6/26, 23:24",Competitive,Split,Reyna,Loss,8,13,21,110,98,4,18,5,-14,0.2,-78.0,78.1,11.0,52.0,2,4,0
KryZ愛#7776,KryZ愛,7776,2026-06-24T02:01:23,KryZ愛,7776,Platinum 2,Platinum 2,Gold 2,9fcc8932-cbc4-4a60-9c14-1d048c774e72,"20/6/26, 22:37",Competitive,Pearl,Chamber,Win,13,11,24,697,259,24,16,4,8,1.5,56.0,182.2,36.0,67.0,1,2,4
KryZ愛#7776,KryZ愛,7776,2026-06-24T02:01:23,KryZ愛,7776,Platinum 2,Platinum 2,Gold 3,74f7817c-8da9-4155-8541-b7c9f595b64d,"13/6/26, 23:40",Competitive,Haven,Chamber,Win,13,6,19,281,131,10,15,1,-5,0.7,-52.0,93.8,43.0,58.0,1,6,0
KryZ愛#7776,KryZ愛,7776,2026-06-24T02:01:23,KryZ愛,7776,Platinum 2,Platinum 2,Gold 3,bd5c0777-5ab5-4c3f-84f4-fa1cf9d37b21,"13/6/26, 22:57",Competitive,Pearl,Clove,Win,13,11,24,287,144,11,17,4,-6,0.7,-44.0,99.2,18.0,58.0,0,1,1
KryZ愛#7776,KryZ愛,7776,2026-06-24T02:01:23,KryZ愛,7776,Platinum 2,Platinum 2,Platinum 1,b55514fa-9d0b-437d-9f01-e909b2ede91c,"13/6/26, 22:26",Competitive,Breeze,Reyna,Win,13,6,19,767,265,20,11,2,9,1.8,30.0,173.2,27.0,74.0,2,2,2
KryZ愛#7776,KryZ愛,7776,2026-06-24T02:01:23,KryZ愛,7776,Platinum 2,Platinum 2,Gold 1,b7207848-8d31-4731-9064-067a4c318a48,"13/6/26, 20:41",Competitive,Haven,Clove,Win,13,11,24,647,257,22,22,6,0,-3.0,175.3,31.0,71.0,0.0,4,2,163
KryZ愛#7776,KryZ愛,7776,2026-06-24T02:01:23,KryZ愛,7776,Platinum 2,Platinum 2,Gold 1,4a29a03e-00a4-40f0-9da4-0d2078d11e14,"13/6/26, 20:00",Competitive,Breeze,Clove,Win,13,11,24,348,148,14,17,2,-3,0.8,-14.0,115.6,23.0,58.0,1,0,0
KryZ愛#7776,KryZ愛,7776,2026-06-24T02:01:23,KryZ愛,7776,Platinum 2,Platinum 2,Gold 1,774b5cf2-aa67-4ecb-bf96-d21f0c8291b3,"12/6/26, 21:24",Competitive,Split,Clove,Draw,15,15,30,739,243,27,22,9,5,1.2,6.0,154.3,28.0,83.0,3,1,2
KryZ愛#7776,KryZ愛,7776,2026-06-24T02:01:23,KryZ愛,7776,Platinum 2,Platinum 2,Platinum 2,d2970da7-597c-4f0d-83fb-5d1ffd8d9b0a,"8/6/26, 23:31",Competitive,Ascent,Reyna,Win,13,9,22,379,178,12,18,4,-6,0.7,-26.0,116.6,31.0,55.0,4,7,0
KryZ愛#7776,KryZ愛,7776,2026-06-24T02:01:23,KryZ愛,7776,Platinum 2,Platinum 2,Gold 2,08d97a2e-26ec-493b-939e-6e2bab2f5e2e,"8/6/26, 22:46",Competitive,Split,Chamber,Loss,8,13,21,719,269,23,17,2,6,1.4,20.0,176.0,33.0,81.0,1,0,0
KryZ愛#7776,KryZ愛,7776,2026-06-24T02:01:23,KryZ愛,7776,Platinum 2,Platinum 2,Silver 1,137628db-07e7-40fd-be77-18ed8c22a471,"8/6/26, 22:12",Competitive,Ascent,Clove,Win,13,6,19,968,346,23,11,11,12,2.1,127.0,233.9,32.0,84.0,1,1,2
KryZ愛#7776,KryZ愛,7776,2026-06-24T02:01:23,KryZ愛,7776,Platinum 2,Platinum 2,Platinum 2,96e5ed31-19fd-47a8-80c3-6512db327132,"8/6/26, 21:28",Competitive,Lotus,Chamber,Loss,11,13,24,628,227,19,16,2,3,1.2,11.0,141.3,33.0,75.0,3,1,1
KryZ愛#7776,KryZ愛,7776,2026-06-24T02:01:23,KryZ愛,7776,Platinum 2,Platinum 2,Gold 1,bfc2673c-3d90-4e1c-9db8-033bac2c380e,"8/6/26, 20:51",Competitive,Haven,Clove,Loss,7,13,20,204,151,10,21,1,-11,0.5,-107.0,88.5,36.0,65.0,1,2,1
KryZ愛#7776,KryZ愛,7776,2026-06-24T02:01:23,KryZ愛,7776,Platinum 2,Platinum 2,Gold 2,3fe6e6da-9603-4b30-9a70-b571a1e80c45,"31/5/26, 2:58",Competitive,Lotus,Reyna,Loss,4,13,17,521,243,14,15,3,-1,0.9,2.0,157.1,21.0,71.0,1,1,1
KryZ愛#7776,KryZ愛,7776,2026-06-24T02:01:23,KryZ愛,7776,Platinum 2,Platinum 2,Gold 3,0d55205d-054c-4c85-a5c3-8cf86605bf6d,"31/5/26, 2:16",Competitive,Breeze,Clove,Win,13,8,21,622,231,18,17,3,1,1.1,-8.0,154.1,21.0,71.0,0,3,1
KryZ愛#7776,KryZ愛,7776,2026-06-24T02:01:23,KryZ愛,7776,Platinum 2,Platinum 2,Gold 2,28b5bc00-a9b0-45e4-bae5-ae90d8af5099,"31/5/26, 1:42",Competitive,Breeze,Clove,Loss,8,13,21,157,142,10,19,5,-9,0.5,-60.0,95.7,24.0,48.0,0,1,2
KryZ愛#7776,KryZ愛,7776,2026-06-24T02:01:23,KryZ愛,7776,Platinum 2,Platinum 2,Platinum 1,cfc97269-01be-46ba-9e14-4f137034ff6a,"31/5/26, 1:10",Competitive,Split,Clove,Loss,2,13,15,126,155,7,15,2,-8,0.5,-68.0,100.0,18.0,53.0,0,1,0
KryZ愛#7776,KryZ愛,7776,2026-06-24T02:01:23,KryZ愛,7776,Platinum 2,Platinum 2,Platinum 1,2432a436-16e8-4304-b352-957088247860,"31/5/26, 0:43",Competitive,Split,Chamber,Win,13,3,16,761,191,11,8,6,3,1.4,30.0,130.8,8.0,88.0,1,0,0
ÁmbarTeAmo#2409,ÁmbarTeAmo,2409,2026-06-24T02:04:27,ÁmbarTeAmo,2409,Silver 3,Silver 3,Silver 3,ec6902cc-51da-4d54-a313-696c5836fd87,"23/6/26, 22:15",Competitive,Unknown,Reyna,Win,13,10,23,329,145,11,13,4,-2,0.8,-23.0,93.9,16.0,57.0,0,3,1
ÁmbarTeAmo#2409,ÁmbarTeAmo,2409,2026-06-24T02:04:27,ÁmbarTeAmo,2409,Silver 3,Silver 3,Silver 1,77ff173d-48fc-4317-b9ed-afe3da8478e6,"23/6/26, 21:20",Competitive,Ascent,Raze,Win,13,10,23,567,231,17,17,5,0,26.0,164.7,17.0,57.0,2.0,4,1,118
ÁmbarTeAmo#2409,ÁmbarTeAmo,2409,2026-06-24T02:04:27,ÁmbarTeAmo,2409,Silver 3,Silver 3,Silver 1,99f67f31-5855-48cc-8a42-5b666a51efbb,"23/6/26, 20:05",Competitive,Haven,Chamber,Win,13,9,22,676,226,18,15,1,3,1.2,13.0,140.9,27.0,73.0,4,1,1
ÁmbarTeAmo#2409,ÁmbarTeAmo,2409,2026-06-24T02:04:27,ÁmbarTeAmo,2409,Silver 3,Silver 3,Silver 3,9e06b81c-a875-4371-a657-d1df5bc3dd55,"23/6/26, 19:19",Competitive,Haven,Cypher,Loss,11,13,24,306,164,14,18,8,-4,0.8,-38.0,114.4,17.0,62.0,2,2,0
ÁmbarTeAmo#2409,ÁmbarTeAmo,2409,2026-06-24T02:04:27,ÁmbarTeAmo,2409,Silver 3,Silver 3,Silver 3,a0205a39-aa5c-4d02-bf0d-64cce0029eb3,"23/6/26, 18:42",Competitive,Split,Killjoy,Loss,5,13,18,812,296,20,14,2,6,1.4,52.0,197.3,17.0,89.0,1,3,1
ÁmbarTeAmo#2409,ÁmbarTeAmo,2409,2026-06-24T02:04:27,ÁmbarTeAmo,2409,Silver 3,Silver 3,Silver 3,322eeb5f-d88f-45af-8cc9-a78a5c7a1224,"23/6/26, 17:50",Competitive,Breeze,Chamber,Loss,13,15,28,361,158,15,21,4,-6,0.7,-13.0,110.4,26.0,61.0,1,3,1
ÁmbarTeAmo#2409,ÁmbarTeAmo,2409,2026-06-24T02:04:27,ÁmbarTeAmo,2409,Silver 3,Silver 3,Silver 3,4de2a60a-a52f-40d7-a279-5cacd98d3d41,"21/6/26, 14:49",Competitive,Split,Jett,Loss,9,13,22,154,118,9,17,1,-8,0.5,-67.0,69.0,4.0,55.0,3,5,0
ÁmbarTeAmo#2409,ÁmbarTeAmo,2409,2026-06-24T02:04:27,ÁmbarTeAmo,2409,Silver 3,Silver 3,Silver 3,a46f3a92-36f7-4d65-8e8b-6f7919725943,"21/6/26, 12:23",Competitive,Breeze,Raze,Loss,9,13,22,460,170,13,17,3,-4,0.8,-3.0,122.6,29.0,73.0,1,1,0
ÁmbarTeAmo#2409,ÁmbarTeAmo,2409,2026-06-24T02:04:27,ÁmbarTeAmo,2409,Silver 3,Silver 3,Silver 2,8070890f-6547-4f66-a2f0-613f908de3fc,"21/6/26, 11:42",Competitive,Breeze,Skye,Loss,6,13,19,475,201,13,15,8,-2,0.9,-9.0,126.7,25.0,74.0,1,1,2
ÁmbarTeAmo#2409,ÁmbarTeAmo,2409,2026-06-24T02:04:27,ÁmbarTeAmo,2409,Silver 3,Silver 3,Silver 3,91fa326c-0f6d-48a7-baa9-5ce327f47dbd,"21/6/26, 11:00",Competitive,Ascent,Breach,Win,13,8,21,867,251,19,14,8,5,1.4,29.0,157.6,28.0,90.0,3,0,0
ÁmbarTeAmo#2409,ÁmbarTeAmo,2409,2026-06-24T02:04:27,ÁmbarTeAmo,2409,Silver 3,Silver 3,Silver 3,c8b95529-9236-4f05-b8c5-984abdd93e79,"20/6/26, 22:02",Competitive,Haven,Sova,Win,13,8,21,406,120,9,15,4,-6,0.6,-31.0,87.5,16.0,71.0,2,1,0
ÁmbarTeAmo#2409,ÁmbarTeAmo,2409,2026-06-24T02:04:27,ÁmbarTeAmo,2409,Silver 3,Silver 3,Silver 3,15d46d48-f330-4243-ba7b-e0d7fd5c30ae,"20/6/26, 21:07",Competitive,Ascent,Jett,Win,14,12,26,332,159,15,20,1,-5,0.8,-39.0,103.3,13.0,62.0,4,6,1
ÁmbarTeAmo#2409,ÁmbarTeAmo,2409,2026-06-24T02:04:27,ÁmbarTeAmo,2409,Silver 3,Silver 3,Silver 3,9a75682e-651d-400b-9b65-99c2fd5afadd,"20/6/26, 12:33",Competitive,Split,Phoenix,Loss,3,13,16,170,170,9,13,3,-4,0.7,-47.0,115.4,26.0,50.0,0,1,1
ÁmbarTeAmo#2409,ÁmbarTeAmo,2409,2026-06-24T02:04:27,ÁmbarTeAmo,2409,Silver 3,Silver 3,Silver 3,4f76f9df-e18d-4ee4-802f-10946a241c00,"20/6/26, 9:56",Competitive,Haven,Chamber,Win,13,6,19,861,256,17,11,6,6,1.6,41.0,164.7,31.0,84.0,1,1,1
ÁmbarTeAmo#2409,ÁmbarTeAmo,2409,2026-06-24T02:04:27,ÁmbarTeAmo,2409,Silver 3,Silver 3,Silver 3,33c424f7-ed1e-48a9-b970-581006149e8f,"17/6/26, 20:05",Competitive,Pearl,Fade,Loss,7,13,20,401,203,15,16,2,-1,0.9,-34.0,112.8,17.0,70.0,2,2,1
ÁmbarTeAmo#2409,ÁmbarTeAmo,2409,2026-06-24T02:04:27,ÁmbarTeAmo,2409,Silver 3,Silver 3,Silver 3,77c0cf9f-07f5-45e1-b37d-deed82721536,"17/6/26, 19:26",Competitive,Pearl,Cypher,Win,13,7,20,582,160,10,11,9,-1,0.9,-12.0,107.6,14.0,80.0,0,3,0
ÁmbarTeAmo#2409,ÁmbarTeAmo,2409,2026-06-24T02:04:27,ÁmbarTeAmo,2409,Silver 3,Silver 3,Silver 3,ab4f8b24-c843-49e8-9166-50f3abc7c1b7,"13/6/26, 18:29",Competitive,Lotus,Clove,Loss,8,13,21,433,204,15,20,9,-5,0.8,-33.0,123.6,37.0,71.0,1,0,2
ÁmbarTeAmo#2409,ÁmbarTeAmo,2409,2026-06-24T02:04:27,ÁmbarTeAmo,2409,Silver 3,Silver 3,Silver 3,a443c49c-8579-4041-b74b-3ce7d572e782,"13/6/26, 17:47",Competitive,Split,Gekko,Loss,11,13,24,690,240,20,19,5,1,1.1,-6.0,155.3,29.0,83.0,2,4,0
ÁmbarTeAmo#2409,ÁmbarTeAmo,2409,2026-06-24T02:04:27,ÁmbarTeAmo,2409,Silver 3,Silver 3,Silver 3,81d194b9-c7d6-41ca-a4b3-159a5bf53c4e,"13/6/26, 17:14",Competitive,Lotus,Chamber,Loss,6,13,19,204,125,9,15,3,-6,0.6,-43.0,97.5,32.0,63.0,2,2,0
ÁmbarTeAmo#2409,ÁmbarTeAmo,2409,2026-06-24T02:04:27,ÁmbarTeAmo,2409,Silver 3,Silver 3,Silver 3,a2ec0ec3-bea2-4caf-a2f5-a276a9b61ba5,"13/6/26, 12:13",Competitive,Ascent,Sova,Loss,4,13,17,167,143,8,12,2,-4,0.7,-30.0,96.5,23.0,47.0,0,0,1
dgljnl finalboss#taeko,dgljnl finalboss,taeko,2026-06-24T02:14:29,dgljnl finalboss,taeko,Platinum 2,Platinum 2,Gold 1,0ad5bf59-7c03-4052-aa82-e93512139937,"23/6/26, 0:47",Competitive,Split,Clove,Win,13,9,22,632,195,16,18,1,-2,0.9,-24.0,117.9,24.0,82.0,5,4,0
dgljnl finalboss#taeko,dgljnl finalboss,taeko,2026-06-24T02:14:29,dgljnl finalboss,taeko,Platinum 2,Platinum 2,Gold 2,56745cb2-a9ec-4344-a0d7-396c9334c224,"23/6/26, 0:20",Competitive,Pearl,Astra,Win,11,2,13,725,178,9,7,2,2,1.3,17.0,134.5,45.0,92.0,1,0,1
dgljnl finalboss#taeko,dgljnl finalboss,taeko,2026-06-24T02:14:29,dgljnl finalboss,taeko,Platinum 2,Platinum 2,Silver 3,53d5ae0d-8ef3-4d36-a8cb-61efea24433e,"22/6/26, 23:37",Competitive,Haven,Sova,Win,13,8,21,751,274,19,17,7,2,1.1,33.0,180.1,33.0,71.0,4,1,2
dgljnl finalboss#taeko,dgljnl finalboss,taeko,2026-06-24T02:14:29,dgljnl finalboss,taeko,Platinum 2,Platinum 2,Bronze 1,4ad81c30-17ea-45f9-8f19-eb3a007ba58b,"22/6/26, 22:57",Competitive,Split,Skye,Win,13,8,21,775,249,20,12,5,8,1.7,33.0,154.7,23.0,76.0,4,3,2
dgljnl finalboss#taeko,dgljnl finalboss,taeko,2026-06-24T02:14:29,dgljnl finalboss,taeko,Platinum 2,Platinum 2,Silver 3,e28311fb-5d07-4e41-a7ff-44d7a8f9c91a,"22/6/26, 22:18",Competitive,Ascent,Sova,Loss,7,13,20,509,197,13,18,6,-5,0.7,-25.0,147.1,32.0,80.0,2,3,1
dgljnl finalboss#taeko,dgljnl finalboss,taeko,2026-06-24T02:14:29,dgljnl finalboss,taeko,Platinum 2,Platinum 2,Silver 3,57732a59-c284-4f64-8c88-2faa340307e7,"22/6/26, 20:22",Competitive,Haven,Sova,Draw,15,15,30,762,242,24,23,7,1,1.0,19.0,165.3,26.0,83.0,3,1,1
dgljnl finalboss#taeko,dgljnl finalboss,taeko,2026-06-24T02:14:29,dgljnl finalboss,taeko,Platinum 2,Platinum 2,Bronze 3,629c4565-21c0-4eb0-a63f-5467e90fa699,"22/6/26, 19:39",Competitive,Split,Skye,Loss,9,13,22,838,307,24,15,9,9,1.6,49.0,199.1,37.0,86.0,4,3,3
dgljnl finalboss#taeko,dgljnl finalboss,taeko,2026-06-24T02:14:29,dgljnl finalboss,taeko,Platinum 2,Platinum 2,Silver 1,0ab8dc3b-931d-465f-9aca-1090439c2185,"22/6/26, 4:15",Competitive,Fracture,Iso,Loss,6,13,19,782,303,22,13,5,9,1.7,86.0,219.9,39.0,79.0,2,3,1
dgljnl finalboss#taeko,dgljnl finalboss,taeko,2026-06-24T02:14:29,dgljnl finalboss,taeko,Platinum 2,Platinum 2,Silver 2,88c04662-e67d-4ab2-bc80-c43fdebe9d60,"22/6/26, 3:36",Competitive,Pearl,Cypher,Loss,4,13,17,166,164,9,15,3,-6,0.6,-55.0,103.7,14.0,53.0,1,4,1
dgljnl finalboss#taeko,dgljnl finalboss,taeko,2026-06-24T02:14:29,dgljnl finalboss,taeko,Platinum 2,Platinum 2,Silver 2,de6efa8e-945b-42ba-b2bb-6c3401c77b83,"22/6/26, 2:55",Competitive,Split,Skye,Loss,9,13,22,790,290,24,18,2,6,1.3,39.0,181.1,33.0,82.0,4,1,1
dgljnl finalboss#taeko,dgljnl finalboss,taeko,2026-06-24T02:14:29,dgljnl finalboss,taeko,Platinum 2,Platinum 2,Silver 2,f1f8d84e-7903-4e9e-9d81-c401c9038862,"22/6/26, 2:08",Competitive,Haven,Cypher,Loss,5,13,18,451,255,18,17,3,1,1.1,-26.0,155.5,34.0,67.0,2,3,3
dgljnl finalboss#taeko,dgljnl finalboss,taeko,2026-06-24T02:14:29,dgljnl finalboss,taeko,Platinum 2,Platinum 2,Bronze 3,281edfbe-0307-4df5-b5cc-22466dd2939e,"22/6/26, 1:24",Competitive,Lotus,Raze,Win,13,9,22,978,402,32,11,10,21,2.9,130.0,264.8,27.0,86.0,3,2,5
dgljnl finalboss#taeko,dgljnl finalboss,taeko,2026-06-24T02:14:29,dgljnl finalboss,taeko,Platinum 2,Platinum 2,Bronze 3,2792b742-e198-4d90-a3ae-33bfe1036986,"22/6/26, 0:44",Competitive,Haven,Clove,Loss,9,13,22,740,318,23,22,8,1,1.1,20.0,201.4,29.0,77.0,6,3,3
dgljnl finalboss#taeko,dgljnl finalboss,taeko,2026-06-24T02:14:29,dgljnl finalboss,taeko,Platinum 2,Platinum 2,Silver 2,14a1dfbf-b199-42bc-ac61-21d8caebe44f,"22/6/26, 0:01",Competitive,Pearl,Jett,Win,13,9,22,787,356,30,17,1,13,1.8,94.0,232.9,52.0,64.0,4,7,5
dgljnl finalboss#taeko,dgljnl finalboss,taeko,2026-06-24T02:14:29,dgljnl finalboss,taeko,Platinum 2,Platinum 2,Silver 2,9df7d58f-6816-459b-8bdc-2c751f8e329d,"21/6/26, 23:10",Competitive,Lotus,Clove,Win,15,13,28,924,325,34,22,4,12,1.6,55.0,209.0,38.0,89.0,6,5,3
dgljnl finalboss#taeko,dgljnl finalboss,taeko,2026-06-24T02:14:29,dgljnl finalboss,taeko,Platinum 2,Platinum 2,Iron 3,b58be494-c20d-4517-918d-d1e025065f79,"21/6/26, 22:27",Competitive,Pearl,Chamber,Loss,10,13,23,900,378,30,16,3,14,1.9,75.0,241.2,24.0,87.0,7,2,3
dgljnl finalboss#taeko,dgljnl finalboss,taeko,2026-06-24T02:14:29,dgljnl finalboss,taeko,Platinum 2,Platinum 2,Silver 3,2076078a-c647-4c7f-9305-d8404d98e643,"21/6/26, 21:57",Competitive,Fracture,Neon,Loss,5,13,18,258,200,12,16,2,-4,0.8,-48.0,130.2,37.0,56.0,0,3,2
dgljnl finalboss#taeko,dgljnl finalboss,taeko,2026-06-24T02:14:29,dgljnl finalboss,taeko,Platinum 2,Platinum 2,Silver 2,66794fe9-f099-45f0-b1e5-e9c891eaa2aa,"21/6/26, 19:49",Competitive,Breeze,Jett,Win,13,11,24,778,306,25,18,5,7,1.4,24.0,191.0,28.0,75.0,2,2,2
dgljnl finalboss#taeko,dgljnl finalboss,taeko,2026-06-24T02:14:29,dgljnl finalboss,taeko,Platinum 2,Platinum 2,Silver 1,cb507c96-368f-4e3d-b5e7-0d38a178b64f,"21/6/26, 19:05",Competitive,Haven,Clove,Win,13,9,22,852,369,31,20,2,11,1.6,29.0,212.4,29.0,77.0,4,1,5
dgljnl finalboss#taeko,dgljnl finalboss,taeko,2026-06-24T02:14:29,dgljnl finalboss,taeko,Platinum 2,Platinum 2,Silver 2,068fda73-47aa-4bc4-b6a3-0262867a5383,"21/6/26, 18:25",Competitive,Breeze,Reyna,Win,13,10,23,840,304,25,14,4,11,1.8,77.0,205.3,37.0,74.0,2,2,1
Pitu#2301,Pitu,2301,2026-06-24T02:17:30,Pitu,2301,Platinum 2,Platinum 2,Gold 1,19765111-cbe7-40ff-9ef8-15bc194df8d1,"21/6/26, 19:54",Competitive,Haven,Deadlock,Win,13,11,24,573,220,17,17,9,0,10.0,147.6,25.0,67.0,3.0,3,0,254
Pitu#2301,Pitu,2301,2026-06-24T02:17:30,Pitu,2301,Platinum 2,Platinum 2,Gold 1,5881ce2a-8abf-4175-b0bd-3cb4404534c5,"21/6/26, 19:24",Competitive,Ascent,Brimstone,Win,13,3,16,813,201,11,8,11,3,1.4,46.0,150.8,17.0,100.0,1,0,0
Pitu#2301,Pitu,2301,2026-06-24T02:17:30,Pitu,2301,Platinum 2,Platinum 2,Silver 2,6f7dc16a-7a62-4fbb-910c-dba23429d2ef,"17/6/26, 21:04",Competitive,Split,Deadlock,Loss,10,13,23,828,279,24,16,3,8,1.5,41.0,185.2,24.0,87.0,4,1,2
Pitu#2301,Pitu,2301,2026-06-24T02:17:30,Pitu,2301,Platinum 2,Platinum 2,Silver 1,9c6616db-e34a-413b-9c83-549e1101804c,"17/6/26, 20:18",Competitive,Lotus,Deadlock,Win,13,9,22,729,265,18,16,10,2,1.1,45.0,183.1,28.0,68.0,1,1,1
Pitu#2301,Pitu,2301,2026-06-24T02:17:30,Pitu,2301,Platinum 2,Platinum 2,Gold 2,4f7ef110-d4c1-4580-9417-c8a78c3eab48,"17/6/26, 18:08",Competitive,Breeze,Deadlock,Win,13,8,21,650,240,16,18,4,-2,0.9,23.0,167.1,17.0,67.0,3,2,1
Pitu#2301,Pitu,2301,2026-06-24T02:17:30,Pitu,2301,Platinum 2,Platinum 2,Bronze 3,b30341c9-265a-4c15-b0cf-85583efe7280,"15/6/26, 20:31",Competitive,Ascent,KAY/O,Loss,9,13,22,606,235,14,19,13,-5,0.7,-7.0,161.9,16.0,77.0,3,3,3
Pitu#2301,Pitu,2301,2026-06-24T02:17:30,Pitu,2301,Platinum 2,Platinum 2,Bronze 3,81de7fd0-4a37-4c19-baa5-fb1bc0de6ecd,"15/6/26, 20:00",Competitive,Pearl,Deadlock,Win,13,3,16,940,260,15,6,6,9,2.5,94.0,170.2,24.0,94.0,3,1,1
Pitu#2301,Pitu,2301,2026-06-24T02:17:30,Pitu,2301,Platinum 2,Platinum 2,Gold 2,8b71b44b-2a9b-4e58-82f7-de8fd290139e,"15/6/26, 19:38",Competitive,Pearl,Reyna,Loss,2,10,12,100,88,4,12,2,-8,0.3,-100.0,64.3,21.0,42.0,0,5,0
Pitu#2301,Pitu,2301,2026-06-24T02:17:30,Pitu,2301,Platinum 2,Platinum 2,Silver 3,8f260cfd-52f1-40c6-ba2c-b26d99181e75,"15/6/26, 18:58",Competitive,Breeze,Deadlock,Loss,10,13,23,503,204,15,17,6,-2,0.9,22.0,149.7,19.0,65.0,1,2,1
Pitu#2301,Pitu,2301,2026-06-24T02:17:30,Pitu,2301,Platinum 2,Platinum 2,Silver 2,c2862483-8aaa-4aa4-ba7b-55b13c04d96c,"14/6/26, 16:12",Competitive,Split,Deadlock,Draw,14,14,28,809,289,28,19,9,9,1.5,74.0,194.8,21.0,75.0,6,3,3
Pitu#2301,Pitu,2301,2026-06-24T02:17:30,Pitu,2301,Platinum 2,Platinum 2,Gold 3,c403014c-48d8-4b97-8034-bca0371d2d55,"14/6/26, 15:28",Competitive,Split,Deadlock,Loss,11,13,24,296,161,12,18,6,-6,0.7,-29.0,107.5,11.0,58.0,1,3,1
Pitu#2301,Pitu,2301,2026-06-24T02:17:30,Pitu,2301,Platinum 2,Platinum 2,Silver 3,e1003b44-8a68-40b8-95d3-21d00bf085ea,"14/6/26, 14:53",Competitive,Haven,Deadlock,Win,13,7,20,249,118,8,15,4,-7,0.5,-59.0,76.0,8.0,55.0,0,2,0
Pitu#2301,Pitu,2301,2026-06-24T02:17:30,Pitu,2301,Platinum 2,Platinum 2,Silver 3,bf62dbe4-53ef-47c1-b4ba-aeed7a6946d1,"12/6/26, 21:23",Competitive,Haven,Deadlock,Loss,11,13,24,233,139,12,21,3,-9,0.6,-70.0,103.4,34.0,62.0,2,3,0
Pitu#2301,Pitu,2301,2026-06-24T02:17:30,Pitu,2301,Platinum 2,Platinum 2,Silver 3,f211d438-f88b-49a6-99e0-5df07b5349c5,"12/6/26, 20:58",Competitive,Lotus,Deadlock,Win,13,2,15,714,176,8,8,8,0,12.0,124.1,27.0,93.0,2.0,1,0,412
Pitu#2301,Pitu,2301,2026-06-24T02:17:30,Pitu,2301,Platinum 2,Platinum 2,Silver 3,ea9814a9-ea57-463b-b956-151885c2d36f,"12/6/26, 20:09",Competitive,Pearl,Deadlock,Win,13,7,20,971,359,28,10,1,18,2.8,115.0,223.7,23.0,85.0,3,1,4
Pitu#2301,Pitu,2301,2026-06-24T02:17:30,Pitu,2301,Platinum 2,Platinum 2,Silver 3,649aa956-ed71-4e6a-9117-198c50d6378b,"10/6/26, 21:36",Competitive,Split,Deadlock,Loss,5,13,18,100,119,7,16,2,-9,0.4,-67.0,76.1,18.0,50.0,0,1,0
Pitu#2301,Pitu,2301,2026-06-24T02:17:30,Pitu,2301,Platinum 2,Platinum 2,Gold 3,e4ab1db4-4a19-4591-8052-6a69b3b03fdb,"10/6/26, 20:46",Competitive,Fracture,Deadlock,Win,13,10,23,537,208,16,15,5,1,1.1,4.0,140.1,16.0,65.0,2,3,2
Pitu#2301,Pitu,2301,2026-06-24T02:17:30,Pitu,2301,Platinum 2,Platinum 2,Gold 2,0630b2cd-c1e2-45f2-ac95-92f40b9054af,"10/6/26, 20:12",Competitive,Pearl,KAY/O,Loss,9,13,22,497,199,14,16,8,-2,0.9,-31.0,122.6,16.0,77.0,1,0,0
Pitu#2301,Pitu,2301,2026-06-24T02:17:30,Pitu,2301,Platinum 2,Platinum 2,Gold 2,90f18dcb-7f53-4061-89d1-068abe8a4f16,"10/6/26, 19:43",Competitive,Breeze,Deadlock,Win,13,3,16,763,182,11,7,2,4,1.6,35.0,122.1,31.0,94.0,1,2,2
Pitu#2301,Pitu,2301,2026-06-24T02:17:30,Pitu,2301,Platinum 2,Platinum 2,Gold 2,18e1dcae-7268-46a0-b087-f049ce33189d,"9/6/26, 19:39",Competitive,Fracture,Deadlock,Loss,13,15,28,175,95,8,24,7,-16,0.3,-90.0,67.3,13.0,57.0,2,4,0
HF Nitrogen0#HF1,HF Nitrogen0,HF1,2026-06-24T02:20:31,HF Nitrogen0,HF1,Platinum 2,Platinum 2,Platinum 1,7183e0e9-736b-42dc-ad3b-b802e0809fa0,"22/6/26, 17:05",Competitive,Haven,Chamber,Win,13,10,23,372,166,13,15,3,-2,0.9,-30.0,108.0,21.0,61.0,3,1,0
HF Nitrogen0#HF1,HF Nitrogen0,HF1,2026-06-24T02:20:31,HF Nitrogen0,HF1,Platinum 2,Platinum 2,Gold 2,eb0b62e7-8cd9-420e-9e5c-42ed5cf0ad46,"21/6/26, 14:50",Competitive,Breeze,Chamber,Loss,8,13,21,507,210,16,17,4,-1,0.9,1.0,133.9,10.0,71.0,3,1,1
HF Nitrogen0#HF1,HF Nitrogen0,HF1,2026-06-24T02:20:31,HF Nitrogen0,HF1,Platinum 2,Platinum 2,Gold 2,ee7af369-d834-41fc-9de3-3a8dd5915cbd,"21/6/26, 11:42",Competitive,Pearl,Chamber,Loss,10,13,23,329,183,15,19,5,-4,0.8,-22.0,129.0,15.0,57.0,4,3,0
HF Nitrogen0#HF1,HF Nitrogen0,HF1,2026-06-24T02:20:31,HF Nitrogen0,HF1,Platinum 2,Platinum 2,Platinum 2,22706027-4324-4f41-9be2-80c45fbe82a8,"21/6/26, 10:11",Competitive,Ascent,Chamber,Win,13,9,22,779,305,25,14,2,11,1.8,21.0,177.2,22.0,73.0,6,3,4
HF Nitrogen0#HF1,HF Nitrogen0,HF1,2026-06-24T02:20:31,HF Nitrogen0,HF1,Platinum 2,Platinum 2,Gold 3,d80408f9-1c37-4e89-8f58-97ea78d68abc,"20/6/26, 19:27",Competitive,Split,Chamber,Loss,4,13,17,100,133,8,17,3,-9,0.5,-91.0,78.7,23.0,53.0,1,1,1
HF Nitrogen0#HF1,HF Nitrogen0,HF1,2026-06-24T02:20:31,HF Nitrogen0,HF1,Platinum 2,Platinum 2,Gold 3,2ba00618-8d0e-495b-bd12-c24c4851bcc1,"20/6/26, 8:36",Competitive,Pearl,KAY/O,Loss,10,13,23,196,103,8,18,9,-10,0.4,-91.0,60.4,13.0,65.0,1,5,0
HF Nitrogen0#HF1,HF Nitrogen0,HF1,2026-06-24T02:20:31,HF Nitrogen0,HF1,Platinum 2,Platinum 2,Silver 3,cf0f926b-bb86-4620-ba63-c5047c2f4083,"18/6/26, 14:25",Competitive,Lotus,Unknown,Loss,10,13,23,474,223,16,21,12,-5,0.8,-34.0,143.6,17.0,70.0,1,2,2
HF Nitrogen0#HF1,HF Nitrogen0,HF1,2026-06-24T02:20:31,HF Nitrogen0,HF1,Platinum 2,Platinum 2,Platinum 2,10a1ebca-a08f-4217-9ea3-4842b442c1b2,"17/6/26, 6:21",Competitive,Fracture,Deadlock,Loss,5,13,18,100,110,8,16,2,-8,0.5,-63.0,79.7,33.0,50.0,0,2,1
HF Nitrogen0#HF1,HF Nitrogen0,HF1,2026-06-24T02:20:31,HF Nitrogen0,HF1,Platinum 2,Platinum 2,Platinum 2,e604bd15-be2d-468c-8ada-2a3759a208ef,"16/6/26, 12:02",Competitive,Ascent,Chamber,Loss,11,13,24,242,151,12,21,7,-9,0.6,-54.0,105.7,30.0,58.0,4,4,0
HF Nitrogen0#HF1,HF Nitrogen0,HF1,2026-06-24T02:20:31,HF Nitrogen0,HF1,Platinum 2,Platinum 2,Gold 3,5e76c717-321a-4900-9e87-27f764daf8f7,"16/6/26, 5:38",Competitive,Ascent,Chamber,Win,13,11,24,579,186,17,15,1,2,1.1,3.0,129.7,30.0,75.0,2,1,1
HF Nitrogen0#HF1,HF Nitrogen0,HF1,2026-06-24T02:20:31,HF Nitrogen0,HF1,Platinum 2,Platinum 2,Gold 2,4d97d6de-69df-4056-b519-fff021f7c292,"15/6/26, 10:33",Competitive,Haven,Chamber,Win,13,6,19,898,304,20,12,3,8,1.7,76.0,210.1,38.0,79.0,7,1,2
HF Nitrogen0#HF1,HF Nitrogen0,HF1,2026-06-24T02:20:31,HF Nitrogen0,HF1,Platinum 2,Platinum 2,Platinum 1,afbe52a0-8c20-4c7b-ad55-f1c31dc61eca,"15/6/26, 6:12",Competitive,Breeze,Chamber,Win,13,11,24,727,244,22,19,1,3,1.2,9.0,153.4,40.0,79.0,5,2,1
HF Nitrogen0#HF1,HF Nitrogen0,HF1,2026-06-24T02:20:31,HF Nitrogen0,HF1,Platinum 2,Platinum 2,Gold 2,6866f1d5-84ac-44da-9806-07d73fa363e2,"15/6/26, 5:36",Competitive,Haven,Chamber,Win,13,6,19,593,175,12,12,4,0,1.0,-13.0,112.8,29.0,79.0,4,2,0
HF Nitrogen0#HF1,HF Nitrogen0,HF1,2026-06-24T02:20:31,HF Nitrogen0,HF1,Platinum 2,Platinum 2,Gold 3,60a6fe9a-f609-49b5-962a-dbb99acaa68e,"14/6/26, 5:38",Competitive,Split,Chamber,Loss,7,13,20,449,247,16,17,2,-1,0.9,-8.0,147.7,26.0,60.0,3,3,1
HF Nitrogen0#HF1,HF Nitrogen0,HF1,2026-06-24T02:20:31,HF Nitrogen0,HF1,Platinum 2,Platinum 2,Platinum 2,e82d590c-853d-4822-aa5f-13b10ac80fbe,"10/6/26, 19:35",Competitive,Split,Chamber,Loss,12,14,26,365,189,17,20,2,-3,0.8,-13.0,127.7,35.0,54.0,5,2,0
HF Nitrogen0#HF1,HF Nitrogen0,HF1,2026-06-24T02:20:31,HF Nitrogen0,HF1,Platinum 2,Platinum 2,Gold 3,96352a00-b2cd-40a8-b831-a81af17b861a,"7/6/26, 2:58",Competitive,Lotus,Chamber,Loss,8,13,21,265,163,13,16,3,-3,0.8,-26.0,109.6,26.0,57.0,4,3,1
HF Nitrogen0#HF1,HF Nitrogen0,HF1,2026-06-24T02:20:31,HF Nitrogen0,HF1,Platinum 2,Platinum 2,Gold 3,17c16293-1d7d-4195-ad83-8616176f9f7e,"7/6/26, 2:22",Competitive,Haven,Chamber,Win,13,7,20,945,310,21,14,4,7,1.5,73.0,202.0,21.0,85.0,3,4,3
HF Nitrogen0#HF1,HF Nitrogen0,HF1,2026-06-24T02:20:31,HF Nitrogen0,HF1,Platinum 2,Platinum 2,Platinum 1,c3596914-ee88-469a-8967-0609706d6704,"6/6/26, 3:11",Competitive,Pearl,Chamber,Loss,11,13,24,793,288,25,18,2,7,1.4,41.0,191.9,31.0,79.0,4,3,1
HF Nitrogen0#HF1,HF Nitrogen0,HF1,2026-06-24T02:20:31,HF Nitrogen0,HF1,Platinum 2,Platinum 2,Silver 3,e0f7d94d-0838-4380-8979-5eebb2c9ff2b,"6/6/26, 2:32",Competitive,Haven,Jett,Win,13,9,22,755,231,16,16,6,0,31.0,166.3,24.0,77.0,5.0,3,0,65
HF Nitrogen0#HF1,HF Nitrogen0,HF1,2026-06-24T02:20:31,HF Nitrogen0,HF1,Platinum 2,Platinum 2,Gold 2,af914817-9a2a-40cf-a358-981809966622,"6/6/26, 1:52",Competitive,Split,Chamber,Loss,9,13,22,417,201,13,18,7,-5,0.7,-11.0,125.9,24.0,64.0,3,5,1
ChiChoBelo#idk,ChiChoBelo,idk,2026-06-24T08:39:28,ChiChoBelo,idk,Platinum 2,Platinum 2,Platinum 1,86957eee-9865-4b21-b386-d2dc1785ef91,"20/6/26, 11:12",Competitive,Split,Chamber,Win,14,12,26,608,201,14,19,15,-5,0.7,17.0,150.1,18.0,73.0,3,5,1
ChiChoBelo#idk,ChiChoBelo,idk,2026-06-24T08:39:28,ChiChoBelo,idk,Platinum 2,Platinum 2,Gold 2,d50e7218-558f-4195-9d44-a8e3b821fe35,"20/6/26, 10:28",Competitive,Ascent,KAY/O,Win,13,11,24,521,168,13,19,13,-6,0.7,-34.0,113.5,21.0,79.0,1,1,0
ChiChoBelo#idk,ChiChoBelo,idk,2026-06-24T08:39:28,ChiChoBelo,idk,Platinum 2,Platinum 2,Gold 3,70919110-d949-4ba1-8007-c72a76b6ceea,"20/6/26, 10:04",Competitive,Lotus,Sage,Loss,3,9,12,303,220,10,9,4,1,1.1,-49.0,126.3,24.0,58.0,1,1,1
ChiChoBelo#idk,ChiChoBelo,idk,2026-06-24T08:39:28,ChiChoBelo,idk,Platinum 2,Platinum 2,Gold 2,45887dca-84ca-4485-b4dc-555d4c6026a3,"20/6/26, 9:20",Competitive,Split,Fade,Win,13,10,23,226,125,12,18,3,-6,0.7,-66.0,71.1,20.0,52.0,1,2,0
ChiChoBelo#idk,ChiChoBelo,idk,2026-06-24T08:39:28,ChiChoBelo,idk,Platinum 2,Platinum 2,Platinum 1,9eed296a-c55c-4999-ba0a-ed27a8c1f4de,"20/6/26, 8:53",Competitive,Pearl,Harbor,Loss,3,13,16,173,97,5,14,2,-9,0.4,-79.0,66.9,20.0,69.0,1,1,0
ChiChoBelo#idk,ChiChoBelo,idk,2026-06-24T08:39:28,ChiChoBelo,idk,Platinum 2,Platinum 2,Gold 2,7cb3c4b8-1827-4713-ab8e-02e698e62e44,"20/6/26, 8:20",Competitive,Breeze,Chamber,Loss,4,13,17,100,102,6,15,2,-9,0.4,-93.0,73.2,10.0,35.0,0,1,0
ChiChoBelo#idk,ChiChoBelo,idk,2026-06-24T08:39:28,ChiChoBelo,idk,Platinum 2,Platinum 2,Platinum 1,f779c23f-863e-433b-9904-e1fbe75830d8,"20/6/26, 7:46",Competitive,Ascent,KAY/O,Win,13,4,17,445,133,8,12,8,-4,0.7,-45.0,96.8,22.0,76.0,0,1,0
ChiChoBelo#idk,ChiChoBelo,idk,2026-06-24T08:39:28,ChiChoBelo,idk,Platinum 2,Platinum 2,Platinum 1,f61c1995-3e56-4066-9e1a-284897b88c9f,"20/6/26, 7:11",Competitive,Lotus,Sage,Win,13,8,21,403,111,7,14,11,-7,0.5,-64.0,72.3,15.0,76.0,0,1,1
ChiChoBelo#idk,ChiChoBelo,idk,2026-06-24T08:39:28,ChiChoBelo,idk,Platinum 2,Platinum 2,Platinum 2,0972588a-2e58-4015-a454-7bceb06b2101,"20/6/26, 3:45",Competitive,Haven,Sage,Win,13,5,18,447,164,10,12,7,-2,0.8,-16.0,115.7,32.0,67.0,2,0,0
ChiChoBelo#idk,ChiChoBelo,idk,2026-06-24T08:39:28,ChiChoBelo,idk,Platinum 2,Platinum 2,Gold 2,3c959821-c4ce-49c2-b418-379076eb59f4,"20/6/26, 3:23",Competitive,Fracture,KAY/O,Win,13,1,14,475,106,5,9,5,-4,0.6,-64.0,60.1,13.0,86.0,0,1,0
ChiChoBelo#idk,ChiChoBelo,idk,2026-06-24T08:39:28,ChiChoBelo,idk,Platinum 2,Platinum 2,Gold 3,1d028c75-fa68-4663-9b6b-19e46ca9f095,"17/6/26, 10:14",Competitive,Breeze,Harbor,Loss,10,13,23,231,156,13,18,5,-5,0.7,-45.0,105.1,40.0,52.0,0,4,0
ChiChoBelo#idk,ChiChoBelo,idk,2026-06-24T08:39:28,ChiChoBelo,idk,Platinum 2,Platinum 2,Gold 2,5e7d40bc-d6b0-455c-8e6e-54b25d1c108b,"17/6/26, 9:34",Competitive,Fracture,KAY/O,Win,13,9,22,499,126,11,14,8,-3,0.8,-39.0,83.3,10.0,82.0,0,2,1
ChiChoBelo#idk,ChiChoBelo,idk,2026-06-24T08:39:28,ChiChoBelo,idk,Platinum 2,Platinum 2,Platinum 1,c6790f4b-df67-48d9-8e68-285b3d2b6ed1,"17/6/26, 8:51",Competitive,Pearl,Skye,Win,13,11,24,360,148,13,16,11,-3,0.8,-36.0,94.2,21.0,67.0,2,2,1
ChiChoBelo#idk,ChiChoBelo,idk,2026-06-24T08:39:28,ChiChoBelo,idk,Platinum 2,Platinum 2,Platinum 1,ae44d38f-2e59-4fc0-8922-3fd5ee42c549,"17/6/26, 8:15",Competitive,Split,Unknown,Loss,9,13,22,211,144,11,17,12,-6,0.7,-56.0,88.6,14.0,59.0,1,1,1
ChiChoBelo#idk,ChiChoBelo,idk,2026-06-24T08:39:28,ChiChoBelo,idk,Platinum 2,Platinum 2,Silver 3,4e6f0936-3a6b-4955-962d-35d200a8a217,"17/6/26, 7:25",Competitive,Lotus,Sage,Win,14,12,26,324,120,10,13,13,-3,0.8,-52.0,67.7,17.0,69.0,3,2,0
ChiChoBelo#idk,ChiChoBelo,idk,2026-06-24T08:39:28,ChiChoBelo,idk,Platinum 2,Platinum 2,Gold 1,b855f2e9-5c60-4838-8817-85ad894b81e4,"17/6/26, 6:48",Competitive,Fracture,Harbor,Loss,8,13,21,199,137,9,16,7,-7,0.6,-34.0,100.2,21.0,52.0,0,0,1
ChiChoBelo#idk,ChiChoBelo,idk,2026-06-24T08:39:28,ChiChoBelo,idk,Platinum 2,Platinum 2,Platinum 2,50332638-0ac0-4a33-9594-792197cfd7af,"17/6/26, 6:09",Competitive,Split,Skye,Loss,9,13,22,212,138,10,18,11,-8,0.6,-49.0,93.1,16.0,59.0,0,0,0
ChiChoBelo#idk,ChiChoBelo,idk,2026-06-24T08:39:28,ChiChoBelo,idk,Platinum 2,Platinum 2,Gold 3,69956ff2-2041-43f3-aa53-8c24db37c7a0,"17/6/26, 5:37",Competitive,Lotus,Sage,Win,13,6,19,647,201,13,11,12,2,1.2,-9.0,110.8,19.0,79.0,1,1,0
ChiChoBelo#idk,ChiChoBelo,idk,2026-06-24T08:39:28,ChiChoBelo,idk,Platinum 2,Platinum 2,Gold 3,4b150573-d20a-4a21-a60a-51d149d86c4e,"17/6/26, 4:49",Competitive,Pearl,Harbor,Loss,11,13,24,317,174,14,18,11,-4,0.8,-69.0,99.1,13.0,67.0,1,3,1
ChiChoBelo#idk,ChiChoBelo,idk,2026-06-24T08:39:28,ChiChoBelo,idk,Platinum 2,Platinum 2,Gold 3,aeba5345-1e64-4fca-8a2c-250b74399e94,"16/6/26, 21:45",Competitive,Ascent,KAY/O,Win,13,11,24,497,172,13,16,14,-3,0.8,-27.0,121.9,11.0,75.0,0,3,0
fifi#1211,fifi,1211,2026-06-24T08:45:23,fifi,1211,Gold 1,Gold 1,Gold 1,9431a965-9639-4fcb-b1f2-01f3c4de37cd,"23/6/26, 22:03",Competitive,Breeze,Chamber,Loss,6,13,19,621,300,21,17,2,4,1.2,29.0,189.3,30.0,68.0,4,0,1
fifi#1211,fifi,1211,2026-06-24T08:45:23,fifi,1211,Gold 1,Gold 1,Iron 3,5d51655c-41d3-4235-afad-758e9128cd6c,"23/6/26, 21:20",Competitive,Ascent,Killjoy,Win,13,11,24,582,178,16,14,5,2,1.1,12.0,133.6,20.0,75.0,1,1,1
fifi#1211,fifi,1211,2026-06-24T08:45:23,fifi,1211,Gold 1,Gold 1,Gold 1,2678be47-af29-4ce7-8570-23e9845a7dc2,"23/6/26, 20:08",Competitive,Ascent,Killjoy,Loss,14,16,30,881,292,32,19,3,13,1.7,77.0,200.1,41.0,83.0,2,1,2
fifi#1211,fifi,1211,2026-06-24T08:45:23,fifi,1211,Gold 1,Gold 1,Gold 1,945f9cde-0352-4e7c-bfc6-232032b9fba0,"23/6/26, 19:31",Competitive,Unknown,Sage,Win,13,6,19,803,299,20,15,5,5,1.3,35.0,188.6,39.0,74.0,3,1,0
fifi#1211,fifi,1211,2026-06-24T08:45:23,fifi,1211,Gold 1,Gold 1,Silver 2,b80374c8-c1a1-4a6f-a738-d0f6685fab29,"23/6/26, 18:40",Competitive,Haven,Reyna,Win,13,5,18,831,222,15,10,6,5,1.5,36.0,139.0,63.0,89.0,1,1,1
fifi#1211,fifi,1211,2026-06-24T08:45:23,fifi,1211,Gold 1,Gold 1,Gold 1,16ad9da8-8f8d-410b-a950-f30aaa752682,"23/6/26, 18:02",Competitive,Split,Sage,Loss,9,13,22,363,121,10,15,4,-5,0.7,-42.0,78.7,38.0,77.0,0,2,0
fifi#1211,fifi,1211,2026-06-24T08:45:23,fifi,1211,Gold 1,Gold 1,Gold 1,9a22c0fd-784b-48d6-a4c1-d646388bc693,"23/6/26, 17:27",Competitive,Ascent,Killjoy,Loss,7,13,20,248,176,12,15,1,-3,0.8,-28.0,112.7,29.0,50.0,2,0,1
fifi#1211,fifi,1211,2026-06-24T08:45:23,fifi,1211,Gold 1,Gold 1,Silver 1,515848da-a531-4177-866e-9a30e2000ef9,"23/6/26, 17:08",Competitive,Unknown,Jett,Win,5,0,5,444,9,3,0,6,3,139.0,256.2,69.0,100.0,2.0,0,1,173
fifi#1211,fifi,1211,2026-06-24T08:45:23,fifi,1211,Gold 1,Gold 1,Gold 1,135339c1-347c-468c-bb5f-a9c8854cc564,"23/6/26, 16:01",Competitive,Ascent,Killjoy,Win,13,10,23,474,162,12,16,3,-4,0.8,-12.0,113.9,19.0,70.0,1,3,0
fifi#1211,fifi,1211,2026-06-24T08:45:23,fifi,1211,Gold 1,Gold 1,Silver 3,8473fa3a-75aa-4e34-a2c4-e0fb07a7ae7b,"23/6/26, 15:24",Competitive,Unknown,Fade,Loss,8,13,21,317,172,14,17,1,-3,0.8,-40.0,102.9,40.0,67.0,1,1,1
fifi#1211,fifi,1211,2026-06-24T08:45:23,fifi,1211,Gold 1,Gold 1,Gold 1,9d9806d7-b60b-4880-b6db-1c22c1773d67,"23/6/26, 14:32",Competitive,Lotus,Killjoy,Win,15,13,28,556,192,20,21,7,-1,0.9,10.0,142.1,29.0,71.0,4,2,1
fifi#1211,fifi,1211,2026-06-24T08:45:23,fifi,1211,Gold 1,Gold 1,Gold 1,6aa05e88-3d84-4096-87dc-dcca071632ef,"22/6/26, 21:23",Competitive,Pearl,Killjoy,Loss,4,13,17,114,131,7,14,1,-7,0.5,-62.0,90.9,19.0,53.0,2,2,0
fifi#1211,fifi,1211,2026-06-24T08:45:23,fifi,1211,Gold 1,Gold 1,Gold 1,43816aea-bde2-43e0-9084-15b0e2de9ab2,"22/6/26, 20:49",Competitive,Ascent,Killjoy,Loss,6,13,19,242,142,9,17,4,-8,0.5,-56.0,95.8,21.0,68.0,1,3,0
fifi#1211,fifi,1211,2026-06-24T08:45:23,fifi,1211,Gold 1,Gold 1,Gold 1,02bf8bf2-ca77-4e74-ba9a-a6db165770bf,"22/6/26, 20:11",Competitive,Lotus,Fade,Win,13,9,22,310,149,12,17,2,-5,0.7,-54.0,99.6,29.0,59.0,2,1,1
fifi#1211,fifi,1211,2026-06-24T08:45:23,fifi,1211,Gold 1,Gold 1,Gold 1,0a571775-7508-4aad-845f-1abec833bd15,"22/6/26, 16:34",Competitive,Pearl,Chamber,Win,13,8,21,434,173,15,9,0,6,1.7,2.0,110.6,40.0,57.0,3,2,1
fifi#1211,fifi,1211,2026-06-24T08:45:23,fifi,1211,Gold 1,Gold 1,Gold 1,8dc7f560-355d-4d75-a4c1-af2499745281,"21/6/26, 16:27",Competitive,Fracture,Unknown,Loss,10,13,23,319,155,11,17,16,-6,0.7,-59.0,98.0,43.0,70.0,1,3,0
fifi#1211,fifi,1211,2026-06-24T08:45:23,fifi,1211,Gold 1,Gold 1,Silver 3,6a984bf2-be8b-4cea-b754-d860bc56472b,"21/6/26, 15:39",Competitive,Split,Sage,Loss,9,13,22,651,288,21,20,7,1,1.1,34.0,192.3,54.0,68.0,1,0,2
fifi#1211,fifi,1211,2026-06-24T08:45:23,fifi,1211,Gold 1,Gold 1,Gold 1,210c4755-08d3-46d7-b9d5-862d0f3305bc,"21/6/26, 15:02",Competitive,Ascent,Killjoy,Win,13,6,19,920,280,19,11,3,8,1.7,81.0,198.5,27.0,84.0,0,1,0
fifi#1211,fifi,1211,2026-06-24T08:45:23,fifi,1211,Gold 1,Gold 1,Gold 1,437742e7-b0f3-4faa-918d-613902481100,"21/6/26, 14:23",Competitive,Haven,Unknown,Win,13,8,21,805,289,21,12,11,9,1.8,70.0,194.4,40.0,71.0,3,4,3
fifi#1211,fifi,1211,2026-06-24T08:45:23,fifi,1211,Gold 1,Gold 1,Gold 1,63078528-e747-4522-846a-73cba01562b3,"21/6/26, 13:38",Competitive,Haven,Unknown,Loss,11,13,24,802,360,31,18,2,13,1.7,58.0,206.9,35.0,75.0,6,2,3
try04#2562,try04,2562,2026-06-24T08:48:20,try04,2562,Gold 3,Gold 3,Silver 3,cd38e222-e123-43d6-bae6-2e43931861c2,"23/6/26, 18:47",Competitive,Ascent,Sova,Win,10,5,15,944,281,14,9,6,5,1.6,92.0,203.5,33.0,87.0,0,1,1
try04#2562,try04,2562,2026-06-24T08:48:20,try04,2562,Gold 3,Gold 3,Gold 3,40e9c617-bb71-4c2a-a6b9-e45dfbd13b94,"23/6/26, 18:05",Competitive,Lotus,Phoenix,Loss,12,14,26,527,223,19,20,7,-1,0.9,-28.0,152.1,26.0,73.0,2,2,1
try04#2562,try04,2562,2026-06-24T08:48:20,try04,2562,Gold 3,Gold 3,Silver 3,72bf1882-a17c-4163-a1f1-35320d3ea90f,"23/6/26, 17:31",Competitive,Split,Unknown,Loss,6,13,19,663,307,20,13,7,7,1.5,60.0,202.8,43.0,68.0,3,3,1
try04#2562,try04,2562,2026-06-24T08:48:20,try04,2562,Gold 3,Gold 3,Gold 2,c180c0a8-cc55-4a41-ab83-a3e04729a65e,"23/6/26, 15:41",Competitive,Lotus,Fade,Win,15,13,28,639,230,23,20,4,3,1.1,21.0,158.5,40.0,71.0,2,2,2
try04#2562,try04,2562,2026-06-24T08:48:20,try04,2562,Gold 3,Gold 3,Gold 1,6ed82b05-4e59-48d9-9b29-6b6aa8e48fbc,"23/6/26, 15:07",Competitive,Unknown,Neon,Win,13,6,19,834,243,18,11,14,7,1.6,18.0,142.5,60.0,89.0,2,0,0
try04#2562,try04,2562,2026-06-24T08:48:20,try04,2562,Gold 3,Gold 3,Gold 3,996de0df-bcc6-4120-b690-8e826abbbc09,"23/6/26, 14:14",Competitive,Sunset,Gekko,Win,13,3,16,620,189,12,11,1,1,1.1,-20.0,111.1,28.0,81.0,1,1,0
try04#2562,try04,2562,2026-06-24T08:48:20,try04,2562,Gold 3,Gold 3,Silver 3,89f2882b-267c-48a9-8609-aa619644a07f,"23/6/26, 13:34",Competitive,Sunset,Gekko,Win,13,10,23,696,260,21,18,4,3,1.2,21.0,179.3,37.0,70.0,2,4,2
try04#2562,try04,2562,2026-06-24T08:48:20,try04,2562,Gold 3,Gold 3,Gold 2,3a4589f1-5b03-4345-a145-6844a13b70f5,"23/6/26, 13:01",Competitive,Unknown,Jett,Loss,5,13,18,299,197,11,17,3,-6,0.7,-60.0,117.1,39.0,67.0,3,4,0
try04#2562,try04,2562,2026-06-24T08:48:20,try04,2562,Gold 3,Gold 3,Gold 2,4f07192b-e04a-4815-a4e9-ed491c5a6e70,"22/6/26, 16:49",Competitive,Split,Chamber,Loss,8,13,21,430,202,15,17,3,-2,0.9,-9.0,143.9,26.0,67.0,3,5,1
try04#2562,try04,2562,2026-06-24T08:48:20,try04,2562,Gold 3,Gold 3,Gold 1,00ea40cf-c8bf-4590-9d1e-bb07d9334a02,"22/6/26, 16:06",Competitive,Pearl,Fade,Loss,8,13,21,426,224,16,18,0,-2,0.9,1.0,148.2,35.0,57.0,3,1,0
try04#2562,try04,2562,2026-06-24T08:48:20,try04,2562,Gold 3,Gold 3,Gold 3,8395b488-23d4-491b-ab5d-c97de426d9f5,"22/6/26, 15:26",Competitive,Breeze,Jett,Win,13,9,22,446,189,15,18,4,-3,0.8,-28.0,121.0,34.0,64.0,4,2,3
try04#2562,try04,2562,2026-06-24T08:48:20,try04,2562,Gold 3,Gold 3,Silver 3,6d6e88b4-36c9-4f7d-85d4-24533e6ee803,"22/6/26, 12:47",Competitive,Breeze,Jett,Win,13,8,21,712,240,20,13,3,7,1.5,36.0,150.7,21.0,71.0,6,2,2
try04#2562,try04,2562,2026-06-24T08:48:20,try04,2562,Gold 3,Gold 3,Gold 3,b3379a72-1a67-4339-a77b-96eab522d822,"22/6/26, 12:03",Competitive,Pearl,Sage,Loss,12,14,26,283,149,14,21,7,-7,0.7,-56.0,94.7,17.0,65.0,2,2,0
try04#2562,try04,2562,2026-06-24T08:48:20,try04,2562,Gold 3,Gold 3,Gold 1,782fa363-4cfb-4bef-a4e8-6a26c51de6ec,"22/6/26, 11:23",Competitive,Split,Iso,Win,13,9,22,736,235,19,16,2,3,1.2,-6.0,144.8,29.0,82.0,1,2,0
try04#2562,try04,2562,2026-06-24T08:48:20,try04,2562,Gold 3,Gold 3,Gold 2,f09dcffa-53cc-4b45-8b57-c5da40d97e45,"20/6/26, 14:32",Competitive,Split,Raze,Win,13,10,23,879,285,22,17,6,5,1.3,48.0,197.1,28.0,83.0,1,2,1
try04#2562,try04,2562,2026-06-24T08:48:20,try04,2562,Gold 3,Gold 3,Gold 1,b307e34a-464b-4d8e-a395-bf3a9bb4ddce,"20/6/26, 14:03",Competitive,Fracture,Breach,Loss,3,13,16,187,164,8,16,2,-8,0.5,-70.0,111.2,48.0,62.0,0,0,1
try04#2562,try04,2562,2026-06-24T08:48:20,try04,2562,Gold 3,Gold 3,Gold 3,61f44bb1-528d-45f0-a993-f3ebe3424529,"20/6/26, 13:25",Competitive,Haven,Jett,Loss,6,13,19,100,16,1,13,0,-12,0.1,-107.0,10.5,50.0,47.0,0,1,0
try04#2562,try04,2562,2026-06-24T08:48:20,try04,2562,Gold 3,Gold 3,Gold 3,065f4073-f975-4d68-805c-317724d9cdf9,"20/6/26, 12:35",Competitive,Fracture,Breach,Loss,12,14,26,632,272,25,21,7,4,1.2,33.0,184.0,36.0,65.0,3,1,1
try04#2562,try04,2562,2026-06-24T08:48:20,try04,2562,Gold 3,Gold 3,Gold 2,0c5d9986-0c1b-4840-af01-5f7300b1f63e,"20/6/26, 12:00",Competitive,Lotus,Fade,Loss,10,13,23,134,108,9,19,8,-10,0.5,-94.0,59.8,42.0,52.0,1,1,0
try04#2562,try04,2562,2026-06-24T08:48:20,try04,2562,Gold 3,Gold 3,Gold 3,33e7549a-6b09-4162-8971-857874506675,"18/6/26, 16:53",Competitive,Lotus,Fade,Win,13,11,24,544,193,18,17,6,1,1.1,-4.0,127.7,38.0,71.0,2,1,0
THIAGO ELOYO#213,THIAGO ELOYO,213,2026-06-24T08:54:18,THIAGO ELOYO,213,Gold 1,Gold 1,Gold 1,42916e99-e6e8-4059-8820-89a4d84f90ec,"24/6/26, 1:16",Competitive,Haven,Chamber,Loss,8,13,21,146,135,9,18,5,-9,0.5,-68.0,94.2,10.0,52.0,3,1,1
THIAGO ELOYO#213,THIAGO ELOYO,213,2026-06-24T08:54:18,THIAGO ELOYO,213,Gold 1,Gold 1,Gold 1,396b5c79-5eec-4997-8043-235106e786b3,"24/6/26, 0:46",Competitive,Ascent,Jett,Loss,4,13,17,156,168,9,16,2,-7,0.6,-51.0,103.7,31.0,35.0,1,6,1
THIAGO ELOYO#213,THIAGO ELOYO,213,2026-06-24T08:54:18,THIAGO ELOYO,213,Gold 1,Gold 1,Gold 1,a1b9bba1-cd7e-4c92-939e-e0b2ff1a7ea1,"24/6/26, 0:06",Competitive,Breeze,Jett,Loss,11,13,24,529,186,16,16,3,0,14.0,144.0,16.0,71.0,2.0,4,2,223
THIAGO ELOYO#213,THIAGO ELOYO,213,2026-06-24T08:54:18,THIAGO ELOYO,213,Gold 1,Gold 1,Gold 1,dd9bf445-c44a-47b3-b110-c0aeb39f548d,"23/6/26, 23:19",Competitive,Ascent,Jett,Win,15,13,28,672,258,25,20,5,5,1.2,16.0,163.6,27.0,71.0,1,5,4
THIAGO ELOYO#213,THIAGO ELOYO,213,2026-06-24T08:54:18,THIAGO ELOYO,213,Gold 1,Gold 1,Gold 1,5ecd21a7-b60c-4e63-a4a7-414054b1f84b,"23/6/26, 22:32",Competitive,Unknown,Jett,Win,13,11,24,619,230,19,19,4,0,4.0,147.4,24.0,71.0,6.0,6,2,223
THIAGO ELOYO#213,THIAGO ELOYO,213,2026-06-24T08:54:18,THIAGO ELOYO,213,Gold 1,Gold 1,Silver 3,5ea3d3f7-9ffe-40f5-b826-b040344f6e91,"23/6/26, 21:36",Competitive,Breeze,Jett,Loss,4,13,17,327,237,14,17,1,-3,0.8,-48.0,139.9,25.0,59.0,3,4,0
THIAGO ELOYO#213,THIAGO ELOYO,213,2026-06-24T08:54:18,THIAGO ELOYO,213,Gold 1,Gold 1,Silver 2,404e9e29-aab6-43f8-8527-4964ba81127d,"23/6/26, 21:04",Competitive,Haven,Jett,Loss,3,13,16,100,77,4,14,0,-10,0.3,-97.0,55.6,16.0,31.0,1,3,0
THIAGO ELOYO#213,THIAGO ELOYO,213,2026-06-24T08:54:18,THIAGO ELOYO,213,Gold 1,Gold 1,Gold 1,512820c2-6916-49a3-bb1b-48a193b34599,"23/6/26, 20:14",Competitive,Split,Chamber,Win,17,15,32,559,191,26,22,2,4,1.2,-7.0,123.9,28.0,75.0,2,1,0
THIAGO ELOYO#213,THIAGO ELOYO,213,2026-06-24T08:54:18,THIAGO ELOYO,213,Gold 1,Gold 1,Gold 1,3a2d9e64-6a24-47de-8f2f-092be8b516d4,"23/6/26, 19:13",Competitive,Haven,Jett,Win,13,9,22,454,173,13,16,4,-3,0.8,-27.0,121.8,14.0,68.0,2,1,0
THIAGO ELOYO#213,THIAGO ELOYO,213,2026-06-24T08:54:18,THIAGO ELOYO,213,Gold 1,Gold 1,Gold 1,15e11cab-0631-48a3-bc3a-9933057f6848,"23/6/26, 18:27",Competitive,Haven,Chamber,Loss,12,14,26,861,297,28,19,4,9,1.5,57.0,200.7,31.0,85.0,2,3,2
THIAGO ELOYO#213,THIAGO ELOYO,213,2026-06-24T08:54:18,THIAGO ELOYO,213,Gold 1,Gold 1,Gold 1,ce65ba0c-e4ef-47d9-98c5-320325f7d43b,"23/6/26, 17:46",Competitive,Split,Jett,Loss,11,13,24,168,147,13,21,3,-8,0.6,-74.0,83.9,21.0,33.0,0,9,2
THIAGO ELOYO#213,THIAGO ELOYO,213,2026-06-24T08:54:18,THIAGO ELOYO,213,Gold 1,Gold 1,Silver 3,e3877bee-048e-4360-88c5-75be887e57f3,"23/6/26, 17:06",Competitive,Ascent,Jett,Loss,4,13,17,331,193,10,15,3,-5,0.7,-26.0,136.3,18.0,65.0,1,1,0
THIAGO ELOYO#213,THIAGO ELOYO,213,2026-06-24T08:54:18,THIAGO ELOYO,213,Gold 1,Gold 1,Gold 1,92f27658-a470-425d-8dfb-552d1f7294f6,"23/6/26, 16:27",Competitive,Ascent,Jett,Loss,11,13,24,452,168,15,17,4,-2,0.9,-26.0,111.8,19.0,75.0,2,3,1
THIAGO ELOYO#213,THIAGO ELOYO,213,2026-06-24T08:54:18,THIAGO ELOYO,213,Gold 1,Gold 1,Gold 1,64e53cf1-8ca5-465e-92fd-e407881da2d1,"23/6/26, 15:58",Competitive,Lotus,Jett,Win,13,4,17,494,172,10,10,3,0,1.0,9.0,107.3,19.0,65.0,1,1,1
THIAGO ELOYO#213,THIAGO ELOYO,213,2026-06-24T08:54:18,THIAGO ELOYO,213,Gold 1,Gold 1,Gold 1,e4bfa87c-cd4e-4074-b931-d3ee4710d25a,"22/6/26, 23:31",Competitive,Split,Jett,Win,13,7,20,929,396,29,14,3,15,2.1,78.0,224.9,23.0,80.0,6,4,5
THIAGO ELOYO#213,THIAGO ELOYO,213,2026-06-24T08:54:18,THIAGO ELOYO,213,Gold 1,Gold 1,Gold 1,1cef0225-daea-422c-b980-6dc0dd3d8c0f,"22/6/26, 22:49",Competitive,Fracture,Jett,Loss,10,13,23,289,170,14,20,1,-6,0.7,-31.0,129.9,30.0,57.0,2,1,1
THIAGO ELOYO#213,THIAGO ELOYO,213,2026-06-24T08:54:18,THIAGO ELOYO,213,Gold 1,Gold 1,Gold 1,beace0f2-5cb1-446d-ad61-92e355a64fa3,"22/6/26, 22:15",Competitive,Lotus,Jett,Loss,6,13,19,305,179,10,16,1,-6,0.6,-31.0,123.6,23.0,63.0,3,2,0
THIAGO ELOYO#213,THIAGO ELOYO,213,2026-06-24T08:54:18,THIAGO ELOYO,213,Gold 1,Gold 1,Silver 2,34771c20-e06e-40b4-a3e6-1e429acd5d29,"22/6/26, 18:28",Competitive,Ascent,Jett,Win,15,13,28,686,297,30,22,3,8,1.4,4.0,180.3,25.0,71.0,6,7,6
THIAGO ELOYO#213,THIAGO ELOYO,213,2026-06-24T08:54:18,THIAGO ELOYO,213,Gold 1,Gold 1,Silver 2,7fbadd72-8ab4-4654-acab-a55c386090f0,"22/6/26, 17:31",Competitive,Fracture,Jett,Draw,15,15,30,790,265,26,22,6,4,1.2,29.0,178.4,26.0,80.0,3,0,3
THIAGO ELOYO#213,THIAGO ELOYO,213,2026-06-24T08:54:18,THIAGO ELOYO,213,Gold 1,Gold 1,Gold 1,c5500fee-4208-4216-a99c-8b3f3cbdd699,"22/6/26, 16:56",Competitive,Lotus,Jett,Loss,6,13,19,212,187,12,17,2,-5,0.7,-50.0,116.4,21.0,42.0,1,2,1
Paco Amoroso#ckL,Paco Amoroso,ckL,2026-06-24T08:57:14,Paco Amoroso,ckL,Platinum 1,Platinum 1,Gold 2,d04897e9-17bf-4ced-a197-e6348a6111ef,"20/6/26, 23:40",Competitive,Fracture,Unknown,Loss,9,13,22,493,220,18,18,4,0,12.0,156.8,22.0,64.0,1.0,1,1,631
Paco Amoroso#ckL,Paco Amoroso,ckL,2026-06-24T08:57:14,Paco Amoroso,ckL,Platinum 1,Platinum 1,Silver 3,ed20fa21-9e0b-4c8e-9368-f2281f36ddc9,"20/6/26, 22:53",Competitive,Pearl,Sage,Loss,9,13,22,170,122,9,15,3,-6,0.6,-54.0,79.2,16.0,55.0,2,0,0
Paco Amoroso#ckL,Paco Amoroso,ckL,2026-06-24T08:57:14,Paco Amoroso,ckL,Platinum 1,Platinum 1,Silver 2,0ef8630d-7585-4aaa-88a8-803132c53e6d,"20/6/26, 22:11",Competitive,Breeze,Clove,Win,13,7,20,996,345,27,11,3,16,2.5,110.0,224.1,27.0,90.0,0,1,4
Paco Amoroso#ckL,Paco Amoroso,ckL,2026-06-24T08:57:14,Paco Amoroso,ckL,Platinum 1,Platinum 1,Silver 2,91dac4c4-b011-4123-b24f-d19b84988aab,"20/6/26, 16:35",Competitive,Haven,Clove,Loss,7,13,20,632,275,17,20,8,-3,0.8,6.0,184.4,11.0,75.0,1,0,0
Paco Amoroso#ckL,Paco Amoroso,ckL,2026-06-24T08:57:14,Paco Amoroso,ckL,Platinum 1,Platinum 1,Gold 3,a0733f2d-c83a-4606-b6ad-168c9964ebe3,"20/6/26, 15:51",Competitive,Haven,Clove,Loss,11,13,24,611,217,16,24,11,-8,0.7,-9.0,153.7,18.0,79.0,1,2,0
Paco Amoroso#ckL,Paco Amoroso,ckL,2026-06-24T08:57:14,Paco Amoroso,ckL,Platinum 1,Platinum 1,Silver 1,fca2e8f6-d15d-4e5e-9271-20a4018c96e4,"20/6/26, 15:13",Competitive,Fracture,Clove,Win,13,7,20,795,199,15,8,4,7,1.9,58.0,128.9,29.0,85.0,2,1,0
Paco Amoroso#ckL,Paco Amoroso,ckL,2026-06-24T08:57:14,Paco Amoroso,ckL,Platinum 1,Platinum 1,Silver 2,2c492b07-973e-4772-9314-602a68465a33,"20/6/26, 14:18",Competitive,Lotus,Unknown,Loss,12,14,26,512,252,20,23,3,-3,0.9,21.0,168.3,15.0,50.0,3,2,4
Paco Amoroso#ckL,Paco Amoroso,ckL,2026-06-24T08:57:14,Paco Amoroso,ckL,Platinum 1,Platinum 1,Gold 2,3d64aade-4c4e-4bc5-9e2f-6161b3a47f66,"20/6/26, 13:40",Competitive,Pearl,Sage,Win,13,1,14,706,187,12,7,5,5,1.7,8.0,119.9,13.0,86.0,1,1,0
Paco Amoroso#ckL,Paco Amoroso,ckL,2026-06-24T08:57:14,Paco Amoroso,ckL,Platinum 1,Platinum 1,Gold 1,c53cb2fb-3915-44cc-97a8-c88eb5389e01,"20/6/26, 0:24",Competitive,Fracture,Unknown,Draw,15,15,30,701,212,22,19,8,3,1.2,23.0,140.1,13.0,80.0,0,5,1
Paco Amoroso#ckL,Paco Amoroso,ckL,2026-06-24T08:57:14,Paco Amoroso,ckL,Platinum 1,Platinum 1,Gold 1,5f95587d-990d-461a-9b90-98dd542d6f23,"19/6/26, 16:59",Competitive,Pearl,Sage,Loss,9,13,22,454,211,15,17,8,-2,0.9,-43.0,117.0,11.0,73.0,1,0,1
Paco Amoroso#ckL,Paco Amoroso,ckL,2026-06-24T08:57:14,Paco Amoroso,ckL,Platinum 1,Platinum 1,Silver 2,11821d55-6891-4f7a-8235-5e0eff7a0706,"19/6/26, 16:17",Competitive,Haven,Sage,Win,13,8,21,449,184,13,15,11,-2,0.9,-60.0,110.7,6.0,71.0,4,3,1
Paco Amoroso#ckL,Paco Amoroso,ckL,2026-06-24T08:57:14,Paco Amoroso,ckL,Platinum 1,Platinum 1,Silver 2,d9db1509-6695-42a8-b8e1-eefb0954e003,"19/6/26, 13:46",Competitive,Fracture,Unknown,Win,13,4,17,940,320,19,9,5,10,2.1,112.0,213.1,17.0,82.0,1,0,2
Paco Amoroso#ckL,Paco Amoroso,ckL,2026-06-24T08:57:14,Paco Amoroso,ckL,Platinum 1,Platinum 1,Silver 3,12e94a5d-d973-448d-876f-f7de06e4e3f7,"19/6/26, 1:41",Competitive,Lotus,Clove,Loss,8,13,21,740,298,22,16,10,6,1.4,44.0,205.1,16.0,76.0,2,1,2
Paco Amoroso#ckL,Paco Amoroso,ckL,2026-06-24T08:57:14,Paco Amoroso,ckL,Platinum 1,Platinum 1,Gold 2,79068f56-5d52-4b05-b021-fef04107e16a,"19/6/26, 1:09",Competitive,Haven,Sage,Loss,4,13,17,320,180,9,13,4,-4,0.7,-20.0,114.7,11.0,65.0,0,1,1
Paco Amoroso#ckL,Paco Amoroso,ckL,2026-06-24T08:57:14,Paco Amoroso,ckL,Platinum 1,Platinum 1,Silver 3,931663b1-09b0-4045-b433-41f16338f55e,"18/6/26, 22:30",Competitive,Lotus,Clove,Loss,4,13,17,100,71,4,16,0,-12,0.2,-93.0,46.6,13.0,41.0,1,3,0
Paco Amoroso#ckL,Paco Amoroso,ckL,2026-06-24T08:57:14,Paco Amoroso,ckL,Platinum 1,Platinum 1,Gold 2,1175ae26-7f74-4f4d-a59e-d4bbd254499d,"18/6/26, 3:06",Competitive,Breeze,Sage,Win,13,9,22,381,106,7,15,6,-8,0.5,-51.0,66.2,6.0,73.0,1,1,1
Paco Amoroso#ckL,Paco Amoroso,ckL,2026-06-24T08:57:14,Paco Amoroso,ckL,Platinum 1,Platinum 1,Gold 2,aff6e723-1905-4726-89b6-568d2415bb7e,"18/6/26, 2:29",Competitive,Ascent,Tejo,Win,13,6,19,841,252,18,10,3,8,1.8,65.0,182.4,13.0,79.0,1,2,2
Paco Amoroso#ckL,Paco Amoroso,ckL,2026-06-24T08:57:14,Paco Amoroso,ckL,Platinum 1,Platinum 1,Silver 1,0604ab3c-9f91-4a6c-9d65-72cdc15502f9,"18/6/26, 1:46",Competitive,Ascent,Tejo,Loss,9,13,22,467,211,15,17,4,-2,0.9,6.0,146.9,11.0,64.0,1,2,1
Paco Amoroso#ckL,Paco Amoroso,ckL,2026-06-24T08:57:14,Paco Amoroso,ckL,Platinum 1,Platinum 1,Silver 2,1a149a96-7a9f-4b86-b91e-5523f697d607,"17/6/26, 21:58",Competitive,Lotus,Clove,Win,13,6,19,555,198,14,13,5,1,1.1,21.0,137.1,23.0,63.0,1,2,1
Paco Amoroso#ckL,Paco Amoroso,ckL,2026-06-24T08:57:14,Paco Amoroso,ckL,Platinum 1,Platinum 1,Silver 2,f1feb156-8c8e-452d-a6e6-125efbbfa316,"17/6/26, 21:26",Competitive,Fracture,Reyna,Loss,5,13,18,365,209,11,16,6,-5,0.7,-13.0,152.2,16.0,61.0,1,1,0
FAST LIFE 999#8513,FAST LIFE 999,8513,2026-06-24T11:00:01,FAST LIFE 999,8513,Gold 2,Gold 2,Silver 2,1e4b8348-4220-470d-8ed1-c850fd6ecd16,"23/6/26, 23:40",Competitive,Split,Unknown,Loss,8,13,21,160,138,7,19,16,-12,0.4,-75.0,82.2,6.0,57.0,0,1,0
FAST LIFE 999#8513,FAST LIFE 999,8513,2026-06-24T11:00:01,FAST LIFE 999,8513,Gold 2,Gold 2,Silver 2,b45e0844-f819-4ad7-8284-ba745a8445ad,"23/6/26, 22:53",Competitive,Ascent,KAY/O,Loss,10,13,23,310,178,12,18,11,-6,0.7,-60.0,113.8,23.0,65.0,0,2,0
FAST LIFE 999#8513,FAST LIFE 999,8513,2026-06-24T11:00:01,FAST LIFE 999,8513,Gold 2,Gold 2,Silver 2,71f56993-3203-455d-ad2c-2da466a14270,"23/6/26, 22:25",Competitive,Breeze,Unknown,Win,13,3,16,399,24,7,12,17,3,171.0,278.2,30.0,94.0,0.0,0,3,237
FAST LIFE 999#8513,FAST LIFE 999,8513,2026-06-24T11:00:01,FAST LIFE 999,8513,Gold 2,Gold 2,Silver 2,f13cd487-ae17-43b7-ae01-6f3ed420032d,"23/6/26, 21:48",Competitive,Lotus,Unknown,Win,13,9,22,793,205,15,13,16,2,1.1,28.0,137.1,29.0,91.0,2,0,0
FAST LIFE 999#8513,FAST LIFE 999,8513,2026-06-24T11:00:01,FAST LIFE 999,8513,Gold 2,Gold 2,Gold 2,b1bafcf7-7c6e-46bb-ab7f-956549e52365,"23/6/26, 20:49",Competitive,Breeze,Unknown,Win,13,7,20,497,162,11,16,11,-5,0.7,-64.0,92.0,19.0,80.0,2,2,0
FAST LIFE 999#8513,FAST LIFE 999,8513,2026-06-24T11:00:01,FAST LIFE 999,8513,Gold 2,Gold 2,Gold 2,0f2dc41a-fecd-4ffd-970d-b6e5418c580a,"23/6/26, 19:28",Competitive,Split,Cypher,Win,13,7,20,496,97,6,14,10,-8,0.4,-58.0,75.0,13.0,90.0,1,3,0
FAST LIFE 999#8513,FAST LIFE 999,8513,2026-06-24T11:00:01,FAST LIFE 999,8513,Gold 2,Gold 2,Gold 2,24b8968a-8422-43bc-8cee-4a193aba5cd9,"23/6/26, 18:28",Competitive,Lotus,Reyna,Win,13,9,22,705,238,16,17,11,-1,0.9,19.0,170.2,18.0,73.0,1,3,2
FAST LIFE 999#8513,FAST LIFE 999,8513,2026-06-24T11:00:01,FAST LIFE 999,8513,Gold 2,Gold 2,Bronze 3,dfceb7ad-db28-40aa-a830-be85e83fca67,"23/6/26, 17:16",Competitive,Ascent,KAY/O,Loss,9,13,22,554,217,14,19,12,-5,0.7,-18.0,155.2,16.0,77.0,1,2,1
FAST LIFE 999#8513,FAST LIFE 999,8513,2026-06-24T11:00:01,FAST LIFE 999,8513,Gold 2,Gold 2,Silver 3,3d1d179e-ed3c-41e8-ae16-9a4945155e89,"23/6/26, 16:31",Competitive,Unknown,KAY/O,Win,14,12,26,552,174,15,17,17,-2,0.9,-25.0,116.2,10.0,81.0,1,2,1
FAST LIFE 999#8513,FAST LIFE 999,8513,2026-06-24T11:00:01,FAST LIFE 999,8513,Gold 2,Gold 2,Gold 1,a84277f2-4ebc-437b-af28-47498a3e1673,"23/6/26, 15:58",Competitive,Haven,Unknown,Loss,7,13,20,635,260,18,15,6,3,1.2,-12.0,158.6,11.0,80.0,2,1,2
FAST LIFE 999#8513,FAST LIFE 999,8513,2026-06-24T11:00:01,FAST LIFE 999,8513,Gold 2,Gold 2,Gold 1,90271014-98c2-418a-82c7-0b7f2d95db0c,"23/6/26, 0:56",Competitive,Pearl,Sage,Draw,14,14,28,503,165,13,22,16,-9,0.6,-47.0,101.5,8.0,82.0,2,1,1
FAST LIFE 999#8513,FAST LIFE 999,8513,2026-06-24T11:00:01,FAST LIFE 999,8513,Gold 2,Gold 2,Gold 2,68a1eecb-2399-497e-b118-80e8576a09b8,"23/6/26, 0:07",Competitive,Breeze,KAY/O,Win,13,10,23,511,167,14,19,10,-5,0.7,-69.0,106.0,13.0,83.0,0,1,0
FAST LIFE 999#8513,FAST LIFE 999,8513,2026-06-24T11:00:01,FAST LIFE 999,8513,Gold 2,Gold 2,Gold 2,d8833507-6964-48ef-a102-e06264edb03e,"22/6/26, 23:05",Competitive,Ascent,Unknown,Loss,13,15,28,521,148,15,18,14,-3,0.8,-8.0,110.1,16.0,79.0,2,3,0
FAST LIFE 999#8513,FAST LIFE 999,8513,2026-06-24T11:00:01,FAST LIFE 999,8513,Gold 2,Gold 2,Silver 2,fbe05cd5-7e96-497a-b32e-f300d7da3809,"22/6/26, 19:50",Competitive,Lotus,Unknown,Loss,6,13,19,540,218,14,19,9,-5,0.7,-38.0,124.8,26.0,84.0,1,1,0
FAST LIFE 999#8513,FAST LIFE 999,8513,2026-06-24T11:00:01,FAST LIFE 999,8513,Gold 2,Gold 2,Gold 2,a5d864b5-3049-4f89-885e-7a331303fc75,"22/6/26, 19:06",Competitive,Fracture,Brimstone,Win,13,8,21,525,177,12,14,15,-2,0.9,-9.0,104.6,16.0,71.0,0,3,0
FAST LIFE 999#8513,FAST LIFE 999,8513,2026-06-24T11:00:01,FAST LIFE 999,8513,Gold 2,Gold 2,Gold 2,a8fe7ac8-476b-43ed-87e9-ef3ab5cb959e,"22/6/26, 17:33",Competitive,Ascent,KAY/O,Loss,11,13,24,661,247,20,20,17,0,-25.0,144.6,11.0,83.0,2.0,0,2,138
FAST LIFE 999#8513,FAST LIFE 999,8513,2026-06-24T11:00:01,FAST LIFE 999,8513,Gold 2,Gold 2,Gold 2,280eb43f-f92b-4a86-aa61-b8cbcb9d913b,"22/6/26, 16:44",Competitive,Haven,Unknown,Win,14,12,26,862,322,27,22,23,5,1.2,22.0,183.0,16.0,85.0,4,0,2
FAST LIFE 999#8513,FAST LIFE 999,8513,2026-06-24T11:00:01,FAST LIFE 999,8513,Gold 2,Gold 2,Bronze 3,ed525992-b3f2-402d-9ec7-79767d644424,"21/6/26, 20:58",Competitive,Fracture,Brimstone,Loss,12,14,26,409,214,19,24,4,-5,0.8,-30.0,126.6,14.0,62.0,1,2,2
FAST LIFE 999#8513,FAST LIFE 999,8513,2026-06-24T11:00:01,FAST LIFE 999,8513,Gold 2,Gold 2,Gold 1,d731f1c9-8496-414e-bbb8-2dc6b557b817,"21/6/26, 20:11",Competitive,Pearl,KAY/O,Loss,6,13,19,491,189,13,16,13,-3,0.8,-56.0,118.4,23.0,89.0,2,2,0
FAST LIFE 999#8513,FAST LIFE 999,8513,2026-06-24T11:00:01,FAST LIFE 999,8513,Gold 2,Gold 2,Gold 1,9087d89f-b3c2-4add-8379-12768c32d955,"21/6/26, 15:29",Competitive,Split,Unknown,Win,13,7,20,738,273,20,13,10,7,1.5,34.0,162.8,30.0,70.0,2,0,1
TheIISS#Panda,TheIISS,Panda,2026-06-24T11:07:07,TheIISS,Panda,Platinum 1,Platinum 1,Silver 1,25c9654e-e625-4991-9966-83b71a4d94da,"22/6/26, 20:04",Competitive,Pearl,Astra,Loss,9,13,22,672,231,16,15,11,1,1.1,9.0,148.1,19.0,82.0,0,1,1
TheIISS#Panda,TheIISS,Panda,2026-06-24T11:07:07,TheIISS,Panda,Platinum 1,Platinum 1,Gold 1,2fbe8bb2-1c2e-421f-ab34-4a85bbd64a3c,"22/6/26, 19:29",Competitive,Fracture,Chamber,Win,13,6,19,782,264,17,12,3,5,1.4,44.0,182.7,17.0,74.0,4,4,1
TheIISS#Panda,TheIISS,Panda,2026-06-24T11:07:07,TheIISS,Panda,Platinum 1,Platinum 1,Gold 1,e844c456-afee-4b21-87b3-3af7d8e51358,"20/6/26, 16:56",Competitive,Breeze,Jett,Loss,9,13,22,228,171,12,19,3,-7,0.6,-47.0,111.2,12.0,50.0,1,9,0
TheIISS#Panda,TheIISS,Panda,2026-06-24T11:07:07,TheIISS,Panda,Platinum 1,Platinum 1,Bronze 2,fce70de1-3ece-4d73-8d9d-88e5b6624848,"20/6/26, 16:19",Competitive,Pearl,Yoru,Loss,7,13,20,514,280,17,19,6,-2,0.9,20.0,190.8,18.0,55.0,4,7,2
TheIISS#Panda,TheIISS,Panda,2026-06-24T11:07:07,TheIISS,Panda,Platinum 1,Platinum 1,Silver 3,0e9ee91c-84fa-4a60-af1c-dda9a0d78c32,"17/6/26, 17:19",Competitive,Haven,Raze,Loss,7,13,20,379,225,16,17,2,-1,0.9,-44.0,127.8,13.0,65.0,3,3,3
TheIISS#Panda,TheIISS,Panda,2026-06-24T11:07:07,TheIISS,Panda,Platinum 1,Platinum 1,Platinum 1,9a8cfaed-25a3-4f3c-8739-0b1ad7308757,"17/6/26, 12:26",Competitive,Ascent,Phoenix,Win,13,11,24,758,331,25,20,9,5,1.2,27.0,207.5,15.0,71.0,7,5,1
TheIISS#Panda,TheIISS,Panda,2026-06-24T11:07:07,TheIISS,Panda,Platinum 1,Platinum 1,Gold 1,6c79ed81-1f82-4e8f-bbe9-d26fd43d32e8,"17/6/26, 11:49",Competitive,Breeze,Reyna,Loss,8,13,21,504,259,19,21,1,-2,0.9,-38.0,149.1,15.0,71.0,4,3,1
TheIISS#Panda,TheIISS,Panda,2026-06-24T11:07:07,TheIISS,Panda,Platinum 1,Platinum 1,Silver 3,90974a02-a585-4fc2-b86b-f2ca09776c86,"16/6/26, 19:20",Competitive,Haven,Fade,Loss,10,13,23,709,238,18,20,6,-2,0.9,-3.0,148.3,30.0,87.0,5,1,0
TheIISS#Panda,TheIISS,Panda,2026-06-24T11:07:07,TheIISS,Panda,Platinum 1,Platinum 1,Platinum 1,ebd1ff36-5d41-43f9-acf7-73522a87f2d4,"14/6/26, 0:23",Competitive,Haven,Reyna,Loss,9,13,22,588,257,19,18,6,1,1.1,36.0,173.7,23.0,64.0,4,3,3
TheIISS#Panda,TheIISS,Panda,2026-06-24T11:07:07,TheIISS,Panda,Platinum 1,Platinum 1,Platinum 1,e418ba2b-2221-4098-b364-7226712bf4c1,"13/6/26, 23:43",Competitive,Lotus,Killjoy,Win,13,8,21,531,166,12,16,8,-4,0.8,-48.0,110.4,11.0,81.0,3,2,0
TheIISS#Panda,TheIISS,Panda,2026-06-24T11:07:07,TheIISS,Panda,Platinum 1,Platinum 1,Gold 1,9be960a9-5986-416e-a29e-dd5594cc97bc,"13/6/26, 17:13",Competitive,Breeze,Jett,Draw,14,14,28,753,284,27,21,5,6,1.3,27.0,166.9,14.0,75.0,10,8,2
TheIISS#Panda,TheIISS,Panda,2026-06-24T11:07:07,TheIISS,Panda,Platinum 1,Platinum 1,Silver 3,b08697c4-8672-48ae-9de9-8a39697e7e2d,"13/6/26, 16:33",Competitive,Lotus,Sage,Win,13,8,21,415,182,14,17,6,-3,0.8,-51.0,108.7,14.0,67.0,0,5,1
TheIISS#Panda,TheIISS,Panda,2026-06-24T11:07:07,TheIISS,Panda,Platinum 1,Platinum 1,Gold 3,5ec8b0be-db96-4005-a977-193304b10603,"13/6/26, 16:04",Competitive,Fracture,Jett,Win,13,6,19,763,289,22,14,2,8,1.6,15.0,179.3,21.0,74.0,1,4,4
TheIISS#Panda,TheIISS,Panda,2026-06-24T11:07:07,TheIISS,Panda,Platinum 1,Platinum 1,Platinum 1,5c7f22aa-3363-4828-891a-144480906012,"13/6/26, 15:32",Competitive,Ascent,Omen,Win,13,4,17,602,185,9,15,9,-6,0.6,-31.0,118.6,21.0,82.0,2,3,0
TheIISS#Panda,TheIISS,Panda,2026-06-24T11:07:07,TheIISS,Panda,Platinum 1,Platinum 1,Silver 2,af0215c1-8ddd-4bde-8171-d91d7b97b92a,"13/6/26, 14:57",Competitive,Split,Breach,Loss,9,13,22,819,313,23,18,10,5,1.3,49.0,184.2,11.0,82.0,5,2,1
TheIISS#Panda,TheIISS,Panda,2026-06-24T11:07:07,TheIISS,Panda,Platinum 1,Platinum 1,Gold 3,60deda1a-f17c-4ffd-8739-df86e1e05ade,"13/6/26, 1:06",Competitive,Fracture,Neon,Loss,6,13,19,640,275,18,18,2,0,-7.0,168.2,14.0,79.0,3.0,4,0,244
TheIISS#Panda,TheIISS,Panda,2026-06-24T11:07:07,TheIISS,Panda,Platinum 1,Platinum 1,Gold 3,0a1f4c8b-b091-4ad0-a218-69296fd68f31,"13/6/26, 0:34",Competitive,Breeze,Sova,Loss,4,13,17,242,174,10,15,3,-5,0.7,-59.0,105.7,19.0,65.0,2,1,0
TheIISS#Panda,TheIISS,Panda,2026-06-24T11:07:07,TheIISS,Panda,Platinum 1,Platinum 1,Gold 1,929c4961-c309-4f4f-bad2-64589ddba025,"10/6/26, 14:45",Competitive,Haven,Omen,Win,13,4,17,916,286,17,11,6,6,1.6,36.0,168.5,27.0,94.0,3,2,1
TheIISS#Panda,TheIISS,Panda,2026-06-24T11:07:07,TheIISS,Panda,Platinum 1,Platinum 1,Gold 2,9fb332d3-b2c1-4def-8153-39348bceaaca,"10/6/26, 14:01",Competitive,Breeze,Astra,Loss,11,13,24,674,251,21,19,6,2,1.1,41.0,169.1,21.0,71.0,1,3,2
TheIISS#Panda,TheIISS,Panda,2026-06-24T11:07:07,TheIISS,Panda,Platinum 1,Platinum 1,Silver 3,87dda59f-62f9-4082-ade2-68d06ab11d03,"10/6/26, 12:51",Competitive,Haven,Iso,Win,13,3,16,989,407,22,14,4,8,1.6,74.0,250.6,24.0,94.0,10,3,1
Sneaby#777,Sneaby,777,2026-06-24T11:14:15,Sneaby,777,Platinum 1,Platinum 1,Gold 2,bd5e9bc0-9728-4419-8932-ce20323c9d87,"20/6/26, 17:43",Competitive,Split,Breach,Loss,12,14,26,353,187,17,21,6,-4,0.8,-48.0,105.0,15.0,65.0,3,3,2
Sneaby#777,Sneaby,777,2026-06-24T11:14:15,Sneaby,777,Platinum 1,Platinum 1,Silver 1,75683fa2-a8f1-43be-835a-e51ee1b08049,"20/6/26, 16:59",Competitive,Ascent,Sova,Loss,11,13,24,656,209,16,18,11,-2,0.9,2.0,141.9,11.0,83.0,0,3,1
Sneaby#777,Sneaby,777,2026-06-24T11:14:15,Sneaby,777,Platinum 1,Platinum 1,Silver 2,1c550c32-3441-4499-a6f2-eb8b16947c8e,"19/6/26, 20:16",Competitive,Split,Sage,Win,13,11,24,217,93,8,16,8,-8,0.5,-64.0,60.4,17.0,58.0,3,2,0
Sneaby#777,Sneaby,777,2026-06-24T11:14:15,Sneaby,777,Platinum 1,Platinum 1,Silver 2,ae637b93-1209-4d15-8b81-b70601a829b3,"18/6/26, 21:29",Competitive,Pearl,Sage,Loss,6,13,19,134,107,7,15,4,-8,0.5,-61.0,80.5,16.0,58.0,1,0,0
Sneaby#777,Sneaby,777,2026-06-24T11:14:15,Sneaby,777,Platinum 1,Platinum 1,Silver 2,aa6cdaa6-c2f8-4095-bca6-9b0d06b61fd1,"16/6/26, 18:20",Competitive,Lotus,Omen,Loss,8,13,21,410,199,13,19,11,-6,0.7,-39.0,129.8,10.0,71.0,4,1,0
Sneaby#777,Sneaby,777,2026-06-24T11:14:15,Sneaby,777,Platinum 1,Platinum 1,Bronze 3,3d92fb6f-7b8e-42f2-a244-ca171e05b0d3,"15/6/26, 18:01",Competitive,Ascent,Sage,Win,14,12,26,798,226,19,15,12,4,1.3,48.0,157.4,16.0,85.0,5,1,1
Sneaby#777,Sneaby,777,2026-06-24T11:14:15,Sneaby,777,Platinum 1,Platinum 1,Silver 2,fc228f67-2253-4a9f-b4db-88bbdbdfba6f,"15/6/26, 17:07",Competitive,Lotus,Sage,Loss,12,14,26,221,148,14,21,7,-7,0.7,-58.0,85.7,20.0,54.0,2,3,2
Sneaby#777,Sneaby,777,2026-06-24T11:14:15,Sneaby,777,Platinum 1,Platinum 1,Platinum 1,5fd2ae0c-3838-4a0f-93bc-12bd287053a5,"15/6/26, 1:05",Competitive,Fracture,Sage,Loss,7,13,20,651,264,16,16,4,0,21.0,173.8,15.0,75.0,1.0,0,1,157
Sneaby#777,Sneaby,777,2026-06-24T11:14:15,Sneaby,777,Platinum 1,Platinum 1,Gold 3,2af2b49b-4843-43d2-81a7-63e5e973f42a,"15/6/26, 0:21",Competitive,Split,Yoru,Win,13,10,23,348,146,9,20,3,-11,0.5,-41.0,104.7,10.0,65.0,1,5,0
Sneaby#777,Sneaby,777,2026-06-24T11:14:15,Sneaby,777,Platinum 1,Platinum 1,Bronze 3,cca858bd-ae56-460d-b105-813b1d16d175,"14/6/26, 22:07",Competitive,Breeze,Sage,Win,13,6,19,817,214,16,8,11,8,2.0,58.0,138.0,16.0,84.0,1,0,2
Sneaby#777,Sneaby,777,2026-06-24T11:14:15,Sneaby,777,Platinum 1,Platinum 1,Silver 2,be9d53ac-15fb-41d3-b9e2-37b341856709,"14/6/26, 21:06",Competitive,Pearl,Sage,Win,13,11,24,621,188,15,18,10,-3,0.8,-16.0,127.1,19.0,83.0,2,1,0
Sneaby#777,Sneaby,777,2026-06-24T11:14:15,Sneaby,777,Platinum 1,Platinum 1,Gold 2,ad727f3a-e937-410f-be57-a3be6bc46b71,"14/6/26, 17:46",Competitive,Split,Sage,Loss,8,13,21,310,166,13,15,6,-2,0.9,-39.0,93.8,14.0,67.0,1,2,1
Sneaby#777,Sneaby,777,2026-06-24T11:14:15,Sneaby,777,Platinum 1,Platinum 1,Platinum 1,fa94188c-2786-4350-b2f5-dc07f24d4c8f,"13/6/26, 18:33",Competitive,Pearl,Brimstone,Win,14,12,26,571,185,17,16,14,1,1.1,-27.0,108.6,12.0,81.0,1,3,0
Sneaby#777,Sneaby,777,2026-06-24T11:14:15,Sneaby,777,Platinum 1,Platinum 1,Gold 3,a03300e5-958e-491f-84e9-b060513fc30a,"12/6/26, 23:53",Competitive,Fracture,Sage,Win,13,4,17,649,157,11,4,7,7,2.8,18.0,84.2,22.0,82.0,1,0,0
Sneaby#777,Sneaby,777,2026-06-24T11:14:15,Sneaby,777,Platinum 1,Platinum 1,Platinum 1,5f05b0c0-4341-43bd-bc58-20cd049798c3,"12/6/26, 23:26",Competitive,Split,Phoenix,Loss,3,13,16,251,146,5,15,6,-10,0.3,-48.0,106.9,8.0,69.0,2,4,0
Sneaby#777,Sneaby,777,2026-06-24T11:14:15,Sneaby,777,Platinum 1,Platinum 1,Platinum 1,22d5ec42-c57f-4e4c-a81b-88fbc12830cc,"12/6/26, 22:50",Competitive,Breeze,Sova,Win,13,7,20,298,124,9,16,8,-7,0.6,-72.0,67.4,0.0,65.0,1,4,0
Sneaby#777,Sneaby,777,2026-06-24T11:14:15,Sneaby,777,Platinum 1,Platinum 1,Silver 1,d444a8b5-4b25-43b3-a92e-3e12355606e5,"12/6/26, 22:09",Competitive,Ascent,Sage,Loss,10,13,23,190,113,9,17,10,-8,0.5,-67.0,73.8,13.0,61.0,0,2,0
Sneaby#777,Sneaby,777,2026-06-24T11:14:15,Sneaby,777,Platinum 1,Platinum 1,Silver 2,d92155ed-0e93-4166-a187-1a7c2cf86af8,"12/6/26, 20:53",Competitive,Pearl,Sova,Win,13,10,23,831,238,16,15,12,1,1.1,57.0,169.9,15.0,83.0,1,1,1
Sneaby#777,Sneaby,777,2026-06-24T11:14:15,Sneaby,777,Platinum 1,Platinum 1,Platinum 1,0b270c48-9a92-44b5-ba6b-d0a225a662ef,"12/6/26, 20:15",Competitive,Split,Sage,Win,13,5,18,323,93,3,12,14,-9,0.2,-44.0,63.3,14.0,67.0,1,1,0
Sneaby#777,Sneaby,777,2026-06-24T11:14:15,Sneaby,777,Platinum 1,Platinum 1,Gold 2,eef83536-1917-44b7-95d0-75abfbf9b8c8,"12/6/26, 19:39",Competitive,Ascent,Sage,Loss,7,13,20,329,220,16,14,7,2,1.1,-35.0,115.7,14.0,55.0,3,2,2
lumtmaj#2510,lumtmaj,2510,2026-06-24T11:17:29,lumtmaj,2510,Platinum 1,Platinum 1,Bronze 3,bbe8863e-ee04-47cd-b045-4368278768a1,"20/6/26, 19:12",Competitive,Fracture,Killjoy,Draw,14,14,28,755,243,24,19,4,5,1.3,34.0,166.1,33.0,79.0,2,2,2
lumtmaj#2510,lumtmaj,2510,2026-06-24T11:17:29,lumtmaj,2510,Platinum 1,Platinum 1,Gold 2,91132358-8524-4e9f-8edc-85efcbcc3d2d,"20/6/26, 18:29",Competitive,Split,Jett,Loss,9,13,22,556,232,17,20,4,-3,0.8,-30.0,138.9,31.0,77.0,4,6,1
lumtmaj#2510,lumtmaj,2510,2026-06-24T11:17:29,lumtmaj,2510,Platinum 1,Platinum 1,Bronze 2,877f0b64-22fc-4972-9fa7-29c7076d5003,"20/6/26, 17:46",Competitive,Breeze,Jett,Loss,8,13,21,648,275,23,16,2,7,1.4,28.0,180.5,36.0,71.0,4,5,3
lumtmaj#2510,lumtmaj,2510,2026-06-24T11:17:29,lumtmaj,2510,Platinum 1,Platinum 1,Silver 1,75683fa2-a8f1-43be-835a-e51ee1b08049,"20/6/26, 16:59",Competitive,Ascent,Phoenix,Loss,11,13,24,417,168,13,20,4,-7,0.7,-25.0,119.8,33.0,71.0,0,6,0
lumtmaj#2510,lumtmaj,2510,2026-06-24T11:17:29,lumtmaj,2510,Platinum 1,Platinum 1,Gold 2,f74b739c-bc18-4cc4-83da-84d0ff3dca14,"15/6/26, 16:36",Competitive,Fracture,Killjoy,Win,13,10,23,319,126,10,15,0,-5,0.7,-29.0,81.5,26.0,61.0,0,5,0
lumtmaj#2510,lumtmaj,2510,2026-06-24T11:17:29,lumtmaj,2510,Platinum 1,Platinum 1,Gold 1,eaeb1e7f-0c24-41aa-a3e4-ca06a3af57e7,"15/6/26, 15:55",Competitive,Breeze,Jett,Loss,8,13,21,204,164,12,19,2,-7,0.6,-47.0,113.9,45.0,48.0,5,4,1
lumtmaj#2510,lumtmaj,2510,2026-06-24T11:17:29,lumtmaj,2510,Platinum 1,Platinum 1,Gold 1,37456cd9-2574-49b5-88ca-e16f1b8d23c9,"15/6/26, 15:20",Competitive,Fracture,Jett,Win,13,5,18,605,206,13,16,3,-3,0.8,-5.0,152.1,36.0,72.0,4,6,0
lumtmaj#2510,lumtmaj,2510,2026-06-24T11:17:29,lumtmaj,2510,Platinum 1,Platinum 1,Silver 3,5109a933-2726-4c17-a109-0e52fc104e81,"15/6/26, 14:19",Competitive,Split,Raze,Loss,16,18,34,502,186,22,27,7,-5,0.8,-26.0,131.6,26.0,74.0,4,4,1
lumtmaj#2510,lumtmaj,2510,2026-06-24T11:17:29,lumtmaj,2510,Platinum 1,Platinum 1,Silver 3,81c72595-8871-4dd6-9812-ca61eb90a607,"31/5/26, 16:31",Competitive,Pearl,Chamber,Win,13,8,21,776,255,20,10,4,10,2.0,81.0,185.7,35.0,71.0,2,4,3
lumtmaj#2510,lumtmaj,2510,2026-06-24T11:17:29,lumtmaj,2510,Platinum 1,Platinum 1,Bronze 3,5c9d9b37-5968-4694-bfad-5915fdea1b70,"31/5/26, 15:34",Competitive,Haven,Jett,Win,18,16,34,506,210,27,28,3,-1,1.0,-31.0,137.0,23.0,71.0,6,4,2
lumtmaj#2510,lumtmaj,2510,2026-06-24T11:17:29,lumtmaj,2510,Platinum 1,Platinum 1,Gold 2,0d1d5d55-8a63-4962-92f7-b3aef151dd88,"25/5/26, 17:01",Competitive,Split,Jett,Win,13,6,19,662,240,17,16,1,1,1.1,-8.0,144.1,30.0,74.0,5,3,2
lumtmaj#2510,lumtmaj,2510,2026-06-24T11:17:29,lumtmaj,2510,Platinum 1,Platinum 1,Gold 2,d6929e7a-2dfd-44ae-91c2-9f25d9c77834,"25/5/26, 16:11",Competitive,Lotus,Neon,Loss,12,14,26,330,195,17,22,2,-5,0.8,-36.0,122.5,34.0,54.0,7,5,3
lumtmaj#2510,lumtmaj,2510,2026-06-24T11:17:29,lumtmaj,2510,Platinum 1,Platinum 1,Silver 3,09db1752-06fb-4c35-9b83-37816fd97a17,"25/5/26, 15:34",Competitive,Haven,Reyna,Loss,9,13,22,221,143,11,17,3,-6,0.7,-28.0,116.0,38.0,50.0,3,6,0
lumtmaj#2510,lumtmaj,2510,2026-06-24T11:17:29,lumtmaj,2510,Platinum 1,Platinum 1,Gold 2,1ff183a9-6c0b-4733-badd-9ebad72a030f,"25/5/26, 15:03",Competitive,Fracture,Unknown,Loss,5,13,18,179,120,6,15,9,-9,0.4,-68.0,73.8,32.0,67.0,1,2,0
lumtmaj#2510,lumtmaj,2510,2026-06-24T11:17:29,lumtmaj,2510,Platinum 1,Platinum 1,Gold 2,9f94b999-6a20-4b70-a28a-ff7c224dfc79,"23/5/26, 20:16",Competitive,Split,Raze,Win,14,12,26,412,176,18,18,2,0,-12.0,126.6,29.0,62.0,3.0,4,0,252
lumtmaj#2510,lumtmaj,2510,2026-06-24T11:17:29,lumtmaj,2510,Platinum 1,Platinum 1,Gold 1,14e4cf0c-4a11-48e9-a05d-d395d338d158,"23/5/26, 19:32",Competitive,Pearl,Jett,Loss,5,13,18,347,198,12,16,4,-4,0.8,-31.0,126.1,39.0,67.0,2,2,0
lumtmaj#2510,lumtmaj,2510,2026-06-24T11:17:29,lumtmaj,2510,Platinum 1,Platinum 1,Silver 2,5b96419f-371d-4015-b246-210df99bbe80,"23/5/26, 18:53",Competitive,Split,Raze,Loss,7,13,20,619,281,19,17,5,2,1.1,22.0,184.9,25.0,70.0,3,5,2
lumtmaj#2510,lumtmaj,2510,2026-06-24T11:17:29,lumtmaj,2510,Platinum 1,Platinum 1,Gold 2,ecb5428a-3bad-414c-af05-8dcc5d5ffc8c,"23/5/26, 17:28",Competitive,Ascent,Reyna,Win,13,10,23,548,192,17,18,7,-1,0.9,-40.0,122.4,40.0,78.0,1,1,1
lumtmaj#2510,lumtmaj,2510,2026-06-24T11:17:29,lumtmaj,2510,Platinum 1,Platinum 1,Platinum 1,c420d2f0-1bc5-4cc1-abee-e5b0eadc251c,"23/5/26, 17:09",Competitive,Ascent,Cypher,Loss,0,5,5,100,51,1,5,0,-4,0.2,-114.0,27.0,50.0,60.0,0,1,0
lumtmaj#2510,lumtmaj,2510,2026-06-24T11:17:29,lumtmaj,2510,Platinum 1,Platinum 1,Platinum 1,f786422a-b8ad-4382-94d6-16214a7e604e,"23/5/26, 16:25",Competitive,Haven,Skye,Win,13,10,23,339,135,13,12,5,1,1.1,-26.0,98.4,52.0,61.0,2,2,0
lol me arruino#doffy,lol me arruino,doffy,2026-06-24T11:23:47,lol me arruino,doffy,Silver 3,Silver 3,Silver 2,be237427-eb43-452c-b2af-c58123a90a1e,"24/6/26, 9:42",Competitive,Haven,Sage,Loss,10,13,23,677,262,21,17,6,4,1.2,1.0,150.3,7.0,78.0,1,1,2
lol me arruino#doffy,lol me arruino,doffy,2026-06-24T11:23:47,lol me arruino,doffy,Silver 3,Silver 3,Bronze 3,4b998d27-48ef-4ecb-932e-339d74ae88d8,"24/6/26, 9:02",Competitive,Breeze,Sage,Win,13,9,22,382,165,12,16,6,-4,0.8,-24.0,109.0,16.0,59.0,3,0,0
lol me arruino#doffy,lol me arruino,doffy,2026-06-24T11:23:47,lol me arruino,doffy,Silver 3,Silver 3,Silver 3,a17d2aac-21d4-4e81-a6f9-d08e242714ed,"23/6/26, 21:26",Competitive,Unknown,Clove,Loss,13,15,28,586,229,20,27,10,-7,0.7,-22.0,139.0,9.0,75.0,3,2,1
lol me arruino#doffy,lol me arruino,doffy,2026-06-24T11:23:47,lol me arruino,doffy,Silver 3,Silver 3,Silver 3,2729371c-fb1b-4f98-b118-42166f8e3bb8,"23/6/26, 20:41",Competitive,Breeze,Unknown,Win,14,12,26,297,127,11,15,17,-4,0.7,-35.0,73.2,15.0,62.0,0,1,0
lol me arruino#doffy,lol me arruino,doffy,2026-06-24T11:23:47,lol me arruino,doffy,Silver 3,Silver 3,Bronze 3,23b1e8f1-1ee3-4167-8f48-b4b79898be54,"23/6/26, 19:50",Competitive,Haven,Sage,Win,13,6,19,586,155,11,11,5,0,-21.0,94.0,15.0,84.0,2.0,0,0,265
lol me arruino#doffy,lol me arruino,doffy,2026-06-24T11:23:47,lol me arruino,doffy,Silver 3,Silver 3,Silver 3,fd335897-3821-4c5a-9bd3-e5e3f2af54f8,"23/6/26, 14:33",Competitive,Unknown,Sage,Loss,11,13,24,392,148,12,18,8,-6,0.7,-41.0,93.0,5.0,75.0,0,1,0
lol me arruino#doffy,lol me arruino,doffy,2026-06-24T11:23:47,lol me arruino,doffy,Silver 3,Silver 3,Silver 3,1324b816-b546-49ae-b3df-1fa45d6a70e0,"22/6/26, 19:14",Competitive,Pearl,Sage,Win,13,5,18,813,212,13,10,8,3,1.3,31.0,131.9,16.0,94.0,2,1,0
lol me arruino#doffy,lol me arruino,doffy,2026-06-24T11:23:47,lol me arruino,doffy,Silver 3,Silver 3,Silver 3,33abb22b-d8b2-4998-a655-ebacfd221143,"22/6/26, 7:50",Competitive,Split,Sage,Win,13,7,20,674,190,13,13,10,0,-23.0,117.0,13.0,95.0,1.0,0,1,63
lol me arruino#doffy,lol me arruino,doffy,2026-06-24T11:23:47,lol me arruino,doffy,Silver 3,Silver 3,Silver 3,f15c074e-3196-4175-a183-a306560d4a11,"22/6/26, 7:16",Competitive,Fracture,Sage,Win,13,3,16,932,289,18,5,5,13,3.6,57.0,162.1,5.0,88.0,2,0,2
lol me arruino#doffy,lol me arruino,doffy,2026-06-24T11:23:47,lol me arruino,doffy,Silver 3,Silver 3,Silver 3,4ef3d28e-4e29-43fa-9491-5eb99ba5b9f5,"21/6/26, 17:39",Competitive,Lotus,Clove,Loss,11,13,24,638,252,21,22,11,-1,0.9,-40.0,133.5,10.0,83.0,2,0,2
lol me arruino#doffy,lol me arruino,doffy,2026-06-24T11:23:47,lol me arruino,doffy,Silver 3,Silver 3,Silver 3,d495b6d9-9f27-4a99-a71f-9dd45dd4f22d,"21/6/26, 16:53",Competitive,Ascent,Sage,Loss,10,13,23,253,131,10,17,5,-7,0.6,-34.0,85.3,11.0,61.0,1,3,0
lol me arruino#doffy,lol me arruino,doffy,2026-06-24T11:23:47,lol me arruino,doffy,Silver 3,Silver 3,Silver 3,69381b60-b6c7-4414-bacd-cfc50258e6ff,"21/6/26, 16:43",Competitive,Pearl,Clove,Loss,0,4,4,666,275,3,4,1,-1,0.8,52.0,211.3,18.0,75.0,0,0,0
lol me arruino#doffy,lol me arruino,doffy,2026-06-24T11:23:47,lol me arruino,doffy,Silver 3,Silver 3,Silver 3,62c59415-28d7-4a7f-a256-1a3bdd7db91b,"21/6/26, 13:06",Competitive,Haven,Sage,Win,13,9,22,466,160,13,15,11,-2,0.9,-34.0,88.8,8.0,73.0,0,0,1
lol me arruino#doffy,lol me arruino,doffy,2026-06-24T11:23:47,lol me arruino,doffy,Silver 3,Silver 3,Silver 3,d919c7ed-966f-4941-85c2-fbd0d35915d5,"21/6/26, 12:37",Competitive,Breeze,Killjoy,Loss,5,13,18,474,243,16,14,0,2,1.1,-5.0,148.7,13.0,67.0,0,2,1
lol me arruino#doffy,lol me arruino,doffy,2026-06-24T11:23:47,lol me arruino,doffy,Silver 3,Silver 3,Silver 3,4bbde948-95c0-4b5c-b22a-ba8948115dca,"20/6/26, 19:28",Competitive,Lotus,Killjoy,Win,14,12,26,325,158,15,18,4,-3,0.8,-30.0,100.0,13.0,58.0,0,3,1
lol me arruino#doffy,lol me arruino,doffy,2026-06-24T11:23:47,lol me arruino,doffy,Silver 3,Silver 3,Silver 3,01f8cf4e-8d61-4770-842b-b1ac9b9b9949,"20/6/26, 18:07",Competitive,Lotus,Sage,Win,13,11,24,531,198,18,17,8,1,1.1,-33.0,107.2,15.0,75.0,5,0,1
lol me arruino#doffy,lol me arruino,doffy,2026-06-24T11:23:47,lol me arruino,doffy,Silver 3,Silver 3,Silver 3,8fd750f4-cefc-4ee4-b4bf-12ba20b0d903,"20/6/26, 11:27",Competitive,Pearl,Sage,Win,13,7,20,633,180,14,11,6,3,1.3,-20.0,116.7,11.0,85.0,1,2,0
lol me arruino#doffy,lol me arruino,doffy,2026-06-24T11:23:47,lol me arruino,doffy,Silver 3,Silver 3,Silver 3,e231ff4f-b2f7-4b7b-bcbc-901940b15cbf,"20/6/26, 10:51",Competitive,Ascent,Killjoy,Loss,5,13,18,296,178,10,15,3,-5,0.7,-8.0,127.2,10.0,56.0,0,2,0
lol me arruino#doffy,lol me arruino,doffy,2026-06-24T11:23:47,lol me arruino,doffy,Silver 3,Silver 3,Silver 3,e016d014-5f55-41bc-b84c-24b4b0d62ff1,"19/6/26, 16:46",Competitive,Fracture,Brimstone,Win,15,13,28,589,190,15,18,14,-3,0.8,30.0,137.8,7.0,71.0,1,5,1
lol me arruino#doffy,lol me arruino,doffy,2026-06-24T11:23:47,lol me arruino,doffy,Silver 3,Silver 3,Silver 2,8ba34306-498c-4081-a598-fa2487584095,"19/6/26, 13:24",Competitive,Haven,Sage,Win,13,5,18,649,188,13,11,12,2,1.2,-28.0,100.6,6.0,89.0,1,1,0
LeprosoMujeriego#Abru,LeprosoMujeriego,Abru,2026-06-24T11:27:15,LeprosoMujeriego,Abru,Platinum 1,Platinum 1,Silver 3,d495b6d9-9f27-4a99-a71f-9dd45dd4f22d,"21/6/26, 16:53",Competitive,Ascent,Omen,Win,13,10,23,827,296,23,16,7,7,1.4,31.0,182.6,38.0,78.0,3,1,2
LeprosoMujeriego#Abru,LeprosoMujeriego,Abru,2026-06-24T11:27:15,LeprosoMujeriego,Abru,Platinum 1,Platinum 1,Platinum 1,84730f68-96fd-4c49-aa97-64383b6f0e1a,"18/6/26, 21:57",Competitive,Breeze,Unknown,Loss,12,14,26,121,94,8,22,5,-14,0.4,-100.0,70.4,20.0,46.0,1,5,1
LeprosoMujeriego#Abru,LeprosoMujeriego,Abru,2026-06-24T11:27:15,LeprosoMujeriego,Abru,Platinum 1,Platinum 1,Gold 2,4cdb40fa-679a-41ea-b40b-69f5efbb8db3,"18/6/26, 21:23",Competitive,Lotus,Yoru,Loss,5,13,18,100,123,6,17,5,-11,0.3,-77.0,84.1,30.0,44.0,2,2,0
LeprosoMujeriego#Abru,LeprosoMujeriego,Abru,2026-06-24T11:27:15,LeprosoMujeriego,Abru,Platinum 1,Platinum 1,Silver 2,ab2f335c-8c10-48cf-beb5-82ef2e108b7a,"18/6/26, 20:53",Competitive,Fracture,Cypher,Loss,4,13,17,645,220,14,14,2,0,11.0,158.8,30.0,88.0,0.0,2,0,215
LeprosoMujeriego#Abru,LeprosoMujeriego,Abru,2026-06-24T11:27:15,LeprosoMujeriego,Abru,Platinum 1,Platinum 1,Bronze 3,dd0e3a19-dc41-427d-ac4d-bf8ad15ceba6,"16/6/26, 19:27",Competitive,Ascent,Raze,Win,13,7,20,889,278,20,14,3,6,1.4,41.0,165.8,12.0,85.0,8,0,1
LeprosoMujeriego#Abru,LeprosoMujeriego,Abru,2026-06-24T11:27:15,LeprosoMujeriego,Abru,Platinum 1,Platinum 1,Platinum 1,3d117fa9-1c36-4ba0-815f-fdf6ab5786da,"16/6/26, 18:43",Competitive,Breeze,Phoenix,Loss,10,13,23,585,261,24,16,3,8,1.5,19.0,169.3,33.0,65.0,1,4,3
LeprosoMujeriego#Abru,LeprosoMujeriego,Abru,2026-06-24T11:27:15,LeprosoMujeriego,Abru,Platinum 1,Platinum 1,Gold 1,a425ada9-e7b9-46db-a5f4-983bcc39bd87,"14/6/26, 20:36",Competitive,Split,Jett,Loss,10,13,23,412,201,15,18,2,-3,0.8,-9.0,148.8,17.0,61.0,2,4,1
LeprosoMujeriego#Abru,LeprosoMujeriego,Abru,2026-06-24T11:27:15,LeprosoMujeriego,Abru,Platinum 1,Platinum 1,Silver 3,a65d8f15-df2d-4543-bce4-eb5067e423a3,"14/6/26, 19:55",Competitive,Ascent,Raze,Loss,10,13,23,503,192,10,19,14,-9,0.5,-11.0,146.1,13.0,74.0,2,4,0
LeprosoMujeriego#Abru,LeprosoMujeriego,Abru,2026-06-24T11:27:15,LeprosoMujeriego,Abru,Platinum 1,Platinum 1,Gold 3,571550fe-de8b-495e-b81d-83f91a561426,"14/6/26, 19:28",Competitive,Lotus,Yoru,Win,11,2,13,981,313,15,7,3,8,2.1,89.0,197.9,18.0,92.0,2,1,1
LeprosoMujeriego#Abru,LeprosoMujeriego,Abru,2026-06-24T11:27:15,LeprosoMujeriego,Abru,Platinum 1,Platinum 1,Silver 3,64825711-33c9-499a-aa6f-f771fdc90b4b,"14/6/26, 3:13",Competitive,Breeze,Chamber,Draw,14,14,28,637,250,28,18,2,10,1.6,19.0,160.1,20.0,68.0,1,5,3
LeprosoMujeriego#Abru,LeprosoMujeriego,Abru,2026-06-24T11:27:15,LeprosoMujeriego,Abru,Platinum 1,Platinum 1,Platinum 1,70757250-b712-4f82-98d6-dc0fbf0ab8eb,"14/6/26, 2:38",Competitive,Split,Raze,Win,13,6,19,704,208,15,14,5,1,1.1,14.0,144.2,14.0,79.0,2,2,0
LeprosoMujeriego#Abru,LeprosoMujeriego,Abru,2026-06-24T11:27:15,LeprosoMujeriego,Abru,Platinum 1,Platinum 1,Gold 3,b4b6d61a-8023-414f-8da2-63ce987b9846,"13/6/26, 12:46",Competitive,Pearl,Unknown,Loss,11,13,24,530,181,15,18,17,-3,0.8,-19.0,126.7,30.0,79.0,2,3,0
LeprosoMujeriego#Abru,LeprosoMujeriego,Abru,2026-06-24T11:27:15,LeprosoMujeriego,Abru,Platinum 1,Platinum 1,Gold 2,26445434-043d-438d-96a7-2529f9e04070,"13/6/26, 12:18",Competitive,Ascent,Raze,Loss,3,13,16,161,157,8,14,0,-6,0.6,-40.0,109.6,29.0,50.0,1,0,1
LeprosoMujeriego#Abru,LeprosoMujeriego,Abru,2026-06-24T11:27:15,LeprosoMujeriego,Abru,Platinum 1,Platinum 1,Platinum 1,a46c8c7b-94ad-4689-a70f-36e230d10614,"3/6/26, 21:27",Competitive,Pearl,Raze,Loss,10,13,23,458,202,14,17,7,-3,0.8,-1.0,145.5,16.0,65.0,1,2,1
LeprosoMujeriego#Abru,LeprosoMujeriego,Abru,2026-06-24T11:27:15,LeprosoMujeriego,Abru,Platinum 1,Platinum 1,Gold 2,d96d2291-b43b-43f4-8b6c-4c4badaa9408,"3/6/26, 20:47",Competitive,Ascent,Omen,Win,13,9,22,733,238,16,16,14,0,12.0,153.6,11.0,77.0,3.0,1,0,475
LeprosoMujeriego#Abru,LeprosoMujeriego,Abru,2026-06-24T11:27:15,LeprosoMujeriego,Abru,Platinum 1,Platinum 1,Platinum 1,eea2dd6c-2079-4f06-b025-eae9459c8fcf,"1/6/26, 21:07",Competitive,Split,Skye,Loss,11,13,24,541,227,20,20,5,0,8.0,156.3,26.0,67.0,1.0,0,3,634
LeprosoMujeriego#Abru,LeprosoMujeriego,Abru,2026-06-24T11:27:15,LeprosoMujeriego,Abru,Platinum 1,Platinum 1,Gold 2,3608ed0d-f823-4fc2-a0cd-e1d1ea822a69,"31/5/26, 22:03",Competitive,Lotus,Raze,Loss,9,13,22,764,285,21,18,7,3,1.2,25.0,190.2,20.0,82.0,1,3,1
LeprosoMujeriego#Abru,LeprosoMujeriego,Abru,2026-06-24T11:27:15,LeprosoMujeriego,Abru,Platinum 1,Platinum 1,Platinum 1,ac538d2e-99c4-4509-930b-5fcf14274a01,"31/5/26, 21:28",Competitive,Haven,Raze,Loss,4,13,17,423,246,15,15,2,0,-58.0,132.9,9.0,71.0,1.0,2,1,52
LeprosoMujeriego#Abru,LeprosoMujeriego,Abru,2026-06-24T11:27:15,LeprosoMujeriego,Abru,Platinum 1,Platinum 1,Platinum 1,a99916b3-3e05-4163-98a6-bd2dc52a5a1d,"31/5/26, 19:44",Competitive,Haven,Phoenix,Win,13,7,20,771,260,20,16,5,4,1.2,2.0,169.6,33.0,80.0,3,1,2
LeprosoMujeriego#Abru,LeprosoMujeriego,Abru,2026-06-24T11:27:15,LeprosoMujeriego,Abru,Platinum 1,Platinum 1,Gold 3,13895f52-4fc4-48c1-a596-e6e28319241b,"31/5/26, 19:05",Competitive,Fracture,Deadlock,Win,13,10,23,572,172,13,14,5,-1,0.9,10.0,129.8,28.0,74.0,2,1,1
Tramadol#LASPA,Tramadol,LASPA,2026-06-24T15:20:21,Tramadol,LASPA,Gold 1,Gold 1,Silver 3,1e3ed335-04f9-4c74-9bd9-3d6313c0fd4b,"24/6/26, 13:56",Competitive,Unknown,Raze,Loss,8,13,21,564,246,18,16,2,2,1.1,25.0,156.7,17.0,67.0,3,1,0
Tramadol#LASPA,Tramadol,LASPA,2026-06-24T15:20:21,Tramadol,LASPA,Gold 1,Gold 1,Silver 3,9dcbad64-92b4-4c09-bf86-125549f31abb,"24/6/26, 13:03",Competitive,Breeze,Chamber,Loss,12,14,26,723,248,26,17,1,9,1.5,35.0,155.8,14.0,77.0,5,2,2
Tramadol#LASPA,Tramadol,LASPA,2026-06-24T15:20:21,Tramadol,LASPA,Gold 1,Gold 1,Silver 3,9dfc23ae-9528-49cf-930a-13dbf467ded4,"23/6/26, 17:41",Competitive,Lotus,Phoenix,Win,13,9,22,498,207,16,16,5,0,-35.0,125.0,17.0,68.0,4.0,3,0,43
Tramadol#LASPA,Tramadol,LASPA,2026-06-24T15:20:21,Tramadol,LASPA,Gold 1,Gold 1,Bronze 3,73078d6f-301f-4a27-b491-5facd09116bf,"23/6/26, 17:27",Competitive,Breeze,Chamber,Win,5,0,5,382,8,1,0,7,8,155.0,241.4,20.0,100.0,2.0,0,1,38
Tramadol#LASPA,Tramadol,LASPA,2026-06-24T15:20:21,Tramadol,LASPA,Gold 1,Gold 1,Silver 3,5dbc8c21-c81c-4e55-b142-bbcf15476ac2,"23/6/26, 16:45",Competitive,Lotus,Unknown,Loss,6,13,19,730,257,18,14,5,4,1.3,30.0,175.1,21.0,84.0,3,1,2
Tramadol#LASPA,Tramadol,LASPA,2026-06-24T15:20:21,Tramadol,LASPA,Gold 1,Gold 1,Silver 3,9b8e7b93-f467-4446-b4bf-03161437fc32,"23/6/26, 14:51",Competitive,Split,KAY/O,Draw,15,15,30,417,182,19,22,12,-3,0.9,-17.0,109.9,9.0,63.0,2,4,1
Tramadol#LASPA,Tramadol,LASPA,2026-06-24T15:20:21,Tramadol,LASPA,Gold 1,Gold 1,Bronze 2,ce379cf8-fcc7-44ac-92e2-83de604ef6d6,"22/6/26, 17:29",Competitive,Split,Reyna,Win,13,10,23,413,157,12,12,6,0,1.0,-15.0,94.9,10.0,65.0,2,3,0
Tramadol#LASPA,Tramadol,LASPA,2026-06-24T15:20:21,Tramadol,LASPA,Gold 1,Gold 1,Silver 3,b8c9fc14-7c46-4614-b72e-60742f8d7ba7,"22/6/26, 16:42",Competitive,Pearl,Chamber,Win,13,11,24,840,260,22,14,2,8,1.6,46.0,173.0,11.0,83.0,4,0,2
Tramadol#LASPA,Tramadol,LASPA,2026-06-24T15:20:21,Tramadol,LASPA,Gold 1,Gold 1,Gold 1,b69a4651-745e-46ef-b138-878ac0635373,"22/6/26, 10:49",Competitive,Breeze,Jett,Loss,2,9,11,106,138,6,8,0,-2,0.8,-57.0,81.0,20.0,45.0,0,4,0
Tramadol#LASPA,Tramadol,LASPA,2026-06-24T15:20:21,Tramadol,LASPA,Gold 1,Gold 1,Silver 3,680f93dc-3a3f-4137-abc4-d95a4c6b5529,"22/6/26, 9:47",Competitive,Haven,Chamber,Loss,10,13,23,296,145,11,16,2,-5,0.7,-10.0,102.9,25.0,57.0,1,4,1
Tramadol#LASPA,Tramadol,LASPA,2026-06-24T15:20:21,Tramadol,LASPA,Gold 1,Gold 1,Silver 3,d495b6d9-9f27-4a99-a71f-9dd45dd4f22d,"21/6/26, 16:53",Competitive,Ascent,Jett,Win,13,10,23,822,253,22,13,1,9,1.7,67.0,167.3,11.0,78.0,2,3,2
Tramadol#LASPA,Tramadol,LASPA,2026-06-24T15:20:21,Tramadol,LASPA,Gold 1,Gold 1,Gold 1,fd7fc068-ddec-4dfc-8817-beb5d6eff6e9,"21/6/26, 16:19",Competitive,Haven,Reyna,Win,13,5,18,670,196,13,9,6,4,1.4,13.0,120.7,25.0,78.0,3,0,2
Tramadol#LASPA,Tramadol,LASPA,2026-06-24T15:20:21,Tramadol,LASPA,Gold 1,Gold 1,Silver 1,75683fa2-a8f1-43be-835a-e51ee1b08049,"20/6/26, 16:59",Competitive,Ascent,Unknown,Win,13,11,24,859,366,31,17,4,14,1.8,84.0,222.3,14.0,75.0,3,1,4
Tramadol#LASPA,Tramadol,LASPA,2026-06-24T15:20:21,Tramadol,LASPA,Gold 1,Gold 1,Bronze 2,fce70de1-3ece-4d73-8d9d-88e5b6624848,"20/6/26, 16:19",Competitive,Pearl,Unknown,Win,13,7,20,346,25,9,3,16,2,128.0,230.4,32.0,95.0,6.0,0,1,222
Tramadol#LASPA,Tramadol,LASPA,2026-06-24T15:20:21,Tramadol,LASPA,Gold 1,Gold 1,Gold 1,fb7a5c17-321e-4176-bb39-90a9930bd8f8,"20/6/26, 14:55",Competitive,Split,Raze,Loss,8,13,21,297,177,11,18,6,-7,0.6,-35.0,129.1,11.0,62.0,0,1,0
Tramadol#LASPA,Tramadol,LASPA,2026-06-24T15:20:21,Tramadol,LASPA,Gold 1,Gold 1,Gold 1,3d64aade-4c4e-4bc5-9e2f-6161b3a47f66,"20/6/26, 13:40",Competitive,Pearl,Chamber,Win,13,1,14,713,187,12,6,2,6,2.0,43.0,123.0,5.0,79.0,1,0,0
Tramadol#LASPA,Tramadol,LASPA,2026-06-24T15:20:21,Tramadol,LASPA,Gold 1,Gold 1,Silver 1,a04905a4-db7d-4fe3-979b-3e8d1777f773,"19/6/26, 16:48",Competitive,Breeze,Chamber,Win,13,10,23,490,199,17,16,2,1,1.1,11.0,138.8,21.0,57.0,5,3,1
Tramadol#LASPA,Tramadol,LASPA,2026-06-24T15:20:21,Tramadol,LASPA,Gold 1,Gold 1,Silver 3,d247d007-2683-4b8b-8c80-efc63c68ae7a,"19/6/26, 16:13",Competitive,Fracture,Unknown,Loss,4,13,17,452,214,12,16,3,-4,0.8,-39.0,137.3,12.0,76.0,3,3,0
Tramadol#LASPA,Tramadol,LASPA,2026-06-24T15:20:21,Tramadol,LASPA,Gold 1,Gold 1,Silver 3,d32cb639-524b-42c3-99d1-f85ec159e1bc,"19/6/26, 11:35",Competitive,Ascent,Raze,Loss,8,13,21,274,159,12,17,5,-5,0.7,-19.0,112.0,10.0,57.0,0,4,0
Tramadol#LASPA,Tramadol,LASPA,2026-06-24T15:20:21,Tramadol,LASPA,Gold 1,Gold 1,Silver 3,d549ba41-bc88-46fa-bbad-2d118e7fdc57,"19/6/26, 11:01",Competitive,Breeze,Unknown,Loss,7,13,20,265,179,13,16,2,-3,0.8,-32.0,101.8,21.0,55.0,3,6,3
NicoStyleGZ#LAS,NicoStyleGZ,LAS,2026-06-24T15:24:50,NicoStyleGZ,LAS,Platinum 1,Platinum 1,Silver 3,7d9010a1-7bc5-4814-8df5-25c6de8dd9e3,"21/6/26, 1:28",Competitive,Pearl,Deadlock,Loss,6,13,19,237,181,10,18,3,-8,0.6,-51.0,110.0,16.0,58.0,4,4,1
NicoStyleGZ#LAS,NicoStyleGZ,LAS,2026-06-24T15:24:50,NicoStyleGZ,LAS,Platinum 1,Platinum 1,Gold 2,ae0a39a8-1f13-4798-bd39-01e92e49c9c1,"21/6/26, 0:45",Competitive,Pearl,Deadlock,Win,13,8,21,943,377,28,13,5,15,2.1,94.0,217.5,10.0,81.0,7,1,5
NicoStyleGZ#LAS,NicoStyleGZ,LAS,2026-06-24T15:24:50,NicoStyleGZ,LAS,Platinum 1,Platinum 1,Silver 2,aa1fa747-9567-471e-8e8b-2c160c4a26b6,"19/6/26, 16:39",Competitive,Split,Sage,Loss,10,13,23,642,256,21,20,3,1,1.1,7.0,147.0,10.0,74.0,4,3,2
NicoStyleGZ#LAS,NicoStyleGZ,LAS,2026-06-24T15:24:50,NicoStyleGZ,LAS,Platinum 1,Platinum 1,Gold 1,6f3f6777-c1d8-4e22-bbac-8cec9e3cdf22,"19/6/26, 16:11",Competitive,Haven,Sova,Win,13,4,17,903,372,25,10,2,15,2.5,97.0,228.2,14.0,76.0,1,0,4
NicoStyleGZ#LAS,NicoStyleGZ,LAS,2026-06-24T15:24:50,NicoStyleGZ,LAS,Platinum 1,Platinum 1,Gold 2,df161c81-44de-48c9-b9cb-447f6b080f8c,"19/6/26, 15:31",Competitive,Ascent,Killjoy,Loss,7,13,20,533,286,16,17,4,-1,0.9,28.0,188.4,9.0,55.0,4,1,2
NicoStyleGZ#LAS,NicoStyleGZ,LAS,2026-06-24T15:24:50,NicoStyleGZ,LAS,Platinum 1,Platinum 1,Gold 2,e3df0d20-aada-432b-a421-2253ab090f82,"19/6/26, 14:41",Competitive,Fracture,Deadlock,Loss,5,13,18,259,164,11,14,4,-3,0.8,-50.0,93.7,8.0,67.0,2,3,0
NicoStyleGZ#LAS,NicoStyleGZ,LAS,2026-06-24T15:24:50,NicoStyleGZ,LAS,Platinum 1,Platinum 1,Silver 2,bee28a72-08e7-49a0-b602-995b4f7b8af9,"19/6/26, 14:09",Competitive,Pearl,Deadlock,Win,13,4,17,987,366,24,7,6,17,3.4,136.0,217.8,10.0,88.0,5,1,3
NicoStyleGZ#LAS,NicoStyleGZ,LAS,2026-06-24T15:24:50,NicoStyleGZ,LAS,Platinum 1,Platinum 1,Silver 2,26add9a3-ef01-4217-b3ba-fae329d49925,"19/6/26, 13:58",Competitive,Fracture,Deadlock,Win,4,0,4,620,128,2,2,1,0,1.0,-4.0,85.0,14.0,100.0,0,0,0
NicoStyleGZ#LAS,NicoStyleGZ,LAS,2026-06-24T15:24:50,NicoStyleGZ,LAS,Platinum 1,Platinum 1,Gold 1,b4c05550-5b74-4b6b-83d6-9f9dd831f0b0,"19/6/26, 13:16",Competitive,Haven,Sova,Win,13,11,24,387,163,11,19,7,-8,0.6,-34.0,108.7,10.0,67.0,4,0,0
NicoStyleGZ#LAS,NicoStyleGZ,LAS,2026-06-24T15:24:50,NicoStyleGZ,LAS,Platinum 1,Platinum 1,Silver 3,ee508413-317e-4364-b62e-2ec0ab4cb32f,"19/6/26, 12:50",Competitive,Lotus,Deadlock,Loss,1,11,12,241,166,7,12,2,-5,0.6,-51.0,100.8,15.0,67.0,1,1,0
NicoStyleGZ#LAS,NicoStyleGZ,LAS,2026-06-24T15:24:50,NicoStyleGZ,LAS,Platinum 1,Platinum 1,Silver 2,5c665e67-c3b5-4810-985d-9a4b27ca8032,"19/6/26, 12:08",Competitive,Breeze,Sova,Loss,10,13,23,517,194,13,20,9,-7,0.7,-8.0,137.8,12.0,74.0,1,3,0
NicoStyleGZ#LAS,NicoStyleGZ,LAS,2026-06-24T15:24:50,NicoStyleGZ,LAS,Platinum 1,Platinum 1,Gold 1,da6ba3d7-05d8-4489-b9c3-d9ddafbcce8e,"19/6/26, 11:34",Competitive,Haven,Sova,Loss,4,13,17,446,235,12,15,6,-3,0.8,-31.0,157.5,13.0,71.0,2,1,0
NicoStyleGZ#LAS,NicoStyleGZ,LAS,2026-06-24T15:24:50,NicoStyleGZ,LAS,Platinum 1,Platinum 1,Silver 3,d549ba41-bc88-46fa-bbad-2d118e7fdc57,"19/6/26, 11:01",Competitive,Breeze,Killjoy,Loss,7,13,20,534,243,15,16,4,-1,0.9,24.0,157.7,18.0,65.0,3,4,1
NicoStyleGZ#LAS,NicoStyleGZ,LAS,2026-06-24T15:24:50,NicoStyleGZ,LAS,Platinum 1,Platinum 1,Silver 3,28844d39-695a-4e22-b837-73e7b6656204,"18/6/26, 13:21",Competitive,Ascent,Killjoy,Loss,7,13,20,517,189,13,14,4,-1,0.9,12.0,135.1,12.0,75.0,0,4,1
NicoStyleGZ#LAS,NicoStyleGZ,LAS,2026-06-24T15:24:50,NicoStyleGZ,LAS,Platinum 1,Platinum 1,Silver 2,206f943e-36e3-4633-859e-4e7997662477,"18/6/26, 12:31",Competitive,Ascent,Killjoy,Win,15,13,28,760,256,25,20,8,5,1.2,24.0,161.4,10.0,79.0,4,1,1
NicoStyleGZ#LAS,NicoStyleGZ,LAS,2026-06-24T15:24:50,NicoStyleGZ,LAS,Platinum 1,Platinum 1,Silver 2,8b126c5f-15b1-42e5-9568-03e65fcdc048,"18/6/26, 11:55",Competitive,Haven,Sova,Win,13,6,19,674,203,12,11,9,1,1.1,3.0,135.9,12.0,79.0,0,1,1
NicoStyleGZ#LAS,NicoStyleGZ,LAS,2026-06-24T15:24:50,NicoStyleGZ,LAS,Platinum 1,Platinum 1,Gold 2,ae327469-3cac-4d16-b243-a79f5b26fd14,"18/6/26, 11:14",Competitive,Ascent,Killjoy,Loss,11,13,24,587,234,20,18,5,2,1.1,2.0,139.0,9.0,71.0,3,3,1
NicoStyleGZ#LAS,NicoStyleGZ,LAS,2026-06-24T15:24:50,NicoStyleGZ,LAS,Platinum 1,Platinum 1,Gold 1,e77557e9-7f4c-4142-bf67-14829e099470,"17/6/26, 2:00",Competitive,Split,Tejo,Loss,12,14,26,463,143,12,18,9,-6,0.7,-17.0,107.0,15.0,77.0,1,4,1
NicoStyleGZ#LAS,NicoStyleGZ,LAS,2026-06-24T15:24:50,NicoStyleGZ,LAS,Platinum 1,Platinum 1,Gold 1,54fb9c20-7a51-4396-b134-bda11ea3f1f7,"17/6/26, 1:02",Competitive,Fracture,Killjoy,Win,13,11,24,546,209,16,19,9,-3,0.8,-17.0,144.5,12.0,71.0,5,4,1
NicoStyleGZ#LAS,NicoStyleGZ,LAS,2026-06-24T15:24:50,NicoStyleGZ,LAS,Platinum 1,Platinum 1,Platinum 1,547b9667-01c7-481c-897b-fdecabcaf2c9,"17/6/26, 0:11",Competitive,Fracture,Killjoy,Win,15,13,28,627,219,20,20,9,0,4.0,141.5,10.0,75.0,5.0,2,0,193
Krispeta#COL,Krispeta,COL,2026-06-24T15:27:48,Krispeta,COL,Silver 3,Silver 3,Silver 3,1e3ed335-04f9-4c74-9bd9-3d6313c0fd4b,"24/6/26, 13:56",Competitive,Unknown,Clove,Loss,8,13,21,521,251,16,21,6,-5,0.8,-2.0,166.5,25.0,67.0,1,2,2
Krispeta#COL,Krispeta,COL,2026-06-24T15:27:48,Krispeta,COL,Silver 3,Silver 3,Silver 3,9dcbad64-92b4-4c09-bf86-125549f31abb,"24/6/26, 13:03",Competitive,Breeze,Omen,Loss,12,14,26,494,174,14,18,14,-4,0.8,-1.0,117.5,17.0,73.0,1,2,0
Krispeta#COL,Krispeta,COL,2026-06-24T15:27:48,Krispeta,COL,Silver 3,Silver 3,Silver 3,9dfc23ae-9528-49cf-930a-13dbf467ded4,"23/6/26, 17:41",Competitive,Lotus,Clove,Win,13,9,22,630,212,16,19,7,-3,0.8,-20.0,138.6,19.0,77.0,3,0,1
Krispeta#COL,Krispeta,COL,2026-06-24T15:27:48,Krispeta,COL,Silver 3,Silver 3,Bronze 3,73078d6f-301f-4a27-b491-5facd09116bf,"23/6/26, 17:27",Competitive,Breeze,Sova,Win,5,0,5,940,262,5,0,1,5,5.0,126.0,177.8,20.0,100.0,0,0,0
Krispeta#COL,Krispeta,COL,2026-06-24T15:27:48,Krispeta,COL,Silver 3,Silver 3,Silver 3,5dbc8c21-c81c-4e55-b142-bbcf15476ac2,"23/6/26, 16:45",Competitive,Lotus,Fade,Loss,6,13,19,380,155,8,15,10,-7,0.5,-48.0,107.4,19.0,79.0,2,1,0
Krispeta#COL,Krispeta,COL,2026-06-24T15:27:48,Krispeta,COL,Silver 3,Silver 3,Silver 3,9b8e7b93-f467-4446-b4bf-03161437fc32,"23/6/26, 14:51",Competitive,Split,Sage,Draw,15,15,30,938,332,33,18,12,15,1.8,91.0,235.9,16.0,87.0,3,0,4
Krispeta#COL,Krispeta,COL,2026-06-24T15:27:48,Krispeta,COL,Silver 3,Silver 3,Bronze 2,ce379cf8-fcc7-44ac-92e2-83de604ef6d6,"22/6/26, 17:29",Competitive,Split,Clove,Win,13,10,23,768,237,19,18,8,1,1.1,13.0,154.0,19.0,83.0,1,2,1
Krispeta#COL,Krispeta,COL,2026-06-24T15:27:48,Krispeta,COL,Silver 3,Silver 3,Silver 3,b8c9fc14-7c46-4614-b72e-60742f8d7ba7,"22/6/26, 16:42",Competitive,Pearl,Fade,Win,13,11,24,667,227,20,14,5,6,1.4,10.0,140.1,15.0,75.0,1,0,1
Krispeta#COL,Krispeta,COL,2026-06-24T15:27:48,Krispeta,COL,Silver 3,Silver 3,Silver 1,a04905a4-db7d-4fe3-979b-3e8d1777f773,"19/6/26, 16:48",Competitive,Breeze,Sova,Win,13,10,23,359,135,9,13,6,-4,0.7,3.0,100.3,21.0,52.0,1,0,0
Krispeta#COL,Krispeta,COL,2026-06-24T15:27:48,Krispeta,COL,Silver 3,Silver 3,Silver 3,d247d007-2683-4b8b-8c80-efc63c68ae7a,"19/6/26, 16:13",Competitive,Fracture,Breach,Loss,4,13,17,218,128,7,15,6,-8,0.5,-77.0,75.5,14.0,71.0,0,2,0
Krispeta#COL,Krispeta,COL,2026-06-24T15:27:48,Krispeta,COL,Silver 3,Silver 3,Silver 3,d32cb639-524b-42c3-99d1-f85ec159e1bc,"19/6/26, 11:35",Competitive,Ascent,Phoenix,Loss,8,13,21,483,215,14,14,6,0,7.0,154.2,20.0,67.0,2.0,1,0,520
Krispeta#COL,Krispeta,COL,2026-06-24T15:27:48,Krispeta,COL,Silver 3,Silver 3,Silver 3,d549ba41-bc88-46fa-bbad-2d118e7fdc57,"19/6/26, 11:01",Competitive,Breeze,Sova,Loss,7,13,20,255,171,12,15,5,-3,0.8,-30.0,104.0,16.0,55.0,1,1,0
Krispeta#COL,Krispeta,COL,2026-06-24T15:27:48,Krispeta,COL,Silver 3,Silver 3,Silver 3,5ab91c76-0c19-46f9-a226-521a00438bb5,"18/6/26, 21:19",Competitive,Ascent,Killjoy,Win,13,11,24,850,256,23,14,5,9,1.6,61.0,171.0,10.0,83.0,3,1,0
Krispeta#COL,Krispeta,COL,2026-06-24T15:27:48,Krispeta,COL,Silver 3,Silver 3,Silver 3,a67731f4-17d1-4f66-aae2-ef66e195ce1f,"18/6/26, 17:45",Competitive,Fracture,Breach,Win,13,7,20,610,116,9,9,12,0,1.0,-3.0,75.2,9.0,90.0,2,0,0
Krispeta#COL,Krispeta,COL,2026-06-24T15:27:48,Krispeta,COL,Silver 3,Silver 3,Silver 3,1f983d6c-7b21-467f-b585-1141077ebbf0,"18/6/26, 16:52",Competitive,Breeze,Iso,Win,13,9,22,529,197,15,17,5,-2,0.9,-11.0,128.1,27.0,68.0,3,3,0
Krispeta#COL,Krispeta,COL,2026-06-24T15:27:48,Krispeta,COL,Silver 3,Silver 3,Bronze 2,048ba0d0-81f7-4481-b2d4-6ef9a764b092,"18/6/26, 13:54",Competitive,Lotus,Skye,Loss,0,9,9,328,203,5,8,5,-3,0.6,-36.0,115.8,11.0,67.0,1,0,0
Krispeta#COL,Krispeta,COL,2026-06-24T15:27:48,Krispeta,COL,Silver 3,Silver 3,Silver 1,aa170a99-a7c7-4b31-9101-9a525c764a94,"18/6/26, 13:19",Competitive,Split,Sage,Loss,6,13,19,386,224,17,17,5,0,-28.0,125.0,19.0,63.0,1.0,1,1,238
Krispeta#COL,Krispeta,COL,2026-06-24T15:27:48,Krispeta,COL,Silver 3,Silver 3,Silver 3,34efdf60-bbd0-41b8-85f8-e84c82a18324,"15/6/26, 14:09",Competitive,Lotus,Skye,Loss,13,15,28,481,149,13,14,14,-1,0.9,-8.0,103.6,14.0,75.0,0,1,0
Krispeta#COL,Krispeta,COL,2026-06-24T15:27:48,Krispeta,COL,Silver 3,Silver 3,Silver 3,dd442077-8df3-478c-9060-f053391ac208,"15/6/26, 13:32",Competitive,Pearl,Fade,Loss,5,13,18,146,114,5,14,6,-9,0.4,-60.0,79.2,26.0,61.0,1,2,0
Krispeta#COL,Krispeta,COL,2026-06-24T15:27:48,Krispeta,COL,Silver 3,Silver 3,Silver 3,5d00a98c-29d9-4272-9c00-fd2d7406317b,"14/6/26, 21:40",Competitive,Pearl,Raze,Win,13,8,21,743,232,17,13,5,4,1.3,26.0,156.8,11.0,76.0,2,2,1
Ishotyou#2234,Ishotyou,2234,2026-06-24T15:30:45,Ishotyou,2234,Platinum 1,Platinum 1,Gold 3,6f166a36-59be-4d6e-8048-78e49904c9fb,"22/6/26, 22:10",Competitive,Fracture,Gekko,Win,13,6,19,454,165,13,14,4,-1,0.9,-56.0,96.0,14.0,74.0,1,2,1
Ishotyou#2234,Ishotyou,2234,2026-06-24T15:30:45,Ishotyou,2234,Platinum 1,Platinum 1,Gold 1,ec19bafa-9883-48ba-9996-f77705dae927,"22/6/26, 21:30",Competitive,Lotus,Sage,Win,13,9,22,550,171,14,17,7,-3,0.8,-66.0,103.1,33.0,86.0,1,3,1
Ishotyou#2234,Ishotyou,2234,2026-06-24T15:30:45,Ishotyou,2234,Platinum 1,Platinum 1,Gold 3,421f3abd-f04d-4f45-81d3-b66efc17c14f,"22/6/26, 21:15",Competitive,Ascent,Clove,Win,6,0,6,692,197,4,3,7,1,1.3,-20.0,126.2,27.0,100.0,1,0,0
Ishotyou#2234,Ishotyou,2234,2026-06-24T15:30:45,Ishotyou,2234,Platinum 1,Platinum 1,Gold 3,5d51fdfd-f7ad-492c-a5d7-df0b44855ca8,"22/6/26, 20:32",Competitive,Fracture,Clove,Loss,10,13,23,676,277,23,20,6,3,1.1,38.0,180.7,43.0,70.0,3,2,3
Ishotyou#2234,Ishotyou,2234,2026-06-24T15:30:45,Ishotyou,2234,Platinum 1,Platinum 1,Bronze 2,4e845357-421d-4aa8-bb4c-907ca35a8a3c,"22/6/26, 20:02",Competitive,Breeze,Sage,Win,13,3,16,965,286,21,4,0,17,5.2,106.0,189.0,36.0,94.0,1,0,3
Ishotyou#2234,Ishotyou,2234,2026-06-24T15:30:45,Ishotyou,2234,Platinum 1,Platinum 1,Bronze 3,6761c6a0-5af0-4689-8c3e-02a1a081a949,"21/6/26, 23:15",Competitive,Pearl,Sage,Loss,12,14,26,484,176,17,20,19,-3,0.8,-48.0,103.0,21.0,81.0,1,0,1
Ishotyou#2234,Ishotyou,2234,2026-06-24T15:30:45,Ishotyou,2234,Platinum 1,Platinum 1,Gold 1,51d837b9-d6c4-435a-bafe-3bba9ae981c1,"21/6/26, 22:13",Competitive,Fracture,Chamber,Win,13,5,18,723,212,16,11,2,5,1.4,4.0,133.6,16.0,83.0,1,2,1
Ishotyou#2234,Ishotyou,2234,2026-06-24T15:30:45,Ishotyou,2234,Platinum 1,Platinum 1,Gold 1,6633abee-ac32-455d-b1b9-fe4c74e2027d,"21/6/26, 20:31",Competitive,Split,Deadlock,Loss,5,13,18,330,176,12,14,1,-2,0.9,-20.0,123.0,31.0,67.0,0,1,1
Ishotyou#2234,Ishotyou,2234,2026-06-24T15:30:45,Ishotyou,2234,Platinum 1,Platinum 1,Gold 1,041b8efd-da9f-48e9-8186-9a2b935b02a0,"21/6/26, 19:45",Competitive,Pearl,Chamber,Loss,12,14,26,223,136,13,20,3,-7,0.7,-56.0,83.8,27.0,58.0,0,3,0
Ishotyou#2234,Ishotyou,2234,2026-06-24T15:30:45,Ishotyou,2234,Platinum 1,Platinum 1,Gold 1,8637e274-0677-481e-acc2-5f7785b862a3,"21/6/26, 19:06",Competitive,Ascent,Deadlock,Loss,9,13,22,550,225,17,14,7,3,1.2,18.0,155.6,24.0,68.0,2,2,1
Ishotyou#2234,Ishotyou,2234,2026-06-24T15:30:45,Ishotyou,2234,Platinum 1,Platinum 1,Silver 3,9b6cc4cf-dd4d-4694-8c84-09b586e1cbab,"19/6/26, 22:52",Competitive,Lotus,Clove,Loss,8,13,21,477,194,15,17,9,-2,0.9,-26.0,123.1,38.0,76.0,1,3,1
Ishotyou#2234,Ishotyou,2234,2026-06-24T15:30:45,Ishotyou,2234,Platinum 1,Platinum 1,Silver 1,c55ffd9f-3bda-4f1e-921a-4661ccb03ba8,"19/6/26, 22:14",Competitive,Pearl,Sage,Win,13,8,21,841,228,17,13,12,4,1.3,34.0,170.9,37.0,90.0,1,1,1
Ishotyou#2234,Ishotyou,2234,2026-06-24T15:30:45,Ishotyou,2234,Platinum 1,Platinum 1,Gold 1,215c721f-fb75-41e1-94c7-7fc2b1b57e7e,"19/6/26, 12:22",Competitive,Fracture,Chamber,Win,13,11,24,829,268,19,17,6,2,1.1,56.0,188.1,26.0,79.0,2,1,3
Ishotyou#2234,Ishotyou,2234,2026-06-24T15:30:45,Ishotyou,2234,Platinum 1,Platinum 1,Gold 1,c8ea386b-68f0-471c-b6d7-b1b74c92bc2c,"19/6/26, 11:34",Competitive,Fracture,Chamber,Loss,10,13,23,444,201,17,15,1,2,1.1,21.0,149.8,22.0,57.0,1,1,1
Ishotyou#2234,Ishotyou,2234,2026-06-24T15:30:45,Ishotyou,2234,Platinum 1,Platinum 1,Silver 3,d549ba41-bc88-46fa-bbad-2d118e7fdc57,"19/6/26, 11:01",Competitive,Breeze,Clove,Win,13,7,20,334,150,10,15,5,-5,0.7,-40.0,94.8,32.0,60.0,2,1,1
Ishotyou#2234,Ishotyou,2234,2026-06-24T15:30:45,Ishotyou,2234,Platinum 1,Platinum 1,Silver 1,624980ae-4765-4808-ae39-5125daf89af9,"19/6/26, 10:18",Competitive,Split,Clove,Loss,10,13,23,546,205,17,19,3,-2,0.9,-2.0,136.2,22.0,74.0,0,0,1
Ishotyou#2234,Ishotyou,2234,2026-06-24T15:30:45,Ishotyou,2234,Platinum 1,Platinum 1,Silver 2,f59df465-3e48-4836-a8d0-229f8a8757d8,"18/6/26, 22:06",Competitive,Breeze,Neon,Win,13,8,21,425,171,14,16,3,-2,0.9,-64.0,94.2,22.0,71.0,2,1,0
Ishotyou#2234,Ishotyou,2234,2026-06-24T15:30:45,Ishotyou,2234,Platinum 1,Platinum 1,Silver 1,df072392-848e-4c8c-b6c1-ec37a5a68d41,"18/6/26, 21:23",Competitive,Haven,Clove,Win,13,11,24,955,342,32,16,4,16,2.0,65.0,196.2,28.0,96.0,1,3,8
Ishotyou#2234,Ishotyou,2234,2026-06-24T15:30:45,Ishotyou,2234,Platinum 1,Platinum 1,Silver 2,c80e87c9-ca97-4703-a9b0-e1c8fb1aa3b0,"18/6/26, 20:43",Competitive,Ascent,Gekko,Loss,5,13,18,116,100,7,15,3,-8,0.5,-83.0,72.2,33.0,61.0,0,1,1
Ishotyou#2234,Ishotyou,2234,2026-06-24T15:30:45,Ishotyou,2234,Platinum 1,Platinum 1,Gold 2,201a70b0-165c-4ebf-9a29-2d2d6aa4a8cb,"18/6/26, 19:55",Competitive,Lotus,Sage,Loss,13,15,28,525,187,17,23,10,-6,0.7,-18.0,126.4,29.0,75.0,0,0,0
FF10#FF1,FF10,FF1,2026-06-24T15:42:13,FF10,FF1,Gold 3,Gold 3,Silver 2,1bbee619-47c2-4ca4-98fe-a6922ab7d61b,"22/6/26, 22:53",Competitive,Fracture,Sage,Win,13,11,24,604,208,16,18,9,-2,0.9,-6.0,149.9,22.0,75.0,1,2,1
FF10#FF1,FF10,FF1,2026-06-24T15:42:13,FF10,FF1,Gold 3,Gold 3,Silver 2,f99f26c1-9489-47c7-a575-f4021aa10c3f,"22/6/26, 22:09",Competitive,Haven,Sage,Win,13,9,22,435,156,12,17,7,-5,0.7,-53.0,91.8,14.0,73.0,0,2,1
FF10#FF1,FF10,FF1,2026-06-24T15:42:13,FF10,FF1,Gold 3,Gold 3,Silver 3,208a5a98-4c79-48a2-9008-3172a4c2f616,"22/6/26, 21:14",Competitive,Lotus,Sage,Win,13,10,23,706,251,20,17,5,3,1.2,12.0,168.1,15.0,74.0,5,4,1
FF10#FF1,FF10,FF1,2026-06-24T15:42:13,FF10,FF1,Gold 3,Gold 3,Gold 3,b79b593e-887f-4b77-9c85-20b7c073d6fd,"22/6/26, 20:38",Competitive,Lotus,Sage,Loss,6,13,19,216,168,9,19,6,-10,0.5,-54.0,114.2,14.0,58.0,0,2,1
FF10#FF1,FF10,FF1,2026-06-24T15:42:13,FF10,FF1,Gold 3,Gold 3,Gold 1,13535847-35c0-4eaf-b2c6-38eb60898bde,"21/6/26, 22:35",Competitive,Fracture,Reyna,Win,13,11,24,502,211,15,20,8,-5,0.8,-1.0,149.8,16.0,62.0,1,2,0
FF10#FF1,FF10,FF1,2026-06-24T15:42:13,FF10,FF1,Gold 3,Gold 3,Silver 3,b70ee820-fce0-4861-9018-4453773a9f4b,"21/6/26, 21:48",Competitive,Split,Reyna,Win,13,11,24,635,264,22,17,6,5,1.3,30.0,180.7,14.0,62.0,1,2,3
FF10#FF1,FF10,FF1,2026-06-24T15:42:13,FF10,FF1,Gold 3,Gold 3,Silver 3,d4e8a612-a343-44ff-ad2b-baa8931e8326,"21/6/26, 21:07",Competitive,Ascent,Sage,Loss,10,13,23,263,146,9,19,9,-10,0.5,-59.0,105.3,12.0,65.0,2,5,0
FF10#FF1,FF10,FF1,2026-06-24T15:42:13,FF10,FF1,Gold 3,Gold 3,Silver 3,69127721-0b26-488f-9d01-2ef8a29d7760,"21/6/26, 20:28",Competitive,Haven,Sage,Loss,7,13,20,204,192,12,19,3,-7,0.6,-70.0,114.3,17.0,45.0,3,4,1
FF10#FF1,FF10,FF1,2026-06-24T15:42:13,FF10,FF1,Gold 3,Gold 3,Gold 2,73e2533c-b290-4bbc-a3fa-be475ba54ec0,"21/6/26, 18:49",Competitive,Fracture,Sage,Win,13,9,22,823,301,21,17,7,4,1.2,58.0,211.1,20.0,73.0,3,4,1
FF10#FF1,FF10,FF1,2026-06-24T15:42:13,FF10,FF1,Gold 3,Gold 3,Bronze 2,2286a8bd-625c-4277-9664-83c0beb393c4,"21/6/26, 18:08",Competitive,Haven,Sage,Loss,10,13,23,190,146,13,19,7,-6,0.7,-66.0,85.2,16.0,52.0,1,6,0
FF10#FF1,FF10,FF1,2026-06-24T15:42:13,FF10,FF1,Gold 3,Gold 3,Silver 2,c9f8d1dc-a6d7-4e33-ac2e-ebb218be2a10,"21/6/26, 16:21",Competitive,Breeze,Sage,Loss,8,13,21,269,171,10,19,9,-9,0.5,-48.0,109.3,16.0,62.0,2,5,1
FF10#FF1,FF10,FF1,2026-06-24T15:42:13,FF10,FF1,Gold 3,Gold 3,Gold 3,d0b70f23-db26-4a34-a507-7d3292bbe7ea,"21/6/26, 14:47",Competitive,Breeze,Sage,Win,13,3,16,726,268,16,11,5,5,1.4,29.0,174.6,21.0,69.0,2,1,2
FF10#FF1,FF10,FF1,2026-06-24T15:42:13,FF10,FF1,Gold 3,Gold 3,Silver 1,34257111-858a-4452-8a4f-0c17b506d7f2,"21/6/26, 14:00",Competitive,Fracture,Sage,Win,8,4,12,539,168,6,10,6,-4,0.6,-13.0,129.4,17.0,75.0,1,2,0
FF10#FF1,FF10,FF1,2026-06-24T15:42:13,FF10,FF1,Gold 3,Gold 3,Silver 3,94dd65c2-435c-4ecc-aad8-402f51786cc6,"21/6/26, 13:26",Competitive,Ascent,Sage,Loss,4,13,17,100,141,7,17,3,-10,0.4,-69.0,92.3,9.0,41.0,2,5,0
FF10#FF1,FF10,FF1,2026-06-24T15:42:13,FF10,FF1,Gold 3,Gold 3,Gold 2,1ed526ca-2d55-4035-94d4-5c052dc34a99,"20/6/26, 21:26",Competitive,Split,Sage,Loss,6,13,19,156,142,9,16,2,-7,0.6,-52.0,92.9,10.0,53.0,1,4,1
FF10#FF1,FF10,FF1,2026-06-24T15:42:13,FF10,FF1,Gold 3,Gold 3,Bronze 3,85d0c28c-3310-4ee2-aebe-8732281d1a83,"20/6/26, 20:20",Competitive,Lotus,Sage,Win,13,6,19,861,328,24,12,5,12,2.0,76.0,203.1,20.0,74.0,1,1,4
FF10#FF1,FF10,FF1,2026-06-24T15:42:13,FF10,FF1,Gold 3,Gold 3,Gold 2,2213f511-90b2-4309-9ac0-2f765804ac67,"20/6/26, 19:00",Competitive,Lotus,Sage,Win,13,9,22,425,149,12,14,7,-2,0.9,-23.0,98.4,15.0,68.0,0,3,0
FF10#FF1,FF10,FF1,2026-06-24T15:42:13,FF10,FF1,Gold 3,Gold 3,Silver 1,0fb908a8-92fa-465a-ab01-a041712f23a0,"20/6/26, 13:55",Competitive,Split,Sage,Win,13,7,20,670,234,15,17,13,-2,0.9,-4.0,147.6,13.0,75.0,5,4,2
FF10#FF1,FF10,FF1,2026-06-24T15:42:13,FF10,FF1,Gold 3,Gold 3,Gold 2,083d308c-7b68-4eee-9fc9-af1b7250db46,"20/6/26, 13:15",Competitive,Fracture,Sage,Win,13,8,21,528,211,16,17,4,-1,0.9,-2.0,136.6,39.0,62.0,6,3,0
FF10#FF1,FF10,FF1,2026-06-24T15:42:13,FF10,FF1,Gold 3,Gold 3,Silver 2,a11a76df-2415-4c16-a1fa-63f37922a1ae,"20/6/26, 12:15",Competitive,Fracture,Reyna,Win,14,12,26,370,186,15,23,3,-8,0.7,-32.0,128.0,18.0,58.0,4,4,0
Kyojuro#BOT,Kyojuro,BOT,2026-06-24T15:45:10,Kyojuro,BOT,Gold 3,Gold 3,Silver 2,9e398800-839a-4439-8807-bcbfcfbcf7f7,"20/6/26, 23:39",Competitive,Fracture,Raze,Loss,11,13,24,663,240,19,18,7,1,1.1,18.0,163.3,9.0,75.0,4,2,0
Kyojuro#BOT,Kyojuro,BOT,2026-06-24T15:45:10,Kyojuro,BOT,Gold 3,Gold 3,Silver 3,46ebda94-7dab-45e5-a099-f105a7817e9b,"20/6/26, 23:09",Competitive,Haven,Raze,Win,13,5,18,801,248,16,10,2,6,1.6,41.0,151.3,7.0,78.0,5,2,1
Kyojuro#BOT,Kyojuro,BOT,2026-06-24T15:45:10,Kyojuro,BOT,Gold 3,Gold 3,Silver 1,a22f0c10-4638-4b2d-b5b3-eb9e6c325632,"20/6/26, 22:22",Competitive,Ascent,Cypher,Loss,10,13,23,363,196,13,21,12,-8,0.6,-45.0,124.4,11.0,65.0,2,1,1
Kyojuro#BOT,Kyojuro,BOT,2026-06-24T15:45:10,Kyojuro,BOT,Gold 3,Gold 3,Silver 3,8cdf2b99-5885-4aba-b329-9ea1eb9f4b39,"20/6/26, 21:34",Competitive,Breeze,Killjoy,Loss,12,14,26,409,170,16,16,2,0,-23.0,101.8,10.0,69.0,0.0,2,0,356
Kyojuro#BOT,Kyojuro,BOT,2026-06-24T15:45:10,Kyojuro,BOT,Gold 3,Gold 3,Bronze 3,04885a15-d5e2-45ec-b1d8-6571617c8715,"20/6/26, 20:54",Competitive,Fracture,Killjoy,Win,13,8,21,865,243,20,9,4,11,2.2,53.0,152.9,12.0,86.0,2,0,1
Kyojuro#BOT,Kyojuro,BOT,2026-06-24T15:45:10,Kyojuro,BOT,Gold 3,Gold 3,Silver 2,a221ac2f-0bca-4f5e-a07f-97b1296ad7d2,"14/6/26, 18:03",Competitive,Split,Raze,Win,13,11,24,590,215,16,18,5,-2,0.9,-2.0,133.5,6.0,71.0,3,4,0
Kyojuro#BOT,Kyojuro,BOT,2026-06-24T15:45:10,Kyojuro,BOT,Gold 3,Gold 3,Gold 1,b9ee428b-07b0-4358-bbe8-acb3e8e30003,"14/6/26, 17:28",Competitive,Split,Chamber,Loss,5,13,18,352,186,10,15,5,-5,0.7,-21.0,112.3,6.0,67.0,1,2,0
Kyojuro#BOT,Kyojuro,BOT,2026-06-24T15:45:10,Kyojuro,BOT,Gold 3,Gold 3,Silver 2,fda61b2f-583f-4093-b0d8-5b46a3e6a5b8,"14/6/26, 16:44",Competitive,Fracture,Killjoy,Loss,10,13,23,472,213,17,16,4,1,1.1,12.0,144.1,9.0,61.0,0,2,2
Kyojuro#BOT,Kyojuro,BOT,2026-06-24T15:45:10,Kyojuro,BOT,Gold 3,Gold 3,Bronze 3,59797cce-8775-4987-ab5b-2436921cc328,"14/6/26, 0:23",Competitive,Haven,Omen,Win,13,10,23,889,257,21,14,10,7,1.5,45.0,160.0,14.0,96.0,1,1,1
Kyojuro#BOT,Kyojuro,BOT,2026-06-24T15:45:10,Kyojuro,BOT,Gold 3,Gold 3,Gold 1,c823d2f2-2719-47a9-90d6-9eea7260e3c2,"13/6/26, 23:43",Competitive,Ascent,Gekko,Loss,8,13,21,772,323,20,18,9,2,1.1,57.0,206.2,10.0,76.0,5,2,2
Kyojuro#BOT,Kyojuro,BOT,2026-06-24T15:45:10,Kyojuro,BOT,Gold 3,Gold 3,Silver 3,44e186e7-e17b-4820-8d47-89e891eb8588,"13/6/26, 23:06",Competitive,Lotus,Omen,Loss,8,13,21,340,172,10,17,10,-7,0.6,-53.0,109.2,10.0,71.0,1,3,0
Kyojuro#BOT,Kyojuro,BOT,2026-06-24T15:45:10,Kyojuro,BOT,Gold 3,Gold 3,Silver 1,6a05c1b3-2433-4415-a5a1-9e01fe008b40,"13/6/26, 22:29",Competitive,Pearl,Killjoy,Win,13,7,20,817,203,15,7,5,8,2.1,79.0,143.2,12.0,85.0,1,0,0
Kyojuro#BOT,Kyojuro,BOT,2026-06-24T15:45:10,Kyojuro,BOT,Gold 3,Gold 3,Gold 1,99fd08ee-5545-40b2-8915-9bad6b1e47b3,"7/6/26, 0:33",Competitive,Fracture,Killjoy,Loss,14,16,30,649,224,24,21,4,3,1.1,-3.0,139.6,8.0,77.0,1,1,1
Kyojuro#BOT,Kyojuro,BOT,2026-06-24T15:45:10,Kyojuro,BOT,Gold 3,Gold 3,Silver 2,723d3d3c-4dcf-4ec0-87c1-41adc7dc7530,"6/6/26, 23:57",Competitive,Haven,Breach,Loss,7,13,20,436,218,15,19,3,-4,0.8,-28.0,135.4,21.0,70.0,4,4,2
Kyojuro#BOT,Kyojuro,BOT,2026-06-24T15:45:10,Kyojuro,BOT,Gold 3,Gold 3,Gold 1,d24c8f5e-4748-429b-b856-c41f3e67404b,"6/6/26, 23:24",Competitive,Lotus,Killjoy,Win,13,6,19,681,246,16,13,4,3,1.2,27.0,151.6,11.0,68.0,2,2,2
Kyojuro#BOT,Kyojuro,BOT,2026-06-24T15:45:10,Kyojuro,BOT,Gold 3,Gold 3,Silver 3,91334a59-6964-4e1b-8ae0-6c8f560b38b2,"5/6/26, 11:30",Competitive,Split,Sage,Win,13,7,20,728,233,20,10,10,10,2.0,-1.0,119.6,8.0,80.0,1,1,1
Kyojuro#BOT,Kyojuro,BOT,2026-06-24T15:45:10,Kyojuro,BOT,Gold 3,Gold 3,Gold 1,3950feba-88bf-4e50-b693-044f760c845c,"5/6/26, 10:48",Competitive,Lotus,Chamber,Win,13,8,21,891,287,22,12,2,10,1.8,61.0,185.1,13.0,81.0,6,1,0
Kyojuro#BOT,Kyojuro,BOT,2026-06-24T15:45:10,Kyojuro,BOT,Gold 3,Gold 3,Gold 1,fef9aa15-0c5a-4a53-ac56-ee3c53475667,"3/6/26, 18:33",Competitive,Split,Killjoy,Loss,11,13,24,405,199,15,20,8,-5,0.8,-35.0,120.2,9.0,67.0,2,3,1
Kyojuro#BOT,Kyojuro,BOT,2026-06-24T15:45:10,Kyojuro,BOT,Gold 3,Gold 3,Gold 1,2956f4dd-50b0-4806-adb8-91ebb8f1ac94,"3/6/26, 18:01",Competitive,Pearl,KAY/O,Loss,3,13,16,257,189,9,15,4,-6,0.6,-47.0,125.9,8.0,62.0,0,5,1
Kyojuro#BOT,Kyojuro,BOT,2026-06-24T15:45:10,Kyojuro,BOT,Gold 3,Gold 3,Silver 3,e30e8586-025f-40c8-9469-057a56afd1bb,"3/6/26, 17:01",Competitive,Pearl,Sova,Loss,7,13,20,243,150,8,18,5,-10,0.4,-48.0,96.7,13.0,65.0,1,5,0
CarlYohn#LAS,CarlYohn,LAS,2026-06-24T15:48:43,CarlYohn,LAS,Gold 3,Gold 3,Gold 1,4ad2b940-78d5-41a7-92aa-00f4603e59ca,"21/6/26, 23:25",Competitive,Fracture,Skye,Loss,14,16,30,617,221,23,22,8,1,1.1,9.0,142.6,29.0,73.0,1,0,2
CarlYohn#LAS,CarlYohn,LAS,2026-06-24T15:48:43,CarlYohn,LAS,Gold 3,Gold 3,Silver 2,933bc70c-85a7-494a-9d1a-86d8fa7e1662,"21/6/26, 1:04",Competitive,Pearl,Skye,Loss,8,13,21,203,175,11,19,2,-8,0.6,-55.0,109.7,13.0,43.0,1,3,1
CarlYohn#LAS,CarlYohn,LAS,2026-06-24T15:48:43,CarlYohn,LAS,Gold 3,Gold 3,Gold 1,05f7c202-94cf-4cc2-8523-3be24d47ee33,"21/6/26, 0:28",Competitive,Lotus,Skye,Loss,7,13,20,263,183,13,17,5,-4,0.8,-34.0,123.8,20.0,55.0,1,1,0
CarlYohn#LAS,CarlYohn,LAS,2026-06-24T15:48:43,CarlYohn,LAS,Gold 3,Gold 3,Silver 3,a6fc3d7b-d39e-4638-b1fe-2abd7202dca5,"19/6/26, 23:45",Competitive,Fracture,Skye,Win,13,1,14,796,194,10,5,4,5,2.0,68.0,139.4,20.0,86.0,0,1,1
CarlYohn#LAS,CarlYohn,LAS,2026-06-24T15:48:43,CarlYohn,LAS,Gold 3,Gold 3,Gold 3,ed0e6dc3-ab71-42c7-9119-aa797be621ef,"19/6/26, 0:39",Competitive,Split,Clove,Loss,6,13,19,288,168,11,16,4,-5,0.7,-53.0,106.0,21.0,68.0,0,3,1
CarlYohn#LAS,CarlYohn,LAS,2026-06-24T15:48:43,CarlYohn,LAS,Gold 3,Gold 3,Gold 2,08f3e9cb-1030-4806-9693-56e7c72e62e9,"18/6/26, 23:55",Competitive,Ascent,Sova,Loss,9,13,22,346,179,13,19,5,-6,0.7,-48.0,119.0,24.0,68.0,2,2,0
CarlYohn#LAS,CarlYohn,LAS,2026-06-24T15:48:43,CarlYohn,LAS,Gold 3,Gold 3,Silver 3,f8b113a8-e680-43e8-8136-c983033622c4,"18/6/26, 23:14",Competitive,Pearl,Skye,Win,13,7,20,861,236,17,12,11,5,1.4,39.0,164.1,36.0,90.0,2,2,3
CarlYohn#LAS,CarlYohn,LAS,2026-06-24T15:48:43,CarlYohn,LAS,Gold 3,Gold 3,Gold 3,8f47d5ee-3633-4868-b511-01bc884caf4e,"17/6/26, 23:43",Competitive,Breeze,Sova,Win,13,5,18,940,306,18,11,9,7,1.6,103.0,206.7,31.0,83.0,0,0,2
CarlYohn#LAS,CarlYohn,LAS,2026-06-24T15:48:43,CarlYohn,LAS,Gold 3,Gold 3,Silver 3,ba02eecd-29a7-4bab-aa7a-33ef38a6597f,"17/6/26, 23:05",Competitive,Fracture,Skye,Win,13,7,20,531,140,9,10,9,-1,0.9,-22.0,97.3,18.0,80.0,0,0,1
CarlYohn#LAS,CarlYohn,LAS,2026-06-24T15:48:43,CarlYohn,LAS,Gold 3,Gold 3,Gold 3,a9483c21-1c62-4218-b303-08fd33ee51fb,"16/6/26, 23:59",Competitive,Breeze,Sage,Loss,8,13,21,243,171,14,19,6,-5,0.7,-68.0,102.6,15.0,62.0,2,3,0
CarlYohn#LAS,CarlYohn,LAS,2026-06-24T15:48:43,CarlYohn,LAS,Gold 3,Gold 3,Silver 1,affdab1d-d156-4136-bfe0-21a2865e03a5,"16/6/26, 23:14",Competitive,Ascent,Killjoy,Loss,5,13,18,234,165,9,13,3,-4,0.7,-15.0,125.6,16.0,50.0,0,1,0
CarlYohn#LAS,CarlYohn,LAS,2026-06-24T15:48:43,CarlYohn,LAS,Gold 3,Gold 3,Gold 3,43cbb495-3b55-4a68-8bcf-b383ef23fd5e,"14/6/26, 23:55",Competitive,Ascent,Skye,Win,13,11,24,605,172,13,14,7,-1,0.9,9.0,116.3,16.0,79.0,1,1,1
CarlYohn#LAS,CarlYohn,LAS,2026-06-24T15:48:43,CarlYohn,LAS,Gold 3,Gold 3,Gold 2,68158be9-19ba-4468-ae1c-21894788eb90,"12/6/26, 23:35",Competitive,Fracture,Brimstone,Loss,10,13,23,716,254,21,19,11,2,1.1,3.0,147.7,16.0,83.0,1,2,1
CarlYohn#LAS,CarlYohn,LAS,2026-06-24T15:48:43,CarlYohn,LAS,Gold 3,Gold 3,Silver 3,ecefbf66-47e0-4980-b942-7ef49745530c,"12/6/26, 23:01",Competitive,Haven,Sage,Win,13,5,18,652,207,13,14,14,-1,0.9,-7.0,135.5,13.0,78.0,2,2,0
CarlYohn#LAS,CarlYohn,LAS,2026-06-24T15:48:43,CarlYohn,LAS,Gold 3,Gold 3,Silver 2,46240c18-7a04-4ec2-b7a7-7ccf6d675bea,"12/6/26, 0:39",Competitive,Lotus,Skye,Win,13,6,19,749,231,18,11,8,7,1.6,52.0,153.8,35.0,74.0,0,1,1
CarlYohn#LAS,CarlYohn,LAS,2026-06-24T15:48:43,CarlYohn,LAS,Gold 3,Gold 3,Silver 1,7161ced1-37d1-441f-b23c-d90a9f8a902d,"11/6/26, 23:58",Competitive,Breeze,Clove,Loss,6,13,19,248,167,10,22,3,-12,0.5,-106.0,111.8,15.0,68.0,3,3,0
CarlYohn#LAS,CarlYohn,LAS,2026-06-24T15:48:43,CarlYohn,LAS,Gold 3,Gold 3,Silver 1,8c8a3fac-9efd-4b5d-a608-7ad03096de5e,"11/6/26, 16:40",Competitive,Pearl,Skye,Win,13,9,22,255,97,8,13,3,-5,0.6,-60.0,64.8,43.0,59.0,1,3,0
CarlYohn#LAS,CarlYohn,LAS,2026-06-24T15:48:43,CarlYohn,LAS,Gold 3,Gold 3,Gold 1,494e1cae-a3c0-4aba-8454-8c808d1ac534,"10/6/26, 23:09",Competitive,Lotus,Skye,Loss,13,15,28,564,234,23,20,9,3,1.1,28.0,152.7,31.0,61.0,2,4,3
CarlYohn#LAS,CarlYohn,LAS,2026-06-24T15:48:43,CarlYohn,LAS,Gold 3,Gold 3,Silver 2,a443c5c5-5de6-4d13-bf22-837c8e770754,"10/6/26, 22:30",Competitive,Haven,Sage,Loss,9,13,22,326,174,13,17,4,-4,0.8,-33.0,119.8,24.0,64.0,2,2,0
CarlYohn#LAS,CarlYohn,LAS,2026-06-24T15:48:43,CarlYohn,LAS,Gold 3,Gold 3,Gold 1,6696b7f3-0544-4797-ae34-fa941b272478,"10/6/26, 0:05",Competitive,Breeze,Sova,Loss,12,14,26,719,244,24,17,9,7,1.4,36.0,155.8,25.0,77.0,2,2,1
G4TN#G4TN,G4TN,G4TN,2026-06-24T15:51:41,G4TN,G4TN,Platinum 1,Platinum 1,Silver 1,09ede54b-b0a0-47c0-ae92-ac467f8cda4f,"22/6/26, 21:14",Competitive,Fracture,Tejo,Loss,12,14,26,643,240,21,19,4,2,1.1,18.0,157.0,19.0,73.0,6,4,2
G4TN#G4TN,G4TN,G4TN,2026-06-24T15:51:41,G4TN,G4TN,Platinum 1,Platinum 1,Gold 2,ff4ab7c9-32d1-4c9d-8c96-502943218b7b,"22/6/26, 2:02",Competitive,Haven,Sova,Win,13,7,20,880,270,20,14,8,6,1.4,40.0,176.3,23.0,85.0,1,0,2
G4TN#G4TN,G4TN,G4TN,2026-06-24T15:51:41,G4TN,G4TN,Platinum 1,Platinum 1,Gold 2,95994a70-9a7e-4736-a132-f6daa5269bf7,"19/6/26, 21:22",Competitive,Breeze,Unknown,Win,13,9,22,732,216,15,14,13,1,1.1,31.0,141.7,26.0,77.0,0,2,1
G4TN#G4TN,G4TN,G4TN,2026-06-24T15:51:41,G4TN,G4TN,Platinum 1,Platinum 1,Silver 2,a474f2a0-778a-4268-b88c-30d66e08766f,"19/6/26, 20:54",Competitive,Pearl,Sova,Loss,5,13,18,687,261,14,17,7,-3,0.8,-7.0,167.7,32.0,94.0,2,1,0
G4TN#G4TN,G4TN,G4TN,2026-06-24T15:51:41,G4TN,G4TN,Platinum 1,Platinum 1,Gold 2,8f499343-cc61-4ceb-b497-d304753b0d6a,"19/6/26, 20:05",Competitive,Pearl,Chamber,Loss,11,13,24,794,309,23,19,10,4,1.2,68.0,204.5,15.0,75.0,8,3,0
G4TN#G4TN,G4TN,G4TN,2026-06-24T15:51:41,G4TN,G4TN,Platinum 1,Platinum 1,Silver 1,6a219e53-3a3f-4bef-a7e6-aad2bb0ee640,"19/6/26, 17:16",Competitive,Haven,Tejo,Win,17,15,32,639,229,24,21,9,3,1.1,30.0,148.4,24.0,69.0,5,3,2
G4TN#G4TN,G4TN,G4TN,2026-06-24T15:51:41,G4TN,G4TN,Platinum 1,Platinum 1,Silver 2,c6249035-491e-443a-a616-cb8d1554cbf5,"19/6/26, 4:18",Competitive,Fracture,Tejo,Loss,10,13,23,537,210,16,17,4,-1,0.9,-11.0,134.7,35.0,74.0,3,4,2
G4TN#G4TN,G4TN,G4TN,2026-06-24T15:51:41,G4TN,G4TN,Platinum 1,Platinum 1,Silver 2,f522e969-2a69-47e8-9372-94cfa80fb3ec,"19/6/26, 3:29",Competitive,Lotus,Reyna,Win,13,5,18,918,370,25,10,3,15,2.5,126.0,246.1,33.0,78.0,8,1,3
G4TN#G4TN,G4TN,G4TN,2026-06-24T15:51:41,G4TN,G4TN,Platinum 1,Platinum 1,Silver 2,0bf0011d-6b92-4f99-a7a1-c3e09432751a,"19/6/26, 2:55",Competitive,Breeze,Raze,Win,13,4,17,927,286,19,10,2,9,1.9,57.0,184.7,29.0,88.0,5,2,1
G4TN#G4TN,G4TN,G4TN,2026-06-24T15:51:41,G4TN,G4TN,Platinum 1,Platinum 1,Gold 1,93c76dce-f36f-4ca5-a771-0b5002b8a3f3,"8/6/26, 20:01",Competitive,Pearl,Jett,Loss,9,13,22,866,374,26,16,5,10,1.6,107.0,249.3,28.0,82.0,4,3,3
G4TN#G4TN,G4TN,G4TN,2026-06-24T15:51:41,G4TN,G4TN,Platinum 1,Platinum 1,Silver 2,ead0eb5b-9b43-498a-89e8-c9820d90dee3,"6/6/26, 0:01",Competitive,Fracture,Viper,Loss,13,15,28,859,294,28,20,11,8,1.4,36.0,190.3,17.0,86.0,2,5,1
G4TN#G4TN,G4TN,G4TN,2026-06-24T15:51:41,G4TN,G4TN,Platinum 1,Platinum 1,Gold 1,4ac3aba9-2402-4b7f-ba25-2f89bf2b78fe,"5/6/26, 18:33",Competitive,Split,Viper,Win,13,5,18,904,284,20,10,6,10,2.0,62.0,180.6,12.0,83.0,4,1,2
G4TN#G4TN,G4TN,G4TN,2026-06-24T15:51:41,G4TN,G4TN,Platinum 1,Platinum 1,Silver 2,8b0bfef9-0a61-4641-88a5-d3766948eb1f,"5/6/26, 18:08",Competitive,Fracture,Unknown,Win,11,1,12,746,166,9,5,7,4,1.8,39.0,113.6,27.0,92.0,1,0,0
G4TN#G4TN,G4TN,G4TN,2026-06-24T15:51:41,G4TN,G4TN,Platinum 1,Platinum 1,Silver 1,72302cd6-2643-47f1-a813-72d638f7e5c0,"3/6/26, 20:35",Competitive,Split,Sova,Win,15,13,28,771,266,25,18,12,7,1.4,53.0,180.8,19.0,75.0,0,3,2
G4TN#G4TN,G4TN,G4TN,2026-06-24T15:51:41,G4TN,G4TN,Platinum 1,Platinum 1,Silver 1,69060c50-8a48-4070-bd87-f6f5a0ab7313,"1/6/26, 21:06",Competitive,Haven,Jett,Win,13,5,18,993,393,26,10,3,16,2.6,106.0,236.7,19.0,89.0,4,3,4
G4TN#G4TN,G4TN,G4TN,2026-06-24T15:51:41,G4TN,G4TN,Platinum 1,Platinum 1,Gold 1,c46fd7e0-a024-4d05-b776-3db5240e0c05,"26/5/26, 18:27",Competitive,Breeze,Raze,Loss,11,13,24,858,348,30,18,4,12,1.7,79.0,221.6,16.0,79.0,6,2,4
G4TN#G4TN,G4TN,G4TN,2026-06-24T15:51:41,G4TN,G4TN,Platinum 1,Platinum 1,Gold 1,3a0961b4-f388-4096-b17d-eaff8b9295c7,"26/5/26, 17:44",Competitive,Haven,Clove,Loss,6,13,19,711,329,24,19,3,5,1.3,41.0,203.4,28.0,74.0,1,1,5
G4TN#G4TN,G4TN,G4TN,2026-06-24T15:51:41,G4TN,G4TN,Platinum 1,Platinum 1,Bronze 2,2d8cb23e-9ada-49d6-91b9-0bc84a75aa1f,"26/5/26, 17:13",Competitive,Ascent,Jett,Loss,6,13,19,637,275,18,16,2,2,1.1,17.0,170.4,24.0,74.0,2,2,1
G4TN#G4TN,G4TN,G4TN,2026-06-24T15:51:41,G4TN,G4TN,Platinum 1,Platinum 1,Silver 2,459b44f1-1707-4142-944d-523005e95c02,"25/5/26, 19:12",Competitive,Breeze,Sova,Loss,10,13,23,457,191,13,19,8,-6,0.7,-13.0,136.8,20.0,70.0,0,2,1
G4TN#G4TN,G4TN,G4TN,2026-06-24T15:51:41,G4TN,G4TN,Platinum 1,Platinum 1,Bronze 2,95aaee31-f494-4fd5-9c35-5f3b195266cc,"25/5/26, 18:32",Competitive,Ascent,Jett,Win,13,8,21,353,157,11,18,4,-7,0.6,-43.0,110.7,16.0,62.0,2,3,0
littekensl#4198,littekensl,4198,2026-06-24T15:54:39,littekensl,4198,Gold 3,Gold 3,Silver 3,4ad1db8e-eb55-4506-bc3a-815b5dd67bc5,"20/6/26, 0:21",Competitive,Pearl,Unknown,Loss,8,13,21,606,224,16,14,5,2,1.1,14.0,146.5,19.0,76.0,2,3,1
littekensl#4198,littekensl,4198,2026-06-24T15:54:39,littekensl,4198,Gold 3,Gold 3,Bronze 2,15b3c0e0-1b4a-41e5-8cee-963a1a1d5328,"19/6/26, 23:42",Competitive,Fracture,Breach,Loss,8,13,21,406,203,11,20,8,-9,0.6,-4.0,155.9,11.0,62.0,1,4,1
littekensl#4198,littekensl,4198,2026-06-24T15:54:39,littekensl,4198,Gold 3,Gold 3,Silver 3,d0859a00-8019-408d-99d5-4d4442f05767,"19/6/26, 23:02",Competitive,Haven,Jett,Win,13,10,23,387,150,11,20,7,-9,0.6,-47.0,109.9,16.0,70.0,1,6,0
littekensl#4198,littekensl,4198,2026-06-24T15:54:39,littekensl,4198,Gold 3,Gold 3,Bronze 3,2e08df56-7ae1-4c32-984c-5b6b5b46aaa4,"19/6/26, 22:10",Competitive,Pearl,Reyna,Win,15,13,28,910,342,31,23,9,8,1.4,84.0,238.6,18.0,82.0,4,5,4
littekensl#4198,littekensl,4198,2026-06-24T15:54:39,littekensl,4198,Gold 3,Gold 3,Silver 2,4a401ecf-965d-4cf8-b063-aae5b815ca19,"13/6/26, 22:44",Competitive,Lotus,Unknown,Win,13,10,23,772,269,21,14,7,7,1.5,39.0,169.3,23.0,74.0,6,3,1
littekensl#4198,littekensl,4198,2026-06-24T15:54:39,littekensl,4198,Gold 3,Gold 3,Silver 3,79550a0e-13d1-434a-a4e8-95adef0264a7,"13/6/26, 22:10",Competitive,Lotus,Iso,Loss,6,13,19,463,231,14,16,2,-2,0.9,23.0,161.0,19.0,58.0,3,1,1
littekensl#4198,littekensl,4198,2026-06-24T15:54:39,littekensl,4198,Gold 3,Gold 3,Bronze 3,bbd720d8-4852-494a-b7ca-28329a5d11ca,"13/6/26, 21:34",Competitive,Breeze,Chamber,Loss,9,13,22,774,346,26,17,3,9,1.5,81.0,232.1,23.0,73.0,7,4,3
littekensl#4198,littekensl,4198,2026-06-24T15:54:39,littekensl,4198,Gold 3,Gold 3,Silver 2,a51acfd2-ea5d-4fe3-81c0-16be43d31caa,"7/6/26, 2:27",Competitive,Haven,Chamber,Draw,15,15,30,840,302,31,19,6,12,1.6,70.0,201.5,19.0,77.0,6,3,4
littekensl#4198,littekensl,4198,2026-06-24T15:54:39,littekensl,4198,Gold 3,Gold 3,Bronze 1,f968e375-7917-4fc7-b87e-253ffc77313d,"7/6/26, 1:48",Competitive,Pearl,Fade,Win,13,7,20,937,370,25,13,6,12,1.9,102.0,225.8,14.0,80.0,5,3,3
littekensl#4198,littekensl,4198,2026-06-24T15:54:39,littekensl,4198,Gold 3,Gold 3,Silver 3,aaa56f47-52eb-4fc6-82f1-be827146b44f,"7/6/26, 1:15",Competitive,Ascent,Reyna,Loss,7,13,20,663,255,18,16,4,2,1.1,7.0,169.5,14.0,80.0,2,3,1
littekensl#4198,littekensl,4198,2026-06-24T15:54:39,littekensl,4198,Gold 3,Gold 3,Silver 1,e224efa6-09fd-4943-bad2-9943778e82c6,"7/6/26, 0:37",Competitive,Split,Chamber,Win,13,7,20,750,300,22,14,3,8,1.6,60.0,204.6,21.0,65.0,2,1,3
littekensl#4198,littekensl,4198,2026-06-24T15:54:39,littekensl,4198,Gold 3,Gold 3,Bronze 2,ea48a019-1613-46f6-a17e-c9414fb77bff,"7/6/26, 0:05",Competitive,Ascent,Reyna,Win,13,5,18,904,324,21,12,1,9,1.8,83.0,198.4,17.0,78.0,3,2,2
littekensl#4198,littekensl,4198,2026-06-24T15:54:39,littekensl,4198,Gold 3,Gold 3,Silver 3,9ae143c9-f492-4a38-b40c-babc41e7e2d6,"6/6/26, 23:25",Competitive,Lotus,Omen,Loss,10,13,23,748,258,20,20,9,0,19.0,167.7,8.0,83.0,3.0,1,2,134
littekensl#4198,littekensl,4198,2026-06-24T15:54:39,littekensl,4198,Gold 3,Gold 3,Silver 2,69389e8b-5c09-4075-9865-79325facbb51,"6/6/26, 22:41",Competitive,Haven,Jett,Win,13,9,22,765,282,20,21,4,-1,0.9,1.0,185.6,15.0,77.0,4,7,2
littekensl#4198,littekensl,4198,2026-06-24T15:54:39,littekensl,4198,Gold 3,Gold 3,Silver 2,98673cab-2b19-4799-bae2-740fd1cf3f47,"23/5/26, 1:23",Competitive,Fracture,Chamber,Loss,8,13,21,777,302,21,15,4,6,1.4,87.0,212.4,19.0,76.0,4,2,1
littekensl#4198,littekensl,4198,2026-06-24T15:54:39,littekensl,4198,Gold 3,Gold 3,Bronze 3,e33cc48c-7ecf-4d56-9247-8eec49d95323,"23/5/26, 0:49",Competitive,Lotus,Iso,Win,13,6,19,874,341,23,12,2,11,1.9,113.0,231.8,22.0,74.0,5,5,4
littekensl#4198,littekensl,4198,2026-06-24T15:54:39,littekensl,4198,Gold 3,Gold 3,Bronze 3,75798eab-19b3-4a23-b78f-05c4d2e1c93f,"23/5/26, 0:09",Competitive,Fracture,Omen,Loss,10,13,23,522,235,17,19,8,-2,0.9,-18.0,142.1,19.0,70.0,3,2,1
littekensl#4198,littekensl,4198,2026-06-24T15:54:39,littekensl,4198,Gold 3,Gold 3,Silver 1,4031bc8f-8bdb-4f30-87ac-4f842d4ce85e,"13/5/26, 0:35",Competitive,Haven,Reyna,Win,13,7,20,996,426,30,13,6,17,2.3,130.0,265.1,25.0,90.0,5,4,7
littekensl#4198,littekensl,4198,2026-06-24T15:54:39,littekensl,4198,Gold 3,Gold 3,Silver 1,f29d1fe6-8abc-41cb-b96e-9faac9cd5c94,"13/5/26, 0:05",Competitive,Pearl,Chamber,Win,13,2,15,409,22,9,5,13,2,132.0,251.5,14.0,100.0,7.0,1,1,86
littekensl#4198,littekensl,4198,2026-06-24T15:54:39,littekensl,4198,Gold 3,Gold 3,Bronze 1,bd42bcde-6e25-4544-b9b4-7ff035ac3514,"12/5/26, 23:18",Competitive,Lotus,Iso,Win,13,11,24,856,361,31,17,5,14,1.8,78.0,228.4,17.0,75.0,6,4,4
sinakaa#8483,sinakaa,8483,2026-06-24T15:57:39,sinakaa,8483,Silver 3,Silver 3,Bronze 2,b4602c36-6556-4778-9050-29ef7117b11e,"24/6/26, 3:46",Competitive,Haven,Unknown,Loss,6,13,19,373,149,10,14,8,-4,0.7,-45.0,85.4,35.0,79.0,2,1,0
sinakaa#8483,sinakaa,8483,2026-06-24T15:57:39,sinakaa,8483,Silver 3,Silver 3,Bronze 3,7be9d15c-2bcc-46a2-8f0f-56fe8504cc7b,"24/6/26, 1:09",Competitive,Split,Clove,Loss,15,17,32,368,187,20,32,11,-12,0.6,-66.0,113.8,17.0,66.0,1,2,1
sinakaa#8483,sinakaa,8483,2026-06-24T15:57:39,sinakaa,8483,Silver 3,Silver 3,Bronze 2,1e8021b5-5db7-4c2b-b314-36457beee367,"24/6/26, 0:36",Competitive,Unknown,Unknown,Loss,5,13,18,220,117,6,17,7,-11,0.3,-106.0,76.1,29.0,72.0,2,1,0
sinakaa#8483,sinakaa,8483,2026-06-24T15:57:39,sinakaa,8483,Silver 3,Silver 3,Silver 1,1739f6a9-f883-4960-abb5-0e38d93a3520,"23/6/26, 23:55",Competitive,Haven,Unknown,Win,13,9,22,393,31,14,9,17,2,100.0,224.9,28.0,91.0,4.0,1,6,453
sinakaa#8483,sinakaa,8483,2026-06-24T15:57:39,sinakaa,8483,Silver 3,Silver 3,Silver 3,810e1039-2190-40fb-9357-0d8652f5abd6,"23/6/26, 23:15",Competitive,Ascent,Clove,Loss,10,13,23,538,208,17,19,5,-2,0.9,-28.0,124.8,26.0,78.0,5,1,0
sinakaa#8483,sinakaa,8483,2026-06-24T15:57:39,sinakaa,8483,Silver 3,Silver 3,Silver 3,499b3a4e-9035-46e4-8633-6fa982e06f4f,"23/6/26, 22:09",Competitive,Haven,Jett,Draw,14,14,28,637,236,23,23,7,0,-5.0,148.7,19.0,75.0,8.0,4,0,247
sinakaa#8483,sinakaa,8483,2026-06-24T15:57:39,sinakaa,8483,Silver 3,Silver 3,Silver 3,9a8200cb-0801-407f-88c9-dae15d56f3d3,"23/6/26, 21:19",Competitive,Split,Unknown,Loss,12,14,26,415,184,18,19,13,-1,0.9,-13.0,118.2,17.0,65.0,0,2,3
sinakaa#8483,sinakaa,8483,2026-06-24T15:57:39,sinakaa,8483,Silver 3,Silver 3,Silver 2,0cc66f13-58bc-4d0e-8670-08bc3244c01d,"23/6/26, 20:33",Competitive,Split,Unknown,Win,13,10,23,838,251,21,14,16,7,1.5,17.0,147.4,29.0,91.0,1,0,0
sinakaa#8483,sinakaa,8483,2026-06-24T15:57:39,sinakaa,8483,Silver 3,Silver 3,Silver 3,fc892772-e21e-418b-aab9-e071ba613753,"22/6/26, 20:49",Competitive,Breeze,Clove,Win,13,9,22,290,113,8,18,8,-10,0.4,-62.0,85.0,23.0,64.0,0,3,0
sinakaa#8483,sinakaa,8483,2026-06-24T15:57:39,sinakaa,8483,Silver 3,Silver 3,Silver 3,4ee23626-de9d-410f-8a6f-d61efde10f1d,"22/6/26, 13:09",Competitive,Pearl,Unknown,Win,13,11,24,458,174,15,14,12,1,1.1,-8.0,114.2,31.0,67.0,0,1,2
sinakaa#8483,sinakaa,8483,2026-06-24T15:57:39,sinakaa,8483,Silver 3,Silver 3,Silver 1,cde6f800-4d9d-46cc-b8da-97d806eda6ac,"22/6/26, 10:43",Competitive,Split,Unknown,Loss,9,13,22,212,138,9,19,8,-10,0.5,-80.0,98.4,16.0,64.0,2,2,0
sinakaa#8483,sinakaa,8483,2026-06-24T15:57:39,sinakaa,8483,Silver 3,Silver 3,Silver 2,73030f0f-1f87-4fc3-b079-a67de32c589d,"22/6/26, 9:52",Competitive,Lotus,Unknown,Loss,2,8,10,421,216,7,10,6,-3,0.7,-22.0,148.1,27.0,70.0,1,2,1
sinakaa#8483,sinakaa,8483,2026-06-24T15:57:39,sinakaa,8483,Silver 3,Silver 3,Silver 3,4bc79863-26ce-4267-ba39-e175b0d4147f,"22/6/26, 9:03",Competitive,Ascent,Unknown,Win,14,12,26,562,216,18,20,12,-2,0.9,-21.0,126.3,24.0,73.0,5,2,1
sinakaa#8483,sinakaa,8483,2026-06-24T15:57:39,sinakaa,8483,Silver 3,Silver 3,Silver 1,f4633a88-c49e-4724-8d9d-d0c7ecb0a650,"21/6/26, 3:52",Competitive,Split,Jett,Loss,11,13,24,595,245,21,18,2,3,1.2,-2.0,138.6,23.0,71.0,4,2,2
sinakaa#8483,sinakaa,8483,2026-06-24T15:57:39,sinakaa,8483,Silver 3,Silver 3,Silver 1,d1e49b0d-04f0-461d-aa31-a7f8cf10dda6,"21/6/26, 3:17",Competitive,Lotus,Unknown,Loss,4,13,17,345,213,13,15,6,-2,0.9,-36.0,130.2,28.0,65.0,1,1,1
sinakaa#8483,sinakaa,8483,2026-06-24T15:57:39,sinakaa,8483,Silver 3,Silver 3,Silver 1,d0bc8096-f7c8-468a-8bd1-93c416732f42,"21/6/26, 1:40",Competitive,Breeze,Unknown,Loss,12,14,26,754,251,23,19,18,4,1.2,7.0,164.0,34.0,88.0,0,0,0
sinakaa#8483,sinakaa,8483,2026-06-24T15:57:39,sinakaa,8483,Silver 3,Silver 3,Bronze 3,ad45e4b3-722f-483e-9992-f0ec235bb90e,"21/6/26, 0:59",Competitive,Haven,Jett,Win,13,3,16,987,423,28,6,2,22,4.7,161.0,260.4,41.0,88.0,4,1,4
sinakaa#8483,sinakaa,8483,2026-06-24T15:57:39,sinakaa,8483,Silver 3,Silver 3,Silver 1,d1aaa55e-821d-4ada-8eb9-ab59fd520a8a,"20/6/26, 23:58",Competitive,Ascent,Clove,Loss,5,13,18,108,116,7,14,2,-7,0.5,-72.0,78.7,19.0,56.0,2,0,0
sinakaa#8483,sinakaa,8483,2026-06-24T15:57:39,sinakaa,8483,Silver 3,Silver 3,Silver 2,7258dc7c-6af3-4b1b-ae08-611772643e7c,"20/6/26, 22:54",Competitive,Haven,Unknown,Draw,14,14,28,538,192,19,19,12,0,-17.0,115.2,27.0,75.0,1.0,3,1,184
sinakaa#8483,sinakaa,8483,2026-06-24T15:57:39,sinakaa,8483,Silver 3,Silver 3,Silver 2,1638b602-7ead-41c5-8721-79c86cd2953a,"20/6/26, 22:25",Competitive,Fracture,Clove,Win,13,3,16,747,223,15,8,3,7,1.9,-9.0,115.8,26.0,88.0,0,0,1
roamz#xzs,roamz,xzs,2026-06-24T16:01:08,roamz,xzs,Silver 3,Silver 3,Silver 2,f3a090cb-f70d-4c17-b10f-fc6fc8f70f3a,"24/6/26, 2:07",Competitive,Unknown,Phoenix,Win,13,8,21,675,255,18,16,5,2,1.1,25.0,177.1,28.0,67.0,4,2,1
roamz#xzs,roamz,xzs,2026-06-24T16:01:08,roamz,xzs,Silver 3,Silver 3,Silver 2,7934577e-6f3c-4c35-844f-679abaae6d12,"24/6/26, 1:27",Competitive,Haven,Neon,Loss,8,13,21,362,210,13,19,4,-6,0.7,-11.0,138.1,23.0,52.0,4,3,1
roamz#xzs,roamz,xzs,2026-06-24T16:01:08,roamz,xzs,Silver 3,Silver 3,Silver 2,022fad18-c214-416c-923b-ea4f743cd309,"24/6/26, 0:35",Competitive,Breeze,Chamber,Win,15,13,28,927,329,33,21,3,12,1.6,74.0,217.9,30.0,86.0,6,2,1
roamz#xzs,roamz,xzs,2026-06-24T16:01:08,roamz,xzs,Silver 3,Silver 3,Silver 3,ce902476-78fa-4252-8209-fa7fe928ce71,"23/6/26, 20:07",Competitive,Split,Clove,Win,13,9,22,490,227,18,19,5,-1,0.9,-41.0,138.7,29.0,64.0,2,3,2
roamz#xzs,roamz,xzs,2026-06-24T16:01:08,roamz,xzs,Silver 3,Silver 3,Silver 2,f8daf0d0-60db-42f8-bffa-d2044f0b54b8,"23/6/26, 14:49",Competitive,Haven,Chamber,Loss,11,13,24,582,247,22,20,2,2,1.1,-9.0,154.1,38.0,71.0,1,3,1
roamz#xzs,roamz,xzs,2026-06-24T16:01:08,roamz,xzs,Silver 3,Silver 3,Silver 3,494d60bf-6d22-426f-8f59-614eceb13e95,"23/6/26, 14:06",Competitive,Breeze,Killjoy,Loss,8,13,21,161,133,9,18,2,-9,0.5,-67.0,93.2,30.0,57.0,1,1,1
roamz#xzs,roamz,xzs,2026-06-24T16:01:08,roamz,xzs,Silver 3,Silver 3,Silver 2,9c123676-fa03-47e0-bfab-2a51c1dc0ba2,"21/6/26, 2:15",Competitive,Haven,Chamber,Win,13,7,20,663,247,19,11,1,8,1.7,33.0,151.4,31.0,65.0,3,1,2
roamz#xzs,roamz,xzs,2026-06-24T16:01:08,roamz,xzs,Silver 3,Silver 3,Silver 2,722005cb-6bb2-4690-b964-0a4ef8f37f33,"21/6/26, 1:36",Competitive,Ascent,Omen,Loss,7,13,20,115,134,9,17,5,-8,0.5,-82.0,78.9,28.0,50.0,0,4,1
roamz#xzs,roamz,xzs,2026-06-24T16:01:08,roamz,xzs,Silver 3,Silver 3,Silver 2,9477fc53-8725-4b19-b360-6afd01b9b576,"21/6/26, 1:05",Competitive,Breeze,Sova,Loss,4,13,17,138,154,9,16,1,-7,0.6,-56.0,118.2,27.0,47.0,1,3,1
roamz#xzs,roamz,xzs,2026-06-24T16:01:08,roamz,xzs,Silver 3,Silver 3,Silver 3,a7a1f165-8e12-4894-ab82-966d10c1551c,"19/6/26, 23:59",Competitive,Lotus,Chamber,Loss,7,13,20,517,210,15,15,1,0,19.0,148.8,33.0,70.0,2.0,1,0,292
roamz#xzs,roamz,xzs,2026-06-24T16:01:08,roamz,xzs,Silver 3,Silver 3,Silver 3,159c5ef0-1059-42ce-a70b-67b23b0d5e9a,"19/6/26, 23:28",Competitive,Split,Jett,Loss,3,13,16,118,142,7,14,4,-7,0.5,-55.0,104.8,17.0,50.0,0,4,0
roamz#xzs,roamz,xzs,2026-06-24T16:01:08,roamz,xzs,Silver 3,Silver 3,Silver 3,aa3b2c58-d8e4-402a-8fa1-df3ea5d99dd8,"19/6/26, 15:10",Competitive,Lotus,Omen,Loss,10,13,23,693,263,23,16,7,7,1.4,32.0,172.5,29.0,74.0,0,2,3
roamz#xzs,roamz,xzs,2026-06-24T16:01:08,roamz,xzs,Silver 3,Silver 3,Silver 2,75465f2c-0a71-4d4a-8417-dc589133cf6c,"19/6/26, 1:06",Competitive,Fracture,Brimstone,Win,13,5,18,419,148,9,12,7,-3,0.8,-18.0,97.8,19.0,67.0,1,3,2
roamz#xzs,roamz,xzs,2026-06-24T16:01:08,roamz,xzs,Silver 3,Silver 3,Silver 2,e1b4c181-1a8c-4616-8075-09a8b2fe37d0,"19/6/26, 0:06",Competitive,Haven,Chamber,Draw,15,15,30,538,234,24,22,2,2,1.1,10.0,158.1,39.0,60.0,5,2,1
roamz#xzs,roamz,xzs,2026-06-24T16:01:08,roamz,xzs,Silver 3,Silver 3,Silver 1,8efddd7d-dd0e-45b8-a92e-d9d890223275,"18/6/26, 16:29",Competitive,Ascent,Jett,Loss,10,13,23,521,231,18,19,5,-1,0.9,7.0,166.0,20.0,65.0,4,4,1
roamz#xzs,roamz,xzs,2026-06-24T16:01:08,roamz,xzs,Silver 3,Silver 3,Silver 2,a175549f-fc9b-4c4d-b877-17ae53527ba4,"18/6/26, 15:51",Competitive,Fracture,Brimstone,Loss,9,13,22,536,224,18,16,12,2,1.1,-10.0,134.1,24.0,73.0,0,0,2
roamz#xzs,roamz,xzs,2026-06-24T16:01:08,roamz,xzs,Silver 3,Silver 3,Bronze 3,fb7f2436-dbfd-4be8-89e8-24494524a9a2,"18/6/26, 1:30",Competitive,Lotus,Iso,Loss,13,15,28,643,248,25,22,5,3,1.1,27.0,162.8,34.0,68.0,3,3,3
roamz#xzs,roamz,xzs,2026-06-24T16:01:08,roamz,xzs,Silver 3,Silver 3,Silver 2,38050070-8a48-46b6-9a6e-9ae3dc62c524,"18/6/26, 0:54",Competitive,Pearl,Iso,Win,13,4,17,813,312,19,11,4,8,1.7,59.0,186.7,25.0,71.0,5,3,3
roamz#xzs,roamz,xzs,2026-06-24T16:01:08,roamz,xzs,Silver 3,Silver 3,Silver 3,5bc91f82-ce01-4419-a3fc-b032b702a4bc,"17/6/26, 22:17",Competitive,Breeze,Chamber,Loss,11,13,24,606,247,19,18,5,1,1.1,27.0,185.3,29.0,67.0,2,2,2
roamz#xzs,roamz,xzs,2026-06-24T16:01:08,roamz,xzs,Silver 3,Silver 3,Silver 3,3bd0525f-e37f-44e2-913e-98a1ccfca1e1,"17/6/26, 21:41",Competitive,Split,Clove,Loss,6,13,19,241,162,10,21,3,-11,0.5,-95.0,109.9,32.0,68.0,2,1,0
MLK KING#5605,MLK KING,5605,2026-06-24T17:41:16,MLK KING,5605,Gold 2,Gold 2,Silver 1,c5081938-699c-44ce-8e86-0f4de77de15c,"24/6/26, 16:30",Competitive,Haven,Clove,Win,13,6,19,920,271,20,12,7,8,1.7,55.0,168.9,27.0,89.0,2,1,0
MLK KING#5605,MLK KING,5605,2026-06-24T17:41:16,MLK KING,5605,Gold 2,Gold 2,Gold 2,8aa58724-83e1-4840-8fb4-3a6392d06655,"24/6/26, 1:37",Competitive,Split,Clove,Loss,8,13,21,383,205,14,19,6,-5,0.7,-17.0,143.6,31.0,62.0,2,4,1
MLK KING#5605,MLK KING,5605,2026-06-24T17:41:16,MLK KING,5605,Gold 2,Gold 2,Gold 2,90646a22-6177-421a-9682-5450c44a83ae,"24/6/26, 0:50",Competitive,Split,Clove,Win,13,9,22,910,294,25,16,5,9,1.6,43.0,196.6,27.0,86.0,1,1,3
MLK KING#5605,MLK KING,5605,2026-06-24T17:41:16,MLK KING,5605,Gold 2,Gold 2,Gold 2,9e0bf9af-30b5-42a9-ba50-32b2574afcc4,"24/6/26, 0:09",Competitive,Ascent,Jett,Win,13,9,22,971,330,27,14,4,13,1.9,111.0,236.6,32.0,86.0,4,2,1
MLK KING#5605,MLK KING,5605,2026-06-24T17:41:16,MLK KING,5605,Gold 2,Gold 2,Gold 1,05c640a1-2963-4591-bfb6-88216a13ee90,"23/6/26, 16:10",Competitive,Split,Sage,Win,13,5,18,394,171,12,13,6,-1,0.9,-52.0,103.5,9.0,67.0,0,3,1
MLK KING#5605,MLK KING,5605,2026-06-24T17:41:16,MLK KING,5605,Gold 2,Gold 2,Silver 2,ee633f26-6771-43d1-b441-b01b81f8d115,"23/6/26, 15:25",Competitive,Unknown,Clove,Loss,11,13,24,256,183,15,22,5,-7,0.7,-59.0,122.7,14.0,50.0,0,2,2
MLK KING#5605,MLK KING,5605,2026-06-24T17:41:16,MLK KING,5605,Gold 2,Gold 2,Silver 1,9ab80429-bd44-42d1-8a1e-2fcb174b2ce6,"23/6/26, 5:59",Competitive,Haven,Skye,Loss,11,13,24,469,210,18,17,5,1,1.1,-14.0,121.5,22.0,67.0,3,1,1
MLK KING#5605,MLK KING,5605,2026-06-24T17:41:16,MLK KING,5605,Gold 2,Gold 2,Silver 3,2a475894-f6c7-48c5-89b7-db017c4ddd8c,"23/6/26, 5:32",Competitive,Haven,Clove,Win,13,1,14,348,20,8,4,12,2,98.0,212.3,36.0,100.0,1.0,0,2,106
MLK KING#5605,MLK KING,5605,2026-06-24T17:41:16,MLK KING,5605,Gold 2,Gold 2,Gold 1,707d65ca-dd42-4812-ba9e-f9add6696378,"23/6/26, 4:57",Competitive,Lotus,Clove,Win,13,9,22,728,222,19,17,8,2,1.1,-1.0,137.4,28.0,82.0,0,0,0
MLK KING#5605,MLK KING,5605,2026-06-24T17:41:16,MLK KING,5605,Gold 2,Gold 2,Silver 2,b877372f-1b94-438d-8d9a-630c2c749e48,"23/6/26, 4:25",Competitive,Lotus,Cypher,Loss,6,13,19,520,262,16,17,6,-1,0.9,-34.0,152.3,13.0,74.0,1,0,2
MLK KING#5605,MLK KING,5605,2026-06-24T17:41:16,MLK KING,5605,Gold 2,Gold 2,Gold 2,895e7db0-2f8b-437e-af0a-d0786d7e9f3b,"23/6/26, 3:53",Competitive,Split,Clove,Loss,5,13,18,232,199,13,19,2,-6,0.7,-68.0,118.7,15.0,56.0,0,3,1
MLK KING#5605,MLK KING,5605,2026-06-24T17:41:16,MLK KING,5605,Gold 2,Gold 2,Gold 1,58b9b208-4f38-4e47-8326-85989a85282d,"23/6/26, 3:12",Competitive,Pearl,Skye,Loss,11,13,24,617,236,19,18,11,1,1.1,-3.0,139.5,18.0,75.0,2,0,2
MLK KING#5605,MLK KING,5605,2026-06-24T17:41:16,MLK KING,5605,Gold 2,Gold 2,Silver 3,7bc7163c-e672-42b2-9652-c294d7c04abd,"23/6/26, 2:18",Competitive,Pearl,Killjoy,Win,13,11,24,898,332,27,13,5,14,2.1,100.0,212.2,15.0,79.0,2,1,4
MLK KING#5605,MLK KING,5605,2026-06-24T17:41:16,MLK KING,5605,Gold 2,Gold 2,Gold 2,0ac3f7d0-087b-4d0f-8105-1fda6bd12f0a,"23/6/26, 1:47",Competitive,Ascent,Clove,Loss,7,13,20,669,218,16,13,4,3,1.2,6.0,134.6,16.0,95.0,0,3,0
MLK KING#5605,MLK KING,5605,2026-06-24T17:41:16,MLK KING,5605,Gold 2,Gold 2,Silver 1,03569758-ad57-478c-908f-01734332732f,"23/6/26, 1:04",Competitive,Split,Jett,Loss,9,13,22,657,328,24,20,3,4,1.2,47.0,208.1,30.0,64.0,4,6,2
MLK KING#5605,MLK KING,5605,2026-06-24T17:41:16,MLK KING,5605,Gold 2,Gold 2,Bronze 3,6ada342e-1f6e-44b7-8499-a613b3327929,"23/6/26, 0:24",Competitive,Ascent,Jett,Win,13,10,23,820,297,23,15,5,8,1.5,60.0,206.7,23.0,74.0,3,6,4
MLK KING#5605,MLK KING,5605,2026-06-24T17:41:16,MLK KING,5605,Gold 2,Gold 2,Gold 2,be64c859-013a-4445-830a-0188a1ae77fe,"22/6/26, 23:53",Competitive,Breeze,Clove,Win,13,5,18,942,317,21,13,8,8,1.6,43.0,182.8,26.0,89.0,2,1,2
MLK KING#5605,MLK KING,5605,2026-06-24T17:41:16,MLK KING,5605,Gold 2,Gold 2,Gold 1,e0205545-e5a7-43d1-a824-9d98fff80c7b,"22/6/26, 23:24",Competitive,Haven,Clove,Win,13,4,17,743,271,17,14,6,3,1.2,28.0,185.1,40.0,71.0,2,0,1
MLK KING#5605,MLK KING,5605,2026-06-24T17:41:16,MLK KING,5605,Gold 2,Gold 2,Gold 1,f39abd2b-22d3-4af6-8e1b-f07feba091da,"22/6/26, 22:44",Competitive,Haven,Clove,Win,13,10,23,833,284,24,15,6,9,1.6,43.0,166.3,38.0,78.0,4,2,2
MLK KING#5605,MLK KING,5605,2026-06-24T17:41:16,MLK KING,5605,Gold 2,Gold 2,Bronze 1,b9f0a4d8-411a-40c9-b798-45d1c35bad09,"22/6/26, 22:08",Competitive,Split,Cypher,Loss,10,13,23,731,326,29,14,0,15,2.1,57.0,189.4,29.0,70.0,4,2,3
Andress#0429,Andress,0429,2026-06-24T17:44:46,Andress,0429,Gold 1,Gold 1,Silver 2,46bc705f-e915-4880-a185-bb9d9ec95e66,"24/6/26, 16:49",Competitive,Ascent,Clove,Loss,12,14,26,814,315,27,23,11,4,1.2,34.0,207.1,13.0,81.0,1,4,5
Andress#0429,Andress,0429,2026-06-24T17:44:46,Andress,0429,Gold 1,Gold 1,Silver 2,07238af5-a5ee-4611-9c51-904befd24301,"24/6/26, 16:12",Competitive,Lotus,Clove,Win,13,7,20,994,362,24,16,11,8,1.5,89.0,245.3,16.0,90.0,5,1,1
Andress#0429,Andress,0429,2026-06-24T17:44:46,Andress,0429,Gold 1,Gold 1,Silver 1,257c2605-64e7-4ea6-af4c-afcd7d533ad9,"24/6/26, 15:28",Competitive,Breeze,Clove,Win,13,11,24,767,304,28,20,4,8,1.4,18.0,187.8,9.0,75.0,2,2,3
Andress#0429,Andress,0429,2026-06-24T17:44:46,Andress,0429,Gold 1,Gold 1,Silver 2,067f8003-b991-45fd-95b2-d6f9c896d04c,"24/6/26, 1:31",Competitive,Lotus,Clove,Loss,10,13,23,460,215,18,19,4,-1,0.9,-12.0,140.7,14.0,65.0,0,2,2
Andress#0429,Andress,0429,2026-06-24T17:44:46,Andress,0429,Gold 1,Gold 1,Gold 1,daa5960e-6216-4d00-9bb7-5acfc67f8f7c,"24/6/26, 0:52",Competitive,Unknown,Clove,Win,13,10,23,679,217,17,18,11,-1,0.9,-16.0,136.7,11.0,83.0,4,1,1
Andress#0429,Andress,0429,2026-06-24T17:44:46,Andress,0429,Gold 1,Gold 1,Silver 3,0beb44ff-144d-444c-b8d9-0a2299c64639,"24/6/26, 0:12",Competitive,Unknown,Clove,Loss,9,13,22,655,260,19,21,4,-2,0.9,-19.0,155.0,8.0,82.0,2,3,0
Andress#0429,Andress,0429,2026-06-24T17:44:46,Andress,0429,Gold 1,Gold 1,Bronze 3,0254ec52-87a8-4d3c-9d27-f2403a151ac8,"23/6/26, 23:41",Competitive,Haven,Clove,Loss,2,13,15,544,307,16,14,2,2,1.1,-23.0,173.0,13.0,73.0,0,0,2
Andress#0429,Andress,0429,2026-06-24T17:44:46,Andress,0429,Gold 1,Gold 1,Silver 1,dbfcf1e9-9307-45c4-971d-d879256ea59e,"23/6/26, 22:59",Competitive,Haven,Clove,Loss,9,13,22,796,315,24,19,8,5,1.3,30.0,205.4,16.0,82.0,2,1,2
Andress#0429,Andress,0429,2026-06-24T17:44:46,Andress,0429,Gold 1,Gold 1,Silver 1,f4a833ec-a695-42dc-abe8-35018c0a2875,"23/6/26, 0:30",Competitive,Ascent,Clove,Loss,13,15,28,264,169,18,26,3,-8,0.7,-74.0,102.9,10.0,57.0,4,5,1
Andress#0429,Andress,0429,2026-06-24T17:44:46,Andress,0429,Gold 1,Gold 1,Gold 1,86cdac3f-c540-47d4-86ac-8b845a85f958,"22/6/26, 23:50",Competitive,Breeze,Clove,Loss,10,13,23,773,339,26,19,7,7,1.4,53.0,211.8,19.0,74.0,4,1,3
Andress#0429,Andress,0429,2026-06-24T17:44:46,Andress,0429,Gold 1,Gold 1,Gold 1,97c6d823-c455-4f22-912e-f4010c67db87,"22/6/26, 23:07",Competitive,Haven,Clove,Loss,10,13,23,445,213,17,20,2,-3,0.8,-16.0,145.3,15.0,65.0,1,2,1
Andress#0429,Andress,0429,2026-06-24T17:44:46,Andress,0429,Gold 1,Gold 1,Gold 1,3992bcff-51a6-4f77-aca8-1630a7a9fb2f,"22/6/26, 3:20",Competitive,Pearl,Clove,Loss,9,13,22,635,254,18,20,9,-2,0.9,-24.0,149.3,14.0,82.0,0,1,2
Andress#0429,Andress,0429,2026-06-24T17:44:46,Andress,0429,Gold 1,Gold 1,Silver 3,1c5ec0fb-df6c-471b-97f3-a0c88691d71c,"22/6/26, 2:51",Competitive,Split,Clove,Loss,5,13,18,161,182,11,19,2,-8,0.6,-104.0,111.2,16.0,50.0,2,2,1
Andress#0429,Andress,0429,2026-06-24T17:44:46,Andress,0429,Gold 1,Gold 1,Silver 1,76deef1f-3e3c-407b-809b-469b2e94b026,"22/6/26, 2:13",Competitive,Fracture,Clove,Win,13,5,18,821,253,17,12,5,5,1.4,52.0,172.4,12.0,78.0,3,1,1
Andress#0429,Andress,0429,2026-06-24T17:44:46,Andress,0429,Gold 1,Gold 1,Silver 3,db742339-529f-488a-b56e-9757dba4c2bd,"22/6/26, 1:29",Competitive,Lotus,Clove,Win,13,11,24,946,363,32,20,7,12,1.6,64.0,234.9,13.0,88.0,3,2,3
Andress#0429,Andress,0429,2026-06-24T17:44:46,Andress,0429,Gold 1,Gold 1,Silver 1,e7db96de-507b-4174-b4f4-bf37c03ca872,"22/6/26, 0:47",Competitive,Breeze,Clove,Win,13,11,24,807,302,25,20,6,5,1.2,19.0,188.6,9.0,79.0,4,1,2
Andress#0429,Andress,0429,2026-06-24T17:44:46,Andress,0429,Gold 1,Gold 1,Silver 3,8d764851-e422-451e-a257-ca1e004634f1,"22/6/26, 0:05",Competitive,Split,Clove,Loss,10,13,23,330,192,13,24,7,-11,0.5,-62.0,132.5,16.0,65.0,1,0,1
Andress#0429,Andress,0429,2026-06-24T17:44:46,Andress,0429,Gold 1,Gold 1,Bronze 3,a095e7ae-42da-4155-a29c-151c20540118,"21/6/26, 22:12",Competitive,Lotus,Clove,Draw,15,15,30,396,190,20,25,8,-5,0.8,-35.0,126.8,9.0,63.0,1,3,1
Andress#0429,Andress,0429,2026-06-24T17:44:46,Andress,0429,Gold 1,Gold 1,Gold 1,dbe790f4-2552-4c2d-9a9c-cbe73406edaf,"21/6/26, 21:32",Competitive,Pearl,Clove,Win,13,10,23,821,272,22,21,11,1,1.1,-4.0,158.7,8.0,96.0,5,0,0
Andress#0429,Andress,0429,2026-06-24T17:44:46,Andress,0429,Gold 1,Gold 1,Gold 1,d9051898-45fa-4e4c-915b-ea825fdaa80d,"21/6/26, 21:01",Competitive,Haven,Clove,Win,13,3,16,953,314,21,13,1,8,1.6,51.0,197.2,30.0,94.0,1,0,2
starken#7821,starken,7821,2026-06-24T17:48:18,starken,7821,Gold 2,Gold 2,Silver 1,d8e1f36e-b68e-4930-9790-48e2267ba19e,"22/6/26, 20:27",Competitive,Haven,Killjoy,Win,14,12,26,687,216,18,18,6,0,22.0,148.7,7.0,77.0,0.0,2,0,495
starken#7821,starken,7821,2026-06-24T17:48:18,starken,7821,Gold 2,Gold 2,Bronze 3,620de94f-d789-4d32-88cf-e2b0bfdb94b7,"21/6/26, 20:21",Competitive,Ascent,Sova,Loss,9,13,22,347,184,12,19,9,-7,0.6,-30.0,121.6,6.0,64.0,1,2,1
starken#7821,starken,7821,2026-06-24T17:48:18,starken,7821,Gold 2,Gold 2,Gold 1,d01b405a-5af6-4830-8cf8-6e2654e986fe,"20/6/26, 22:03",Competitive,Pearl,Omen,Win,13,8,21,411,133,8,17,9,-9,0.5,-37.0,90.6,10.0,71.0,0,4,0
starken#7821,starken,7821,2026-06-24T17:48:18,starken,7821,Gold 2,Gold 2,Gold 2,cfc47fb1-48be-4108-86f6-cce55e899b93,"20/6/26, 21:34",Competitive,Lotus,Sova,Loss,3,13,16,100,108,5,16,3,-11,0.3,-83.0,78.9,12.0,50.0,0,2,0
starken#7821,starken,7821,2026-06-24T17:48:18,starken,7821,Gold 2,Gold 2,Silver 3,1c3a4527-a9cf-4664-8924-7055120e2e8b,"20/6/26, 20:53",Competitive,Pearl,Sova,Win,13,11,24,565,182,13,17,7,-4,0.8,-2.0,129.3,10.0,75.0,2,0,0
starken#7821,starken,7821,2026-06-24T17:48:18,starken,7821,Gold 2,Gold 2,Silver 2,a2d63280-6803-423d-8347-b9a8cc8d22e0,"20/6/26, 18:53",Competitive,Ascent,Sova,Loss,9,13,22,353,148,8,19,7,-11,0.4,-40.0,113.5,13.0,73.0,0,2,0
starken#7821,starken,7821,2026-06-24T17:48:18,starken,7821,Gold 2,Gold 2,Gold 2,3f808f85-54b4-42f9-8e71-cf9726069ccc,"20/6/26, 18:27",Competitive,Lotus,Sova,Loss,4,13,17,164,130,6,16,3,-10,0.4,-74.0,92.1,13.0,65.0,0,0,0
starken#7821,starken,7821,2026-06-24T17:48:18,starken,7821,Gold 2,Gold 2,Gold 2,c0444378-a00d-455f-8e16-bd33d320ab8c,"20/6/26, 17:30",Competitive,Breeze,Omen,Win,13,7,20,233,90,7,14,5,-7,0.5,-60.0,52.8,15.0,55.0,0,2,0
starken#7821,starken,7821,2026-06-24T17:48:18,starken,7821,Gold 2,Gold 2,Gold 2,a037eb50-5393-4bfa-901d-ff481d6c3eac,"20/6/26, 16:46",Competitive,Haven,Omen,Loss,11,13,24,512,178,13,18,14,-5,0.7,-4.0,125.8,13.0,75.0,1,2,1
starken#7821,starken,7821,2026-06-24T17:48:18,starken,7821,Gold 2,Gold 2,Bronze 3,07882b0d-f09f-4f88-ba6b-bd4bc4a8a199,"19/6/26, 22:12",Competitive,Breeze,Skye,Win,13,9,22,782,288,22,14,7,8,1.6,81.0,198.3,18.0,68.0,1,1,3
starken#7821,starken,7821,2026-06-24T17:48:18,starken,7821,Gold 2,Gold 2,Iron 3,caa199ec-33b0-486c-8151-464326168c67,"18/6/26, 20:40",Competitive,Pearl,Sova,Win,13,4,17,374,23,6,2,17,3,138.0,224.6,23.0,100.0,2.0,0,2,138
starken#7821,starken,7821,2026-06-24T17:48:18,starken,7821,Gold 2,Gold 2,Bronze 2,3154096c-af3d-4270-be9d-7cd465621935,"16/6/26, 22:24",Competitive,Lotus,Omen,Loss,5,13,18,702,290,18,14,3,4,1.3,29.0,176.6,10.0,78.0,1,1,1
starken#7821,starken,7821,2026-06-24T17:48:18,starken,7821,Gold 2,Gold 2,Bronze 3,22697d5e-b951-4a28-9648-a708fbf092df,"15/6/26, 22:25",Competitive,Pearl,Sova,Loss,9,13,22,620,245,17,18,8,-1,0.9,16.0,158.9,14.0,73.0,1,0,0
starken#7821,starken,7821,2026-06-24T17:48:18,starken,7821,Gold 2,Gold 2,Silver 2,8000bddf-563f-4cae-9fb1-f6139211a538,"14/6/26, 19:38",Competitive,Split,Skye,Win,13,4,17,898,245,17,7,9,10,2.4,82.0,152.6,17.0,88.0,1,0,1
starken#7821,starken,7821,2026-06-24T17:48:18,starken,7821,Gold 2,Gold 2,Silver 3,13e2d994-6959-4261-937e-1e933b11cec8,"14/6/26, 1:38",Competitive,Lotus,Sova,Win,13,9,22,931,301,22,13,11,9,1.7,108.0,223.3,18.0,82.0,3,0,3
starken#7821,starken,7821,2026-06-24T17:48:18,starken,7821,Gold 2,Gold 2,Bronze 3,ac97692f-b27a-4a31-aa8a-4411f6359a9c,"14/6/26, 0:59",Competitive,Fracture,Tejo,Win,13,7,20,585,206,13,17,8,-4,0.8,-24.0,133.1,9.0,75.0,2,1,1
starken#7821,starken,7821,2026-06-24T17:48:18,starken,7821,Gold 2,Gold 2,Silver 1,6fc20cd5-37e6-4ea3-8d42-5939e2d95e20,"13/6/26, 20:46",Competitive,Fracture,Skye,Loss,5,13,18,744,322,20,14,6,6,1.4,46.0,185.7,17.0,78.0,0,0,1
starken#7821,starken,7821,2026-06-24T17:48:18,starken,7821,Gold 2,Gold 2,Silver 3,81811827-8e05-45a0-a2bd-38c80a94024e,"13/6/26, 16:58",Competitive,Pearl,Sova,Loss,6,13,19,532,204,13,15,6,-2,0.9,15.0,150.8,8.0,74.0,1,1,0
starken#7821,starken,7821,2026-06-24T17:48:18,starken,7821,Gold 2,Gold 2,Bronze 3,d5d42a47-2111-4a63-85f5-74dd049eb6b1,"13/6/26, 16:25",Competitive,Lotus,Sova,Loss,5,13,18,136,135,7,15,3,-8,0.5,-47.0,101.5,12.0,50.0,1,1,1
starken#7821,starken,7821,2026-06-24T17:48:18,starken,7821,Gold 2,Gold 2,Silver 1,a041a0f7-fb4f-4827-a6ab-d4978fc53358,"13/6/26, 0:30",Competitive,Breeze,Omen,Win,13,5,18,835,238,16,9,6,7,1.8,46.0,154.5,16.0,83.0,0,0,0
Pelado#69420,Pelado,69420,2026-06-24T17:52:39,Pelado,69420,Gold 2,Gold 2,Gold 1,dbe790f4-2552-4c2d-9a9c-cbe73406edaf,"21/6/26, 21:32",Competitive,Pearl,Breach,Loss,10,13,23,561,229,19,18,10,1,1.1,-15.0,136.3,18.0,74.0,2,3,2
Pelado#69420,Pelado,69420,2026-06-24T17:52:39,Pelado,69420,Gold 2,Gold 2,Silver 1,4db30615-62c6-40d0-aa42-9aa00d6ef9a9,"20/6/26, 21:01",Competitive,Pearl,Omen,Loss,5,13,18,771,310,20,15,7,5,1.3,38.0,191.1,41.0,83.0,0,1,1
Pelado#69420,Pelado,69420,2026-06-24T17:52:39,Pelado,69420,Gold 2,Gold 2,Silver 3,82928f5d-476c-4eaa-98f5-2334658db797,"17/2/26, 23:22",Competitive,Split,Iso,Win,13,3,16,379,165,11,10,3,1,1.1,-18.0,102.9,27.0,56.0,0,3,1
Pelado#69420,Pelado,69420,2026-06-24T17:52:39,Pelado,69420,Gold 2,Gold 2,Silver 2,98b0e1d9-947b-4d68-8bb7-a6aa80bc1cce,"14/2/26, 16:07",Competitive,Breeze,Iso,Win,13,7,20,689,278,21,18,2,3,1.2,3.0,174.9,22.0,70.0,6,5,2
Pelado#69420,Pelado,69420,2026-06-24T17:52:39,Pelado,69420,Gold 2,Gold 2,Gold 1,65d1e7b8-77c4-447b-811e-35c4f9828510,"14/2/26, 15:38",Competitive,Unknown,Deadlock,Loss,4,11,15,100,34,1,13,2,-12,0.1,-119.0,26.1,14.0,40.0,0,5,0
Pelado#69420,Pelado,69420,2026-06-24T17:52:39,Pelado,69420,Gold 2,Gold 2,Gold 2,16749b47-b602-43bf-99f6-dc41253a8519,"14/2/26, 0:16",Competitive,Haven,Omen,Loss,2,13,15,100,127,6,15,2,-9,0.4,-79.0,77.5,43.0,47.0,2,0,0
Pelado#69420,Pelado,69420,2026-06-24T17:52:39,Pelado,69420,Gold 2,Gold 2,Gold 2,22892cdb-5621-46d9-a247-c40146557cc7,"13/2/26, 23:39",Competitive,Split,Cypher,Loss,5,13,18,420,240,16,15,2,1,1.1,-11.0,145.7,21.0,61.0,1,2,2
Pelado#69420,Pelado,69420,2026-06-24T17:52:39,Pelado,69420,Gold 2,Gold 2,Gold 1,f5aafc80-8f68-446c-aca2-d8e6979e04da,"8/2/26, 1:53",Competitive,Pearl,Breach,Loss,8,13,21,235,160,10,18,12,-8,0.6,-58.0,98.9,8.0,62.0,1,1,0
Pelado#69420,Pelado,69420,2026-06-24T17:52:39,Pelado,69420,Gold 2,Gold 2,Silver 1,b13c1745-1cdf-4196-91ff-dd3b9eb2790e,"8/2/26, 1:06",Competitive,Unknown,Sage,Win,13,9,22,794,259,20,15,8,5,1.3,8.0,159.4,27.0,82.0,3,1,2
Pelado#69420,Pelado,69420,2026-06-24T17:52:39,Pelado,69420,Gold 2,Gold 2,Silver 3,f4940579-ef4f-4e1a-a2a2-9a826c2e63f6,"8/2/26, 0:14",Competitive,Pearl,Deadlock,Win,13,5,18,857,269,17,14,3,3,1.2,35.0,171.3,23.0,83.0,3,0,1
Pelado#69420,Pelado,69420,2026-06-24T17:52:39,Pelado,69420,Gold 2,Gold 2,Silver 2,56d160d5-4447-4603-b18d-3ab06e4fa331,"7/2/26, 23:35",Competitive,Haven,Cypher,Win,13,9,22,726,212,18,11,6,7,1.6,31.0,142.4,23.0,77.0,1,3,0
Pelado#69420,Pelado,69420,2026-06-24T17:52:39,Pelado,69420,Gold 2,Gold 2,Gold 2,30bdb513-cfa8-4a96-8f15-afd6aa9bf98c,"7/2/26, 22:58",Competitive,Split,Reyna,Win,13,4,17,749,227,14,11,1,3,1.3,36.0,161.3,28.0,76.0,4,3,1
Pelado#69420,Pelado,69420,2026-06-24T17:52:39,Pelado,69420,Gold 2,Gold 2,Silver 3,2b2609d0-6b2a-4284-af32-fa3e05d17016,"7/2/26, 22:12",Competitive,Haven,Omen,Loss,9,13,22,589,246,16,19,15,-3,0.8,-2.0,166.2,15.0,73.0,3,5,0
Pelado#69420,Pelado,69420,2026-06-24T17:52:39,Pelado,69420,Gold 2,Gold 2,Gold 2,33716cf5-d186-407f-8414-e6af9ee19f22,"5/2/26, 17:47",Competitive,Unknown,Iso,Win,13,11,24,881,314,27,14,1,13,1.9,80.0,194.0,26.0,79.0,7,4,4
Pelado#69420,Pelado,69420,2026-06-24T17:52:39,Pelado,69420,Gold 2,Gold 2,Gold 2,9f623d6a-1349-4e28-8c7b-8d1bef30a074,"5/2/26, 17:12",Competitive,Bind,Cypher,Win,13,9,22,402,142,12,14,2,-2,0.9,-14.0,104.0,22.0,64.0,2,1,1
Pelado#69420,Pelado,69420,2026-06-24T17:52:39,Pelado,69420,Gold 2,Gold 2,Bronze 3,61e59103-3e50-459d-833d-dd3c2e3658b6,"5/2/26, 16:30",Competitive,Abyss,Cypher,Win,13,9,22,678,194,15,15,3,0,1.0,124.0,22.0,82.0,3.0,3,0,721
Pelado#69420,Pelado,69420,2026-06-24T17:52:39,Pelado,69420,Gold 2,Gold 2,Gold 1,b2750f69-2fdf-43e3-811a-a529546195ec,"4/2/26, 23:19",Competitive,Bind,Cypher,Win,13,7,20,806,233,16,10,3,6,1.6,47.0,154.8,12.0,80.0,3,2,0
Pelado#69420,Pelado,69420,2026-06-24T17:52:39,Pelado,69420,Gold 2,Gold 2,Gold 2,6aa46852-4c84-4daf-ab81-3febd8ad65ea,"4/2/26, 22:34",Competitive,Breeze,Skye,Loss,11,13,24,384,179,16,21,7,-5,0.8,-30.0,123.6,29.0,67.0,4,1,2
Pelado#69420,Pelado,69420,2026-06-24T17:52:39,Pelado,69420,Gold 2,Gold 2,Gold 2,98840fa8-dbc9-4bff-9540-3ea9e4b9099c,"4/2/26, 19:59",Competitive,Pearl,Brimstone,Win,13,8,21,827,224,17,12,9,5,1.4,29.0,149.8,22.0,90.0,1,2,1
Pelado#69420,Pelado,69420,2026-06-24T17:52:39,Pelado,69420,Gold 2,Gold 2,Gold 2,d195c198-966c-401b-a934-e3dfebc48f3a,"4/2/26, 0:55",Competitive,Split,Reyna,Loss,11,13,24,509,223,18,18,5,0,-6.0,152.4,27.0,67.0,0.0,3,2,179
YËP ElSucioNemo#NEMO,YËP ElSucioNemo,NEMO,2026-06-24T17:56:21,YËP ElSucioNemo,NEMO,Gold 2,Gold 2,Bronze 3,a095e7ae-42da-4155-a29c-151c20540118,"21/6/26, 22:12",Competitive,Lotus,Breach,Draw,15,15,30,759,264,27,23,12,4,1.2,28.0,168.9,18.0,77.0,3,2,1
YËP ElSucioNemo#NEMO,YËP ElSucioNemo,NEMO,2026-06-24T17:56:21,YËP ElSucioNemo,NEMO,Gold 2,Gold 2,Silver 3,186aebb6-01d3-49ec-bd46-7ac1543007aa,"21/6/26, 21:34",Competitive,Split,Skye,Win,13,3,16,477,108,6,10,10,-4,0.6,-39.0,68.1,4.0,81.0,1,0,0
YËP ElSucioNemo#NEMO,YËP ElSucioNemo,NEMO,2026-06-24T17:56:21,YËP ElSucioNemo,NEMO,Gold 2,Gold 2,Silver 2,2ea769a1-1603-4fe1-a801-e34b4822fa6b,"21/6/26, 20:54",Competitive,Breeze,Harbor,Win,13,10,23,319,115,9,13,5,-4,0.7,-38.0,74.1,22.0,65.0,0,1,0
YËP ElSucioNemo#NEMO,YËP ElSucioNemo,NEMO,2026-06-24T17:56:21,YËP ElSucioNemo,NEMO,Gold 2,Gold 2,Silver 1,3cd5d68b-f4e6-448a-9e5d-7f0a61c77dcf,"21/6/26, 19:57",Competitive,Split,Skye,Loss,8,13,21,562,210,16,17,3,-1,0.9,-19.0,135.8,20.0,81.0,1,3,0
YËP ElSucioNemo#NEMO,YËP ElSucioNemo,NEMO,2026-06-24T17:56:21,YËP ElSucioNemo,NEMO,Gold 2,Gold 2,Silver 3,7b5aede5-f832-4235-ae71-68dc880e8ebe,"21/6/26, 1:58",Competitive,Fracture,Breach,Win,13,11,24,534,205,17,20,7,-3,0.8,-18.0,126.8,20.0,71.0,4,2,0
YËP ElSucioNemo#NEMO,YËP ElSucioNemo,NEMO,2026-06-24T17:56:21,YËP ElSucioNemo,NEMO,Gold 2,Gold 2,Gold 2,35ae436e-0d8f-4c80-a903-0ce61518f05c,"21/6/26, 1:32",Competitive,Fracture,Breach,Loss,2,13,15,164,168,8,15,1,-7,0.5,-98.0,101.4,13.0,60.0,0,2,0
YËP ElSucioNemo#NEMO,YËP ElSucioNemo,NEMO,2026-06-24T17:56:21,YËP ElSucioNemo,NEMO,Gold 2,Gold 2,Gold 2,ab133ae0-ed48-4327-a2a7-67315f68d91c,"21/6/26, 0:46",Competitive,Ascent,Killjoy,Win,13,11,24,753,212,20,12,2,8,1.7,34.0,133.4,9.0,83.0,2,0,2
YËP ElSucioNemo#NEMO,YËP ElSucioNemo,NEMO,2026-06-24T17:56:21,YËP ElSucioNemo,NEMO,Gold 2,Gold 2,Gold 1,92957a5e-55cb-4fdf-956b-5b2fc154a0e4,"9/6/26, 21:58",Competitive,Pearl,Fade,Win,14,12,26,699,251,23,18,8,5,1.3,24.0,158.4,19.0,73.0,3,4,2
YËP ElSucioNemo#NEMO,YËP ElSucioNemo,NEMO,2026-06-24T17:56:21,YËP ElSucioNemo,NEMO,Gold 2,Gold 2,Gold 2,bc6ec7f4-b832-4396-b1c7-069f1b1d885c,"9/6/26, 21:23",Competitive,Ascent,Killjoy,Loss,6,13,19,549,221,14,15,4,-1,0.9,9.0,154.3,10.0,74.0,0,0,0
YËP ElSucioNemo#NEMO,YËP ElSucioNemo,NEMO,2026-06-24T17:56:21,YËP ElSucioNemo,NEMO,Gold 2,Gold 2,Gold 2,07662117-d4f0-4d95-8e13-1050dc969820,"9/6/26, 20:15",Competitive,Breeze,Harbor,Loss,11,13,24,230,99,8,18,12,-10,0.4,-72.0,64.8,17.0,67.0,1,0,0
YËP ElSucioNemo#NEMO,YËP ElSucioNemo,NEMO,2026-06-24T17:56:21,YËP ElSucioNemo,NEMO,Gold 2,Gold 2,Gold 2,e79bed26-a51b-410a-a607-38882a8c88dc,"8/6/26, 1:27",Competitive,Haven,Killjoy,Win,13,4,17,614,162,10,10,3,0,1.0,-5.0,114.7,16.0,82.0,1,0,1
YËP ElSucioNemo#NEMO,YËP ElSucioNemo,NEMO,2026-06-24T17:56:21,YËP ElSucioNemo,NEMO,Gold 2,Gold 2,Gold 2,a7109250-13a6-4aae-8fdd-6986f9d9e613,"8/6/26, 0:54",Competitive,Pearl,Fade,Loss,7,13,20,298,172,12,15,5,-3,0.8,-21.0,113.5,28.0,60.0,2,1,1
YËP ElSucioNemo#NEMO,YËP ElSucioNemo,NEMO,2026-06-24T17:56:21,YËP ElSucioNemo,NEMO,Gold 2,Gold 2,Gold 2,09aa126d-6e7c-42a6-b604-71c5d4b09449,"8/6/26, 0:13",Competitive,Haven,Killjoy,Win,13,11,24,684,201,18,13,7,5,1.4,21.0,138.1,15.0,79.0,3,0,0
YËP ElSucioNemo#NEMO,YËP ElSucioNemo,NEMO,2026-06-24T17:56:21,YËP ElSucioNemo,NEMO,Gold 2,Gold 2,Gold 2,3a93aeec-d675-42ad-bc34-c8ef019e8625,"7/6/26, 23:43",Competitive,Split,Sova,Loss,3,13,16,208,178,8,15,1,-7,0.5,-32.0,120.1,10.0,50.0,2,1,0
YËP ElSucioNemo#NEMO,YËP ElSucioNemo,NEMO,2026-06-24T17:56:21,YËP ElSucioNemo,NEMO,Gold 2,Gold 2,Gold 2,774317c6-96b1-4855-bfe2-454b3061a4a4,"7/6/26, 22:57",Competitive,Lotus,Skye,Win,13,11,24,284,137,12,17,6,-5,0.7,-55.0,100.4,16.0,62.0,2,1,0
YËP ElSucioNemo#NEMO,YËP ElSucioNemo,NEMO,2026-06-24T17:56:21,YËP ElSucioNemo,NEMO,Gold 2,Gold 2,Gold 2,8fe7bdf1-cad5-4f12-aded-829cbed739b9,"7/6/26, 22:11",Competitive,Lotus,Skye,Loss,8,13,21,753,248,18,16,7,2,1.1,22.0,162.7,23.0,90.0,0,1,1
YËP ElSucioNemo#NEMO,YËP ElSucioNemo,NEMO,2026-06-24T17:56:21,YËP ElSucioNemo,NEMO,Gold 2,Gold 2,Iron 3,5da20d02-ffae-420e-b120-5aecefba95e4,"6/6/26, 1:20",Competitive,Fracture,Killjoy,Loss,12,14,26,813,303,27,17,6,10,1.6,68.0,198.9,11.0,77.0,1,1,1
YËP ElSucioNemo#NEMO,YËP ElSucioNemo,NEMO,2026-06-24T17:56:21,YËP ElSucioNemo,NEMO,Gold 2,Gold 2,Bronze 3,eb985a79-9362-42a9-a9d8-c000f6860b67,"6/6/26, 0:37",Competitive,Fracture,Tejo,Win,13,10,23,803,262,21,15,11,6,1.4,40.0,166.9,15.0,78.0,2,1,3
YËP ElSucioNemo#NEMO,YËP ElSucioNemo,NEMO,2026-06-24T17:56:21,YËP ElSucioNemo,NEMO,Gold 2,Gold 2,Bronze 2,5e22dac4-6a0a-472d-b6ae-6c509e7e4933,"5/6/26, 23:47",Competitive,Pearl,Fade,Win,13,9,22,819,279,22,16,5,6,1.4,34.0,168.7,27.0,77.0,4,1,2
YËP ElSucioNemo#NEMO,YËP ElSucioNemo,NEMO,2026-06-24T17:56:21,YËP ElSucioNemo,NEMO,Gold 2,Gold 2,Iron 3,0055408f-e143-4938-97d9-b0ca5a7ede60,"5/6/26, 23:13",Competitive,Ascent,Killjoy,Loss,8,13,21,845,388,29,16,3,13,1.8,101.0,237.9,13.0,81.0,1,1,3
Axel367#safi,Axel367,safi,2026-06-24T17:59:22,Axel367,safi,Silver 3,Silver 3,Silver 2,801b02ac-3ab5-42ee-8aeb-02a492700443,"24/6/26, 10:58",Competitive,Lotus,Reyna,Win,13,10,23,401,162,14,18,5,-4,0.8,-24.0,111.6,21.0,65.0,1,2,0
Axel367#safi,Axel367,safi,2026-06-24T17:59:22,Axel367,safi,Silver 3,Silver 3,Bronze 3,24369774-8b54-446e-8416-0ab6c0a5b219,"24/6/26, 10:12",Competitive,Unknown,Chamber,Win,13,11,24,550,151,14,16,3,-2,0.9,-5.0,110.6,19.0,79.0,5,0,0
Axel367#safi,Axel367,safi,2026-06-24T17:59:22,Axel367,safi,Silver 3,Silver 3,Silver 1,5975e706-8ae0-44a0-b7dd-b25e2040bf10,"24/6/26, 0:03",Competitive,Haven,Chamber,Loss,9,13,22,347,186,15,18,4,-3,0.8,-16.0,123.0,27.0,59.0,2,4,0
Axel367#safi,Axel367,safi,2026-06-24T17:59:22,Axel367,safi,Silver 3,Silver 3,Silver 1,ba952c73-f3c2-46dc-99a9-9babbc0f7f16,"23/6/26, 23:18",Competitive,Lotus,Chamber,Win,13,11,24,750,296,22,13,4,9,1.7,77.0,201.2,24.0,67.0,1,1,3
Axel367#safi,Axel367,safi,2026-06-24T17:59:22,Axel367,safi,Silver 3,Silver 3,Bronze 3,5e90faf6-f41b-4f36-9d98-51447ff65f2f,"23/6/26, 21:51",Competitive,Ascent,Chamber,Win,13,11,24,892,369,30,21,4,9,1.4,70.0,222.2,30.0,79.0,9,3,4
Axel367#safi,Axel367,safi,2026-06-24T17:59:22,Axel367,safi,Silver 3,Silver 3,Silver 2,ad59c8c7-7f26-4bfc-a28a-85e8cf919fcd,"23/6/26, 16:40",Competitive,Split,Chamber,Loss,10,13,23,763,282,23,16,3,7,1.4,38.0,174.4,14.0,78.0,5,1,2
Axel367#safi,Axel367,safi,2026-06-24T17:59:22,Axel367,safi,Silver 3,Silver 3,Silver 3,7e885394-033d-42d4-a508-d05e72dd1e12,"23/6/26, 16:00",Competitive,Breeze,Tejo,Win,13,11,24,362,117,8,16,9,-8,0.5,-42.0,94.8,22.0,71.0,0,1,0
Axel367#safi,Axel367,safi,2026-06-24T17:59:22,Axel367,safi,Silver 3,Silver 3,Silver 3,c0d247f3-c1c2-42fa-9da9-ab33f2000fdc,"23/6/26, 15:16",Competitive,Haven,Chamber,Win,13,8,21,413,156,12,14,2,-2,0.9,-10.0,115.2,18.0,62.0,4,1,1
Axel367#safi,Axel367,safi,2026-06-24T17:59:22,Axel367,safi,Silver 3,Silver 3,Silver 2,59ccfaad-880d-4692-85c6-2ce0a28cb7a3,"23/6/26, 13:22",Competitive,Lotus,Skye,Loss,8,13,21,171,124,9,17,7,-8,0.5,-41.0,91.7,19.0,52.0,0,0,0
Axel367#safi,Axel367,safi,2026-06-24T17:59:22,Axel367,safi,Silver 3,Silver 3,Bronze 3,d0b50d8b-fb10-4743-9924-a9ab051f2038,"23/6/26, 2:15",Competitive,Fracture,Chamber,Loss,11,13,24,406,165,14,22,4,-8,0.6,-29.0,122.4,28.0,71.0,3,4,1
Axel367#safi,Axel367,safi,2026-06-24T17:59:22,Axel367,safi,Silver 3,Silver 3,Silver 3,05e6060b-8261-42ba-ae41-0e8139850128,"23/6/26, 1:35",Competitive,Ascent,Chamber,Win,13,8,21,943,414,32,15,1,17,2.1,119.0,252.4,19.0,81.0,9,1,5
Axel367#safi,Axel367,safi,2026-06-24T17:59:22,Axel367,safi,Silver 3,Silver 3,Bronze 3,e40e7614-ddaa-4342-af67-b08e869fd894,"23/6/26, 0:52",Competitive,Breeze,Chamber,Loss,8,13,21,447,200,16,19,1,-3,0.8,-20.0,117.8,20.0,71.0,4,1,1
Axel367#safi,Axel367,safi,2026-06-24T17:59:22,Axel367,safi,Silver 3,Silver 3,Bronze 2,8ed5cb23-0fff-4e01-922b-927f9bee6229,"22/6/26, 23:54",Competitive,Haven,Chamber,Win,13,11,24,832,260,24,12,2,12,2.0,70.0,158.7,11.0,79.0,3,3,3
Axel367#safi,Axel367,safi,2026-06-24T17:59:22,Axel367,safi,Silver 3,Silver 3,Silver 1,a09ca99d-925c-4f44-b011-dd20d8e7df79,"22/6/26, 23:14",Competitive,Ascent,Chamber,Win,13,6,19,730,219,17,9,4,8,1.9,52.0,147.1,16.0,74.0,5,0,1
Axel367#safi,Axel367,safi,2026-06-24T17:59:22,Axel367,safi,Silver 3,Silver 3,Silver 3,8d764851-e422-451e-a257-ca1e004634f1,"22/6/26, 0:05",Competitive,Split,Tejo,Loss,10,13,23,135,115,8,19,4,-11,0.4,-80.0,71.3,13.0,48.0,1,1,0
Axel367#safi,Axel367,safi,2026-06-24T17:59:22,Axel367,safi,Silver 3,Silver 3,Silver 3,0c3ff589-dbeb-44d9-b0fc-253c48356373,"21/6/26, 23:32",Competitive,Haven,Unknown,Win,13,7,20,457,121,7,12,14,-5,0.6,-26.0,85.0,29.0,75.0,0,3,0
Axel367#safi,Axel367,safi,2026-06-24T17:59:22,Axel367,safi,Silver 3,Silver 3,Silver 3,fed5772d-c036-4363-86e5-ce69013d6bb3,"21/6/26, 22:47",Competitive,Pearl,Tejo,Loss,10,13,23,118,76,5,17,5,-12,0.3,-91.0,51.1,21.0,52.0,1,0,0
Axel367#safi,Axel367,safi,2026-06-24T17:59:22,Axel367,safi,Silver 3,Silver 3,Silver 3,2be7945c-3c7f-4f8e-8481-128d4daa648e,"21/6/26, 21:59",Competitive,Ascent,Tejo,Win,13,11,24,265,133,9,20,11,-11,0.5,-68.0,87.0,6.0,62.0,0,3,0
Axel367#safi,Axel367,safi,2026-06-24T17:59:22,Axel367,safi,Silver 3,Silver 3,Silver 2,a03e54c5-52b9-4b6b-af88-67525290d489,"21/6/26, 11:24",Competitive,Pearl,Tejo,Win,13,8,21,940,338,24,14,3,10,1.7,96.0,222.2,18.0,81.0,0,2,3
Axel367#safi,Axel367,safi,2026-06-24T17:59:22,Axel367,safi,Silver 3,Silver 3,Silver 3,1e6578b4-70fc-4038-958a-29ce26613c5a,"21/6/26, 10:48",Competitive,Fracture,Chamber,Loss,4,13,17,249,165,11,12,2,-1,0.9,-23.0,109.1,23.0,59.0,2,4,2
Dettez#deMar,Dettez,deMar,2026-06-24T18:02:57,Dettez,deMar,Silver 2,Silver 2,Silver 2,8498a723-95f1-47c6-b3ad-be5624068adf,"24/6/26, 10:29",Competitive,Lotus,Chamber,Win,13,11,24,905,354,31,15,3,16,2.1,121.0,239.3,27.0,79.0,8,7,4
Dettez#deMar,Dettez,deMar,2026-06-24T18:02:57,Dettez,deMar,Silver 2,Silver 2,Bronze 3,2d484b4d-8472-4806-aef2-b0414c87780e,"23/6/26, 21:47",Competitive,Ascent,Chamber,Win,13,7,20,957,284,21,10,4,11,2.1,81.0,174.9,20.0,95.0,3,2,1
Dettez#deMar,Dettez,deMar,2026-06-24T18:02:57,Dettez,deMar,Silver 2,Silver 2,Bronze 3,09e04619-4500-46a3-9fa8-87ef7b5782e2,"23/6/26, 21:15",Competitive,Lotus,Phoenix,Win,13,4,17,816,282,17,11,2,6,1.6,35.0,181.6,27.0,76.0,3,2,3
Dettez#deMar,Dettez,deMar,2026-06-24T18:02:57,Dettez,deMar,Silver 2,Silver 2,Bronze 3,ad83df9d-649d-4c76-9ef7-0c0aaa98b543,"23/6/26, 20:31",Competitive,Split,Chamber,Win,13,2,15,907,252,15,5,3,10,3.0,81.0,161.3,14.0,87.0,3,0,2
Dettez#deMar,Dettez,deMar,2026-06-24T18:02:57,Dettez,deMar,Silver 2,Silver 2,Bronze 2,42dfcded-9591-4abc-830a-d9e1e693da9d,"23/6/26, 19:43",Competitive,Ascent,KAY/O,Loss,8,13,21,431,209,14,20,10,-6,0.7,-36.0,148.5,25.0,71.0,0,4,2
Dettez#deMar,Dettez,deMar,2026-06-24T18:02:57,Dettez,deMar,Silver 2,Silver 2,Bronze 2,7625b2b8-d231-4498-a771-01e17411a841,"23/6/26, 19:01",Competitive,Split,Chamber,Win,13,8,21,473,154,12,13,1,-1,0.9,-19.0,100.2,26.0,71.0,1,0,0
Dettez#deMar,Dettez,deMar,2026-06-24T18:02:57,Dettez,deMar,Silver 2,Silver 2,Silver 2,9957af3b-16f3-470c-a423-dc4c8b175386,"22/6/26, 20:36",Competitive,Breeze,Chamber,Loss,8,13,21,358,181,13,19,2,-6,0.7,-25.0,124.2,22.0,67.0,2,3,0
Dettez#deMar,Dettez,deMar,2026-06-24T18:02:57,Dettez,deMar,Silver 2,Silver 2,Bronze 3,7f4de3ed-17df-40eb-bdaa-e63dd96bc4fd,"22/6/26, 19:10",Competitive,Lotus,Chamber,Win,13,9,22,843,235,20,9,1,11,2.2,67.0,160.9,15.0,82.0,3,0,1
Dettez#deMar,Dettez,deMar,2026-06-24T18:02:57,Dettez,deMar,Silver 2,Silver 2,Silver 2,27def465-9ff3-49f4-97bf-6678ab7e179c,"22/6/26, 18:18",Competitive,Fracture,Jett,Loss,7,13,20,124,140,8,17,4,-9,0.5,-78.0,85.2,20.0,50.0,3,6,0
Dettez#deMar,Dettez,deMar,2026-06-24T18:02:57,Dettez,deMar,Silver 2,Silver 2,Silver 2,28c5bc26-6670-4c81-aae1-81882840631f,"20/6/26, 23:00",Competitive,Fracture,Chamber,Win,13,10,23,467,196,15,17,3,-2,0.9,-8.0,133.5,16.0,61.0,1,4,1
Dettez#deMar,Dettez,deMar,2026-06-24T18:02:57,Dettez,deMar,Silver 2,Silver 2,Bronze 2,7e42b1ad-e1bb-47f3-a6b4-f4865df602b6,"20/6/26, 22:15",Competitive,Split,Chamber,Loss,11,13,24,602,240,20,19,2,1,1.1,30.0,171.1,24.0,67.0,4,5,1
Dettez#deMar,Dettez,deMar,2026-06-24T18:02:57,Dettez,deMar,Silver 2,Silver 2,Silver 1,b4f2ba44-4d8f-4cb8-bc96-511413ed8a81,"20/6/26, 21:34",Competitive,Split,Chamber,Loss,8,13,21,593,263,21,15,2,6,1.4,57.0,188.9,44.0,62.0,2,0,1
Dettez#deMar,Dettez,deMar,2026-06-24T18:02:57,Dettez,deMar,Silver 2,Silver 2,Bronze 3,5f3345d7-ae62-420c-8a18-8ae969fc3541,"19/6/26, 11:44",Competitive,Ascent,Chamber,Win,13,10,23,717,262,20,16,5,4,1.2,34.0,170.9,23.0,70.0,6,0,1
Dettez#deMar,Dettez,deMar,2026-06-24T18:02:57,Dettez,deMar,Silver 2,Silver 2,Bronze 2,4f9e9bd4-f600-4dd5-beb8-aab7a0a482dd,"18/6/26, 15:34",Competitive,Haven,Chamber,Win,13,4,17,620,159,9,8,3,1,1.1,30.0,115.7,22.0,76.0,1,3,1
Dettez#deMar,Dettez,deMar,2026-06-24T18:02:57,Dettez,deMar,Silver 2,Silver 2,Bronze 1,84025b02-8f79-4058-bb0a-cdbb3cdd8ff7,"18/6/26, 11:41",Competitive,Haven,Chamber,Win,15,13,28,574,193,21,20,3,1,1.1,19.0,148.1,20.0,71.0,2,0,0
Dettez#deMar,Dettez,deMar,2026-06-24T18:02:57,Dettez,deMar,Silver 2,Silver 2,Silver 1,8e885087-d5f2-4054-90bd-70d4c16360de,"16/6/26, 14:47",Competitive,Breeze,Chamber,Loss,8,13,21,393,191,14,17,2,-3,0.8,-17.0,121.0,25.0,67.0,5,2,0
Dettez#deMar,Dettez,deMar,2026-06-24T18:02:57,Dettez,deMar,Silver 2,Silver 2,Silver 2,81e318d7-0deb-4a10-b90b-e3353b40d0f5,"15/6/26, 19:43",Competitive,Ascent,Chamber,Win,13,7,20,646,221,17,12,4,5,1.4,19.0,139.1,15.0,70.0,0,2,0
Dettez#deMar,Dettez,deMar,2026-06-24T18:02:57,Dettez,deMar,Silver 2,Silver 2,Silver 1,8f2fdede-a053-412e-b1da-746fe16b5c12,"15/6/26, 18:57",Competitive,Split,Phoenix,Win,14,12,26,887,288,25,19,9,6,1.3,45.0,200.7,26.0,88.0,4,2,0
Dettez#deMar,Dettez,deMar,2026-06-24T18:02:57,Dettez,deMar,Silver 2,Silver 2,Bronze 1,62e50709-7769-4507-bd29-2156b5c10f7a,"15/6/26, 18:33",Competitive,Breeze,Chamber,Win,13,2,15,509,98,5,7,1,-2,0.7,-16.0,62.1,11.0,80.0,2,3,0
Dettez#deMar,Dettez,deMar,2026-06-24T18:02:57,Dettez,deMar,Silver 2,Silver 2,Bronze 3,80f459ab-8164-4fac-ba5f-f45984df4ef1,"13/6/26, 14:30",Competitive,Pearl,Chamber,Loss,8,13,21,458,220,16,16,5,0,8.0,150.2,16.0,62.0,1.0,3,1,106
T I Z Z I A N O#1007,T I Z Z I A N O,1007,2026-06-24T18:05:58,T I Z Z I A N O,1007,Gold 2,Gold 2,Silver 1,efcc6317-43a5-4e9f-ae4d-83694807a50b,"21/6/26, 12:31",Competitive,Lotus,Breach,Loss,7,13,20,119,84,4,18,5,-14,0.2,-92.0,61.5,12.0,60.0,0,3,0
T I Z Z I A N O#1007,T I Z Z I A N O,1007,2026-06-24T18:05:58,T I Z Z I A N O,1007,Gold 2,Gold 2,Silver 1,bbefc404-bba5-4375-b41b-f82024582383,"21/6/26, 2:30",Competitive,Pearl,Brimstone,Draw,14,14,28,425,146,14,19,10,-5,0.7,-38.0,90.5,20.0,75.0,1,3,0
T I Z Z I A N O#1007,T I Z Z I A N O,1007,2026-06-24T18:05:58,T I Z Z I A N O,1007,Gold 2,Gold 2,Silver 1,56f13075-7d7c-4d82-a46b-cf0c2a298595,"21/6/26, 1:57",Competitive,Haven,Chamber,Win,13,7,20,570,152,11,11,5,0,1.0,-12.0,101.8,21.0,80.0,2,1,1
T I Z Z I A N O#1007,T I Z Z I A N O,1007,2026-06-24T18:05:58,T I Z Z I A N O,1007,Gold 2,Gold 2,Silver 1,21115fcf-fee7-45d5-95bb-3f22f259fe83,"21/6/26, 1:19",Competitive,Lotus,Breach,Win,13,7,20,691,254,19,16,6,3,1.2,-9.0,149.1,11.0,75.0,4,0,1
T I Z Z I A N O#1007,T I Z Z I A N O,1007,2026-06-24T18:05:58,T I Z Z I A N O,1007,Gold 2,Gold 2,Bronze 2,f3bbd13f-b3fe-4bdd-ac0e-4901496eacec,"20/6/26, 23:22",Competitive,Split,KAY/O,Loss,11,13,24,554,217,17,15,12,2,1.1,-1.0,135.3,18.0,71.0,2,3,1
T I Z Z I A N O#1007,T I Z Z I A N O,1007,2026-06-24T18:05:58,T I Z Z I A N O,1007,Gold 2,Gold 2,Bronze 2,7e42b1ad-e1bb-47f3-a6b4-f4865df602b6,"20/6/26, 22:15",Competitive,Split,Omen,Win,13,11,24,487,147,13,18,6,-5,0.7,-33.0,97.5,15.0,79.0,1,2,0
T I Z Z I A N O#1007,T I Z Z I A N O,1007,2026-06-24T18:05:58,T I Z Z I A N O,1007,Gold 2,Gold 2,Silver 2,f578a333-c75c-409b-97e4-84598cd20dc9,"20/6/26, 18:17",Competitive,Lotus,Deadlock,Win,13,7,20,784,232,17,15,4,2,1.1,-2.0,139.3,4.0,90.0,1,0,1
T I Z Z I A N O#1007,T I Z Z I A N O,1007,2026-06-24T18:05:58,T I Z Z I A N O,1007,Gold 2,Gold 2,Silver 2,f0295b15-f4a4-496b-87cf-30342a606981,"20/6/26, 17:30",Competitive,Fracture,Brimstone,Win,13,8,21,390,148,11,12,8,-1,0.9,-32.0,97.8,27.0,67.0,1,2,0
T I Z Z I A N O#1007,T I Z Z I A N O,1007,2026-06-24T18:05:58,T I Z Z I A N O,1007,Gold 2,Gold 2,Bronze 2,1c5e61f3-c2bf-4f6a-ab63-4ee95ca51871,"20/6/26, 15:50",Competitive,Pearl,Skye,Win,13,3,16,471,128,7,9,5,-2,0.8,-21.0,92.0,26.0,75.0,0,2,0
T I Z Z I A N O#1007,T I Z Z I A N O,1007,2026-06-24T18:05:58,T I Z Z I A N O,1007,Gold 2,Gold 2,Bronze 3,3168ae6a-3cf7-4fd2-8849-7bac7ececa02,"20/6/26, 15:14",Competitive,Lotus,Chamber,Win,13,6,19,202,116,7,16,3,-9,0.4,-76.0,75.7,21.0,42.0,2,3,0
T I Z Z I A N O#1007,T I Z Z I A N O,1007,2026-06-24T18:05:58,T I Z Z I A N O,1007,Gold 2,Gold 2,Bronze 3,a0d395eb-8a06-43d0-b7d9-6f2e9957e776,"19/6/26, 22:46",Competitive,Breeze,Omen,Loss,1,13,14,156,156,5,13,6,-8,0.4,-58.0,117.9,16.0,57.0,0,3,0
T I Z Z I A N O#1007,T I Z Z I A N O,1007,2026-06-24T18:05:58,T I Z Z I A N O,1007,Gold 2,Gold 2,Silver 1,4c1d39bf-bda1-43ae-916e-5f25ebd4e34b,"19/6/26, 22:13",Competitive,Fracture,Brimstone,Win,13,6,19,343,114,7,13,6,-6,0.5,-50.0,79.7,18.0,68.0,0,0,0
T I Z Z I A N O#1007,T I Z Z I A N O,1007,2026-06-24T18:05:58,T I Z Z I A N O,1007,Gold 2,Gold 2,Bronze 2,b8a553d8-d3fd-427a-bb30-bef95ddcbeea,"19/6/26, 16:07",Competitive,Lotus,Phoenix,Win,13,5,18,333,133,10,11,1,-1,0.9,-59.0,87.7,39.0,67.0,0,2,1
T I Z Z I A N O#1007,T I Z Z I A N O,1007,2026-06-24T18:05:58,T I Z Z I A N O,1007,Gold 2,Gold 2,Silver 2,25dcb4c8-bb98-435d-ad47-a92daaa9b13a,"19/6/26, 1:28",Competitive,Split,Skye,Loss,11,13,24,387,169,14,17,11,-3,0.8,-19.0,102.3,28.0,67.0,0,1,1
T I Z Z I A N O#1007,T I Z Z I A N O,1007,2026-06-24T18:05:58,T I Z Z I A N O,1007,Gold 2,Gold 2,Bronze 3,6b060f17-fcf1-4255-b0e4-cb26211f792e,"19/6/26, 0:41",Competitive,Ascent,Brimstone,Win,13,7,20,766,209,16,9,12,7,1.8,23.0,125.6,26.0,85.0,0,0,0
T I Z Z I A N O#1007,T I Z Z I A N O,1007,2026-06-24T18:05:58,T I Z Z I A N O,1007,Gold 2,Gold 2,Silver 2,459d4d2e-3e93-4897-b8d4-bb45e95ffd54,"19/6/26, 0:12",Competitive,Fracture,Brimstone,Win,13,4,17,734,209,13,7,8,6,1.9,49.0,138.3,26.0,76.0,1,0,1
T I Z Z I A N O#1007,T I Z Z I A N O,1007,2026-06-24T18:05:58,T I Z Z I A N O,1007,Gold 2,Gold 2,Silver 1,22fbdcd6-7fd0-4a08-8732-21081a372b8b,"18/6/26, 23:21",Competitive,Haven,Omen,Win,13,7,20,407,125,9,12,6,-3,0.8,-27.0,94.8,36.0,70.0,1,1,0
T I Z Z I A N O#1007,T I Z Z I A N O,1007,2026-06-24T18:05:58,T I Z Z I A N O,1007,Gold 2,Gold 2,Bronze 3,6670d0d8-c76e-4a20-b223-74537e307670,"18/6/26, 20:51",Competitive,Lotus,Omen,Win,13,9,22,486,134,10,15,8,-5,0.7,-28.0,85.9,9.0,77.0,1,1,0
T I Z Z I A N O#1007,T I Z Z I A N O,1007,2026-06-24T18:05:58,T I Z Z I A N O,1007,Gold 2,Gold 2,Bronze 3,68128b04-6356-44ae-9371-24068172399e,"18/6/26, 20:14",Competitive,Pearl,Skye,Win,13,7,20,801,215,14,12,27,2,1.2,23.0,143.3,27.0,90.0,1,2,2
T I Z Z I A N O#1007,T I Z Z I A N O,1007,2026-06-24T18:05:58,T I Z Z I A N O,1007,Gold 2,Gold 2,Silver 1,13f1b560-930a-4607-b582-59e5946cf2a6,"18/6/26, 19:45",Competitive,Pearl,Brimstone,Win,13,4,17,605,127,7,8,8,-1,0.9,-5.0,76.9,10.0,88.0,1,0,0
KAOS#IAM,KAOS,IAM,2026-06-24T18:08:59,KAOS,IAM,Gold 2,Gold 2,Silver 3,74f5522c-9115-44b8-b415-c9521a36db8d,"22/6/26, 0:05",Competitive,Split,Unknown,Loss,13,15,28,433,190,15,22,15,-7,0.7,-15.0,128.8,10.0,64.0,0,1,1
KAOS#IAM,KAOS,IAM,2026-06-24T18:08:59,KAOS,IAM,Gold 2,Gold 2,Silver 2,314fd2f2-35fb-4e33-957c-8929f008155a,"21/6/26, 23:22",Competitive,Pearl,Unknown,Win,13,8,21,981,315,23,11,11,12,2.1,92.0,217.2,19.0,90.0,1,1,4
KAOS#IAM,KAOS,IAM,2026-06-24T18:08:59,KAOS,IAM,Gold 2,Gold 2,Bronze 1,9c9bec3a-5e33-4684-a183-f90ca1bbb3c2,"21/6/26, 22:48",Competitive,Ascent,Unknown,Loss,7,13,20,535,226,15,16,9,-1,0.9,-12.0,138.4,7.0,75.0,0,1,2
KAOS#IAM,KAOS,IAM,2026-06-24T18:08:59,KAOS,IAM,Gold 2,Gold 2,Bronze 3,3168ae6a-3cf7-4fd2-8849-7bac7ececa02,"20/6/26, 15:14",Competitive,Lotus,Breach,Loss,6,13,19,274,147,9,15,7,-6,0.6,-38.0,101.7,26.0,68.0,1,4,1
KAOS#IAM,KAOS,IAM,2026-06-24T18:08:59,KAOS,IAM,Gold 2,Gold 2,Silver 1,d09c55a7-5154-4a5c-b4f1-dd306f6ac82f,"20/6/26, 14:40",Competitive,Ascent,KAY/O,Win,13,5,18,587,197,11,13,15,-2,0.8,-32.0,127.3,11.0,78.0,4,3,1
KAOS#IAM,KAOS,IAM,2026-06-24T18:08:59,KAOS,IAM,Gold 2,Gold 2,Silver 1,95504ab4-c302-4cec-92b0-06606b0f3dee,"20/6/26, 14:00",Competitive,Pearl,Unknown,Loss,7,13,20,282,172,10,17,9,-7,0.6,-45.0,116.4,9.0,65.0,4,3,0
KAOS#IAM,KAOS,IAM,2026-06-24T18:08:59,KAOS,IAM,Gold 2,Gold 2,Silver 1,07f4e0e3-a2a2-4c65-a0e3-25f323efd21a,"20/6/26, 13:31",Competitive,Haven,Unknown,Loss,4,13,17,220,195,11,15,4,-4,0.7,-46.0,112.5,21.0,47.0,1,1,1
KAOS#IAM,KAOS,IAM,2026-06-24T18:08:59,KAOS,IAM,Gold 2,Gold 2,Bronze 3,4fcfcbe6-dc07-4b0b-a963-169122890606,"20/6/26, 12:56",Competitive,Pearl,Fade,Loss,5,13,18,145,139,10,14,1,-4,0.7,-44.0,92.7,26.0,50.0,0,1,1
KAOS#IAM,KAOS,IAM,2026-06-24T18:08:59,KAOS,IAM,Gold 2,Gold 2,Silver 2,ebebb6a2-6849-4e62-946e-a7e15eefed4e,"20/6/26, 11:56",Competitive,Fracture,Breach,Loss,14,16,30,204,136,14,26,11,-12,0.5,-77.0,82.6,19.0,53.0,2,5,0
KAOS#IAM,KAOS,IAM,2026-06-24T18:08:59,KAOS,IAM,Gold 2,Gold 2,Bronze 3,33c94149-31d8-479c-a16e-699e2b7668ec,"20/6/26, 10:54",Competitive,Lotus,Breach,Win,13,9,22,830,267,22,15,5,7,1.5,53.0,163.9,16.0,77.0,4,5,3
KAOS#IAM,KAOS,IAM,2026-06-24T18:08:59,KAOS,IAM,Gold 2,Gold 2,Silver 3,3c9ec5d0-53d8-4b5c-be69-3edc8e05bde7,"14/6/26, 19:13",Competitive,Breeze,KAY/O,Loss,10,13,23,432,195,14,17,13,-3,0.8,-28.0,117.6,16.0,70.0,2,3,0
KAOS#IAM,KAOS,IAM,2026-06-24T18:08:59,KAOS,IAM,Gold 2,Gold 2,Silver 3,3deeadc2-0601-4b86-89ae-10d7ce0963ca,"14/6/26, 18:35",Competitive,Split,Breach,Win,13,11,24,687,211,16,18,9,-2,0.9,-3.0,146.1,24.0,83.0,2,5,2
KAOS#IAM,KAOS,IAM,2026-06-24T18:08:59,KAOS,IAM,Gold 2,Gold 2,Gold 1,23c72a1e-f5f3-4765-ac50-0e92f2a3c209,"14/6/26, 18:00",Competitive,Breeze,KAY/O,Win,13,5,18,458,174,12,13,12,-1,0.9,-19.0,105.1,14.0,67.0,0,1,0
KAOS#IAM,KAOS,IAM,2026-06-24T18:08:59,KAOS,IAM,Gold 2,Gold 2,Gold 1,45518e7d-8ae2-44a4-a772-f047191bab2f,"14/6/26, 17:18",Competitive,Haven,KAY/O,Loss,9,13,22,523,223,15,17,9,-2,0.9,7.0,146.7,21.0,68.0,3,4,1
KAOS#IAM,KAOS,IAM,2026-06-24T18:08:59,KAOS,IAM,Gold 2,Gold 2,Silver 1,26048b4a-d345-44f9-b77a-a25418efa9d4,"9/6/26, 18:49",Competitive,Haven,Unknown,Loss,9,13,22,454,192,12,16,22,-4,0.8,-25.0,116.7,17.0,73.0,1,2,1
KAOS#IAM,KAOS,IAM,2026-06-24T18:08:59,KAOS,IAM,Gold 2,Gold 2,Silver 3,fe8a2123-9e01-4206-b53e-283b4cff909b,"6/6/26, 18:52",Competitive,Fracture,Breach,Loss,11,13,24,430,143,11,18,9,-7,0.6,-20.0,113.3,26.0,75.0,1,3,1
KAOS#IAM,KAOS,IAM,2026-06-24T18:08:59,KAOS,IAM,Gold 2,Gold 2,Gold 1,6170d54b-cbbb-4213-b42f-b9bb3d701eab,"6/6/26, 18:11",Competitive,Split,Breach,Win,13,8,21,854,266,20,15,6,5,1.3,46.0,180.7,18.0,81.0,3,1,0
KAOS#IAM,KAOS,IAM,2026-06-24T18:08:59,KAOS,IAM,Gold 2,Gold 2,Silver 1,c38e3ca1-c6bc-4270-aa21-32102327c39b,"6/6/26, 17:32",Competitive,Fracture,Breach,Loss,8,13,21,461,202,13,17,6,-4,0.8,-16.0,132.7,8.0,71.0,2,3,0
KAOS#IAM,KAOS,IAM,2026-06-24T18:08:59,KAOS,IAM,Gold 2,Gold 2,Silver 2,2d5c9286-a45e-4646-ba30-f4c7daac9de3,"6/6/26, 16:53",Competitive,Lotus,Breach,Win,13,7,20,531,176,13,13,6,0,0.0,116.5,13.0,70.0,2.0,2,1,422
KAOS#IAM,KAOS,IAM,2026-06-24T18:08:59,KAOS,IAM,Gold 2,Gold 2,Bronze 2,bafadc8b-3694-41ac-83c0-f8aba8ce18d4,"6/6/26, 16:38",Competitive,Pearl,Tejo,Win,5,2,7,993,328,9,2,1,7,4.5,161.0,215.0,9.0,100.0,0,0,0
handrolld500#LAS,handrolld500,LAS,2026-06-24T18:12:00,handrolld500,LAS,Gold 2,Gold 2,Silver 1,6b48da9c-54c0-4287-a248-ecde675279e2,"21/6/26, 23:30",Competitive,Ascent,Raze,Loss,8,13,21,318,161,12,14,4,-2,0.9,-11.0,124.8,20.0,62.0,1,3,0
handrolld500#LAS,handrolld500,LAS,2026-06-24T18:12:00,handrolld500,LAS,Gold 2,Gold 2,Silver 2,81ef3133-c437-4594-870d-595165234865,"21/6/26, 22:53",Competitive,Haven,Phoenix,Loss,4,13,17,287,172,11,14,1,-3,0.8,-67.0,102.9,23.0,71.0,1,5,1
handrolld500#LAS,handrolld500,LAS,2026-06-24T18:12:00,handrolld500,LAS,Gold 2,Gold 2,Silver 3,ee851afe-7fb8-4601-be79-211317f864bc,"21/6/26, 19:54",Competitive,Ascent,Raze,Win,13,7,20,862,277,19,13,4,6,1.5,50.0,194.2,25.0,80.0,2,1,2
handrolld500#LAS,handrolld500,LAS,2026-06-24T18:12:00,handrolld500,LAS,Gold 2,Gold 2,Silver 3,e22da62a-3523-41f5-b910-014d75ed874b,"21/6/26, 17:38",Competitive,Pearl,Jett,Win,13,8,21,984,319,25,9,3,16,2.8,100.0,204.6,27.0,90.0,3,1,2
handrolld500#LAS,handrolld500,LAS,2026-06-24T18:12:00,handrolld500,LAS,Gold 2,Gold 2,Silver 1,bd7658b8-02a3-4937-a3b8-e8425abc9a05,"21/6/26, 17:00",Competitive,Haven,Omen,Win,13,8,21,922,361,25,18,5,7,1.4,61.0,225.8,24.0,81.0,5,1,1
handrolld500#LAS,handrolld500,LAS,2026-06-24T18:12:00,handrolld500,LAS,Gold 2,Gold 2,Silver 3,5911120a-d917-4625-9cb4-1593b6ea6f98,"21/6/26, 0:57",Competitive,Fracture,Sova,Win,13,8,21,700,212,16,15,3,1,1.1,-1.0,139.6,21.0,81.0,2,3,1
handrolld500#LAS,handrolld500,LAS,2026-06-24T18:12:00,handrolld500,LAS,Gold 2,Gold 2,Silver 3,8755f58f-ee4f-43cd-9074-f0a6613ae8b1,"21/6/26, 0:19",Competitive,Lotus,Skye,Win,13,6,19,547,200,14,10,5,4,1.4,14.0,128.1,33.0,63.0,2,2,1
handrolld500#LAS,handrolld500,LAS,2026-06-24T18:12:00,handrolld500,LAS,Gold 2,Gold 2,Bronze 3,f91bc847-0ddb-4e8d-a8b0-28b12adb0050,"20/6/26, 23:10",Competitive,Ascent,Raze,Win,13,9,22,779,219,17,14,7,3,1.2,33.0,153.1,20.0,82.0,1,1,0
handrolld500#LAS,handrolld500,LAS,2026-06-24T18:12:00,handrolld500,LAS,Gold 2,Gold 2,Silver 1,2c00b30f-3a34-4887-a028-3466512161ab,"15/6/26, 22:56",Competitive,Lotus,Raze,Loss,13,15,28,648,264,25,22,6,3,1.1,20.0,173.6,22.0,68.0,5,3,2
handrolld500#LAS,handrolld500,LAS,2026-06-24T18:12:00,handrolld500,LAS,Gold 2,Gold 2,Bronze 3,c3b77948-107e-4775-8739-ecfd3c8d8439,"14/6/26, 21:56",Competitive,Pearl,Chamber,Draw,15,15,30,570,244,26,23,3,3,1.1,8.0,168.0,27.0,63.0,3,1,3
handrolld500#LAS,handrolld500,LAS,2026-06-24T18:12:00,handrolld500,LAS,Gold 2,Gold 2,Bronze 2,ca1ad3f7-a93f-43de-9a53-a3b8c475f534,"13/6/26, 23:58",Competitive,Ascent,Raze,Win,13,11,24,831,333,27,20,6,7,1.4,24.0,195.8,21.0,79.0,6,3,4
handrolld500#LAS,handrolld500,LAS,2026-06-24T18:12:00,handrolld500,LAS,Gold 2,Gold 2,Bronze 2,03db36c5-88df-4b5e-b09e-d6eca96a9e4b,"13/6/26, 23:15",Competitive,Haven,Phoenix,Loss,1,13,14,117,149,5,14,2,-9,0.4,-51.0,116.9,8.0,43.0,0,0,0
handrolld500#LAS,handrolld500,LAS,2026-06-24T18:12:00,handrolld500,LAS,Gold 2,Gold 2,Bronze 2,2f13c799-9815-4d5f-a751-a68d7429372a,"13/6/26, 17:14",Competitive,Lotus,Raze,Loss,13,15,28,846,387,40,19,3,21,2.1,101.0,236.6,15.0,75.0,5,1,7
handrolld500#LAS,handrolld500,LAS,2026-06-24T18:12:00,handrolld500,LAS,Gold 2,Gold 2,Bronze 1,35bdbc60-c3f2-4a6c-a218-4e992d6ab298,"11/6/26, 22:37",Competitive,Split,Raze,Loss,10,13,23,857,311,26,15,1,11,1.7,72.0,201.4,25.0,83.0,8,2,2
handrolld500#LAS,handrolld500,LAS,2026-06-24T18:12:00,handrolld500,LAS,Gold 2,Gold 2,Bronze 1,e67abd20-01b7-4fc0-b485-e2b434c8a5bc,"11/6/26, 21:22",Competitive,Breeze,Reyna,Win,13,4,17,766,302,18,10,4,8,1.8,84.0,200.3,16.0,65.0,2,4,3
handrolld500#LAS,handrolld500,LAS,2026-06-24T18:12:00,handrolld500,LAS,Gold 2,Gold 2,Silver 2,441be70e-701a-43ac-8b1a-e6567ec96507,"10/6/26, 23:35",Competitive,Pearl,Omen,Loss,9,13,22,455,202,16,18,6,-2,0.9,-35.0,122.4,26.0,73.0,1,1,1
handrolld500#LAS,handrolld500,LAS,2026-06-24T18:12:00,handrolld500,LAS,Gold 2,Gold 2,Gold 2,5a5397e5-98c9-4fc9-b00e-a8762a0bb080,"9/6/26, 23:55",Competitive,Ascent,Sova,Loss,8,13,21,297,178,10,16,7,-6,0.6,-37.0,128.1,21.0,62.0,4,1,0
handrolld500#LAS,handrolld500,LAS,2026-06-24T18:12:00,handrolld500,LAS,Gold 2,Gold 2,Gold 1,840a41d1-c15b-44eb-a994-c43792ba068b,"9/6/26, 23:23",Competitive,Breeze,Reyna,Loss,6,13,19,508,215,14,14,4,0,-6.0,148.4,34.0,74.0,2.0,2,1,116
handrolld500#LAS,handrolld500,LAS,2026-06-24T18:12:00,handrolld500,LAS,Gold 2,Gold 2,Silver 2,623be3f6-3530-4a3c-8a07-1c08c29cb78a,"9/6/26, 22:25",Competitive,Lotus,Chamber,Loss,7,13,20,393,219,16,15,2,1,1.1,-0.0,143.9,30.0,55.0,4,7,2
handrolld500#LAS,handrolld500,LAS,2026-06-24T18:12:00,handrolld500,LAS,Gold 2,Gold 2,Gold 1,80985f08-ba45-4cc7-9444-a08307fd8ee0,"9/6/26, 0:28",Competitive,Lotus,Chamber,Win,13,7,20,475,202,14,17,1,-3,0.8,-3.0,141.2,19.0,55.0,2,3,0
VirtuousNeedle#gnx,VirtuousNeedle,gnx,2026-06-24T18:15:35,VirtuousNeedle,gnx,Silver 3,Silver 3,Bronze 1,ba22004a-46b3-444a-8b05-4dc2cc5d340b,"24/6/26, 16:41",Competitive,Haven,Sova,Loss,9,13,22,825,435,33,16,7,17,2.1,146.0,286.1,22.0,77.0,4,0,5
VirtuousNeedle#gnx,VirtuousNeedle,gnx,2026-06-24T18:15:35,VirtuousNeedle,gnx,Silver 3,Silver 3,Bronze 2,89e5df25-b934-4d7c-91db-a438c8e6916e,"24/6/26, 15:55",Competitive,Haven,Raze,Loss,11,13,24,870,332,28,17,6,11,1.6,59.0,205.3,20.0,83.0,3,3,3
VirtuousNeedle#gnx,VirtuousNeedle,gnx,2026-06-24T18:15:35,VirtuousNeedle,gnx,Silver 3,Silver 3,Bronze 2,58e25b8a-057b-4cc6-b667-c462d40a7d5f,"24/6/26, 15:07",Competitive,Breeze,Sage,Loss,6,13,19,561,228,15,15,8,0,10.0,139.8,16.0,74.0,1.0,2,1,74
VirtuousNeedle#gnx,VirtuousNeedle,gnx,2026-06-24T18:15:35,VirtuousNeedle,gnx,Silver 3,Silver 3,Bronze 2,7b00b46c-3833-4ff8-9f15-24b3b3d684c7,"24/6/26, 14:22",Competitive,Unknown,Omen,Loss,5,13,18,173,144,8,16,6,-8,0.5,-45.0,93.4,13.0,56.0,1,1,0
VirtuousNeedle#gnx,VirtuousNeedle,gnx,2026-06-24T18:15:35,VirtuousNeedle,gnx,Silver 3,Silver 3,Bronze 2,d0e7c016-c0ce-4dcd-9a7f-b3cc9f9e6775,"24/6/26, 14:09",Competitive,Unknown,Raze,Win,4,2,6,408,130,2,3,2,-1,0.7,-12.0,95.3,0.0,67.0,0,1,0
VirtuousNeedle#gnx,VirtuousNeedle,gnx,2026-06-24T18:15:35,VirtuousNeedle,gnx,Silver 3,Silver 3,Bronze 1,ab53525f-0d91-4224-8fd6-2fdea5e12d0c,"24/6/26, 13:24",Competitive,Haven,Raze,Win,13,7,20,372,27,12,4,15,2,123.0,241.3,26.0,95.0,6.0,2,2,84
VirtuousNeedle#gnx,VirtuousNeedle,gnx,2026-06-24T18:15:35,VirtuousNeedle,gnx,Silver 3,Silver 3,Bronze 2,f71027e4-f2ff-47c9-95e9-03e79d9246d4,"23/6/26, 23:30",Competitive,Split,Unknown,Win,13,10,23,742,273,24,17,2,7,1.4,46.0,185.8,29.0,70.0,4,3,3
VirtuousNeedle#gnx,VirtuousNeedle,gnx,2026-06-24T18:15:35,VirtuousNeedle,gnx,Silver 3,Silver 3,Bronze 2,36a941f4-10b0-49e1-bf79-7f9a1bbae768,"23/6/26, 22:40",Competitive,Unknown,Killjoy,Win,13,9,22,723,212,16,15,5,1,1.1,30.0,146.6,15.0,77.0,3,0,1
VirtuousNeedle#gnx,VirtuousNeedle,gnx,2026-06-24T18:15:35,VirtuousNeedle,gnx,Silver 3,Silver 3,Bronze 2,308b6f85-5109-44b4-a932-844948f60322,"23/6/26, 21:45",Competitive,Unknown,Raze,Loss,9,13,22,624,234,16,18,9,-2,0.9,3.0,160.1,11.0,77.0,2,3,1
VirtuousNeedle#gnx,VirtuousNeedle,gnx,2026-06-24T18:15:35,VirtuousNeedle,gnx,Silver 3,Silver 3,Bronze 2,5cf7ba6b-217a-47a2-9552-b45408aa1067,"23/6/26, 21:10",Competitive,Haven,Raze,Loss,8,13,21,806,289,21,15,6,6,1.4,41.0,181.7,8.0,86.0,3,1,1
VirtuousNeedle#gnx,VirtuousNeedle,gnx,2026-06-24T18:15:35,VirtuousNeedle,gnx,Silver 3,Silver 3,Bronze 2,b8b4e4a4-b9ac-4242-84bd-9a370f4be493,"23/6/26, 17:12",Competitive,Ascent,Fade,Win,13,6,19,770,219,15,11,5,4,1.4,42.0,153.9,12.0,79.0,1,0,0
VirtuousNeedle#gnx,VirtuousNeedle,gnx,2026-06-24T18:15:35,VirtuousNeedle,gnx,Silver 3,Silver 3,Bronze 2,b686535e-cdd1-41e3-9653-14b57571a4fc,"23/6/26, 16:40",Competitive,Breeze,Sova,Loss,5,13,18,215,146,10,14,3,-4,0.7,-23.0,93.1,35.0,56.0,2,1,0
VirtuousNeedle#gnx,VirtuousNeedle,gnx,2026-06-24T18:15:35,VirtuousNeedle,gnx,Silver 3,Silver 3,Bronze 2,22d342e7-803a-49eb-a503-a758876ba5ac,"23/6/26, 15:29",Competitive,Lotus,Raze,Win,13,11,24,942,335,26,16,6,10,1.6,66.0,217.8,13.0,88.0,2,3,3
VirtuousNeedle#gnx,VirtuousNeedle,gnx,2026-06-24T18:15:35,VirtuousNeedle,gnx,Silver 3,Silver 3,Bronze 2,b897ff02-2789-4447-b0d6-2525325d7b70,"23/6/26, 14:47",Competitive,Haven,Raze,Loss,8,13,21,593,238,16,18,6,-2,0.9,21.0,161.3,19.0,71.0,3,4,0
VirtuousNeedle#gnx,VirtuousNeedle,gnx,2026-06-24T18:15:35,VirtuousNeedle,gnx,Silver 3,Silver 3,Bronze 2,c9c482a6-8969-4bac-928b-46bbacc56075,"23/6/26, 13:58",Competitive,Split,Raze,Win,13,5,18,993,332,19,11,8,8,1.7,106.0,225.2,12.0,94.0,1,2,1
VirtuousNeedle#gnx,VirtuousNeedle,gnx,2026-06-24T18:15:35,VirtuousNeedle,gnx,Silver 3,Silver 3,Bronze 2,15f8fab6-6a9a-4dec-a056-40e9950a13a1,"23/6/26, 1:17",Competitive,Breeze,Raze,Loss,6,13,19,394,225,16,14,2,2,1.1,-8.0,141.6,24.0,58.0,2,4,2
VirtuousNeedle#gnx,VirtuousNeedle,gnx,2026-06-24T18:15:35,VirtuousNeedle,gnx,Silver 3,Silver 3,Bronze 2,eeaa1b08-91e2-49ea-9bba-0b4cf57f1494,"23/6/26, 0:46",Competitive,Ascent,Raze,Win,13,3,16,972,296,17,7,2,10,2.4,89.0,179.6,16.0,94.0,9,0,1
VirtuousNeedle#gnx,VirtuousNeedle,gnx,2026-06-24T18:15:35,VirtuousNeedle,gnx,Silver 3,Silver 3,Bronze 2,37d804ae-e180-4672-a8ff-da6702dce938,"22/6/26, 19:50",Competitive,Haven,Raze,Loss,11,13,24,588,217,14,13,9,1,1.1,51.0,143.8,6.0,67.0,5,2,1
VirtuousNeedle#gnx,VirtuousNeedle,gnx,2026-06-24T18:15:35,VirtuousNeedle,gnx,Silver 3,Silver 3,Silver 1,f58353e1-f730-4267-8209-428efe940953,"22/6/26, 17:22",Competitive,Pearl,Raze,Loss,5,13,18,634,298,17,14,3,3,1.2,63.0,200.4,14.0,67.0,2,2,1
VirtuousNeedle#gnx,VirtuousNeedle,gnx,2026-06-24T18:15:35,VirtuousNeedle,gnx,Silver 3,Silver 3,Bronze 1,62eb59e3-8bea-4d62-9bab-8b2ddddb2c99,"22/6/26, 16:58",Competitive,Split,Raze,Loss,4,6,10,910,552,19,7,3,12,2.7,216.0,342.7,15.0,90.0,1,0,2
G17 SebaMaug 族#7464,G17 SebaMaug 族,7464,2026-06-24T18:18:36,G17 SebaMaug 族,7464,Gold 2,Gold 2,Gold 1,e6e21238-8925-45d1-842a-0ed7033d523d,"22/6/26, 23:34",Competitive,Fracture,Breach,Loss,9,13,22,336,162,12,19,11,-7,0.6,-68.0,97.6,10.0,73.0,0,2,1
G17 SebaMaug 族#7464,G17 SebaMaug 族,7464,2026-06-24T18:18:36,G17 SebaMaug 族,7464,Gold 2,Gold 2,Silver 2,6c81eecd-2da7-4646-9744-ca06cbad7491,"22/6/26, 22:48",Competitive,Ascent,Sova,Loss,10,13,23,728,246,18,17,10,1,1.1,44.0,174.8,21.0,78.0,2,2,1
G17 SebaMaug 族#7464,G17 SebaMaug 族,7464,2026-06-24T18:18:36,G17 SebaMaug 族,7464,Gold 2,Gold 2,Bronze 3,39e1a53f-465a-4b5d-9343-7f9847b9645c,"22/6/26, 22:24",Competitive,Lotus,Breach,Win,9,1,10,683,120,4,2,10,2,2.0,39.0,93.8,15.0,90.0,0,1,0
G17 SebaMaug 族#7464,G17 SebaMaug 族,7464,2026-06-24T18:18:36,G17 SebaMaug 族,7464,Gold 2,Gold 2,Silver 3,a7e7957d-675d-4a81-ad1a-69cd2c4dd732,"21/6/26, 23:20",Competitive,Breeze,Astra,Loss,9,13,22,588,208,14,16,8,-2,0.9,8.0,130.9,20.0,77.0,1,1,2
G17 SebaMaug 族#7464,G17 SebaMaug 族,7464,2026-06-24T18:18:36,G17 SebaMaug 族,7464,Gold 2,Gold 2,Silver 1,fefd830f-de54-4ca4-ba1e-9ee49f28a584,"21/6/26, 22:35",Competitive,Split,Raze,Loss,8,13,21,475,231,14,16,7,-2,0.9,32.0,163.0,10.0,52.0,0,2,1
G17 SebaMaug 族#7464,G17 SebaMaug 族,7464,2026-06-24T18:18:36,G17 SebaMaug 族,7464,Gold 2,Gold 2,Gold 2,f51f3048-f570-4c86-9efc-7ba6bf65aefc,"21/6/26, 19:08",Competitive,Split,Viper,Loss,10,13,23,211,115,9,16,5,-7,0.6,-50.0,85.2,16.0,61.0,1,5,0
G17 SebaMaug 族#7464,G17 SebaMaug 族,7464,2026-06-24T18:18:36,G17 SebaMaug 族,7464,Gold 2,Gold 2,Bronze 2,428267ba-14f2-4f6d-ab33-66d2de674876,"21/6/26, 18:18",Competitive,Pearl,Fade,Win,13,5,18,730,223,15,9,9,6,1.7,19.0,118.1,19.0,78.0,1,1,1
G17 SebaMaug 族#7464,G17 SebaMaug 族,7464,2026-06-24T18:18:36,G17 SebaMaug 族,7464,Gold 2,Gold 2,Gold 1,084c8eec-cfd4-4a6a-be59-052fd1a82d2a,"21/6/26, 17:10",Competitive,Breeze,Cypher,Win,13,10,23,394,122,10,17,4,-7,0.6,-48.0,74.1,13.0,74.0,2,2,0
G17 SebaMaug 族#7464,G17 SebaMaug 族,7464,2026-06-24T18:18:36,G17 SebaMaug 族,7464,Gold 2,Gold 2,Gold 2,7a860814-e382-4053-b5c6-fc1e34ddaf96,"21/6/26, 16:06",Competitive,Lotus,Chamber,Loss,6,13,19,100,97,8,15,2,-7,0.5,-93.0,59.0,19.0,47.0,2,3,0
G17 SebaMaug 族#7464,G17 SebaMaug 族,7464,2026-06-24T18:18:36,G17 SebaMaug 族,7464,Gold 2,Gold 2,Bronze 2,cb188543-7489-4c43-9ec3-0aa1713f9c31,"21/6/26, 15:33",Competitive,Ascent,Omen,Win,13,6,19,583,137,9,9,6,0,1.0,11.0,87.1,21.0,79.0,1,1,1
G17 SebaMaug 族#7464,G17 SebaMaug 族,7464,2026-06-24T18:18:36,G17 SebaMaug 族,7464,Gold 2,Gold 2,Silver 1,c68b38cf-1fdb-40e1-9237-2148e67e2a41,"21/6/26, 13:47",Competitive,Fracture,Tejo,Win,15,13,28,820,269,25,17,10,8,1.5,59.0,181.4,21.0,79.0,1,0,2
G17 SebaMaug 族#7464,G17 SebaMaug 族,7464,2026-06-24T18:18:36,G17 SebaMaug 族,7464,Gold 2,Gold 2,Bronze 3,0904ebee-8c88-44fe-9d29-da46861921d9,"21/6/26, 13:06",Competitive,Split,Jett,Loss,5,13,18,363,201,12,16,3,-4,0.8,-24.0,125.1,16.0,67.0,4,3,0
G17 SebaMaug 族#7464,G17 SebaMaug 族,7464,2026-06-24T18:18:36,G17 SebaMaug 族,7464,Gold 2,Gold 2,Gold 2,dcf4a97d-eddb-48d9-945b-507c3d1c5885,"21/6/26, 2:38",Competitive,Ascent,Chamber,Loss,3,13,16,100,94,4,14,1,-10,0.3,-94.0,76.9,19.0,31.0,0,4,0
G17 SebaMaug 族#7464,G17 SebaMaug 族,7464,2026-06-24T18:18:36,G17 SebaMaug 族,7464,Gold 2,Gold 2,Silver 3,2188b7e2-2c9d-4409-b39c-43a7c42fb95c,"21/6/26, 1:55",Competitive,Haven,Breach,Win,13,8,21,718,187,12,12,14,0,1.0,3.0,126.7,13.0,100.0,2,0,0
G17 SebaMaug 族#7464,G17 SebaMaug 族,7464,2026-06-24T18:18:36,G17 SebaMaug 族,7464,Gold 2,Gold 2,Gold 2,015eaae1-c521-4ff2-b8d0-16c701970040,"21/6/26, 1:09",Competitive,Fracture,Killjoy,Loss,10,13,23,191,126,9,16,5,-7,0.6,-46.0,83.9,12.0,52.0,2,2,0
G17 SebaMaug 族#7464,G17 SebaMaug 族,7464,2026-06-24T18:18:36,G17 SebaMaug 族,7464,Gold 2,Gold 2,Bronze 3,6cf24c27-8a86-4139-9acf-cd0efef193cd,"21/6/26, 0:38",Competitive,Haven,Sova,Loss,6,13,19,211,135,7,16,6,-9,0.4,-46.0,99.5,6.0,63.0,2,2,0
G17 SebaMaug 族#7464,G17 SebaMaug 族,7464,2026-06-24T18:18:36,G17 SebaMaug 族,7464,Gold 2,Gold 2,Silver 1,6825264f-c6c0-48ec-ac4b-d84f011b232a,"17/6/26, 23:57",Competitive,Split,Tejo,Loss,5,13,18,573,188,11,14,3,-3,0.8,-3.0,133.8,10.0,89.0,2,1,2
G17 SebaMaug 族#7464,G17 SebaMaug 族,7464,2026-06-24T18:18:36,G17 SebaMaug 族,7464,Gold 2,Gold 2,Gold 2,d1358b1d-8e3a-4821-91d2-26016ffb493e,"17/6/26, 23:15",Competitive,Ascent,Sova,Win,13,9,22,896,282,23,16,7,7,1.4,39.0,194.8,22.0,86.0,3,1,2
G17 SebaMaug 族#7464,G17 SebaMaug 族,7464,2026-06-24T18:18:36,G17 SebaMaug 族,7464,Gold 2,Gold 2,Silver 3,aaf2f2a2-6371-4f74-857e-9622c491c567,"17/5/26, 19:05",Competitive,Breeze,Sova,Loss,11,13,24,555,178,14,14,9,0,1.0,-5.0,122.7,14.0,79.0,0,0,1
G17 SebaMaug 族#7464,G17 SebaMaug 族,7464,2026-06-24T18:18:36,G17 SebaMaug 族,7464,Gold 2,Gold 2,Gold 2,f079b3be-2d46-4d0b-8777-c9c607609af8,"19/4/26, 15:44",Competitive,Pearl,Neon,Win,15,13,28,656,210,19,20,9,-1,0.9,28.0,146.8,20.0,75.0,4,2,3
MAGGIE GREENE#6969,MAGGIE GREENE,6969,2026-06-24T18:21:35,MAGGIE GREENE,6969,Gold 2,Gold 2,Silver 3,60cf34b0-b66c-4768-befe-b421f2014704,"22/6/26, 11:58",Competitive,Breeze,Chamber,Loss,5,13,18,159,164,11,16,1,-5,0.7,-50.0,98.8,22.0,39.0,3,2,1
MAGGIE GREENE#6969,MAGGIE GREENE,6969,2026-06-24T18:21:35,MAGGIE GREENE,6969,Gold 2,Gold 2,Silver 3,3a0d687f-0379-4b09-ba76-926bf0206305,"21/6/26, 23:41",Competitive,Fracture,Reyna,Loss,12,14,26,770,272,24,19,5,5,1.3,47.0,183.4,22.0,77.0,4,5,1
MAGGIE GREENE#6969,MAGGIE GREENE,6969,2026-06-24T18:21:35,MAGGIE GREENE,6969,Gold 2,Gold 2,Gold 2,578c69ea-af3b-4c33-ad15-b32eeccd88d4,"21/6/26, 21:58",Competitive,Split,Reyna,Draw,15,15,30,733,276,28,17,7,11,1.6,58.0,180.4,16.0,70.0,2,0,2
MAGGIE GREENE#6969,MAGGIE GREENE,6969,2026-06-24T18:21:35,MAGGIE GREENE,6969,Gold 2,Gold 2,Gold 1,57940f3d-89f7-414e-8900-922d3fdbd5b0,"21/6/26, 21:25",Competitive,Fracture,Chamber,Win,13,7,20,872,245,19,10,1,9,1.9,60.0,160.3,30.0,85.0,0,2,0
MAGGIE GREENE#6969,MAGGIE GREENE,6969,2026-06-24T18:21:35,MAGGIE GREENE,6969,Gold 2,Gold 2,Gold 1,2379ea57-3bf7-483d-9aea-eabc09b5123e,"21/6/26, 20:32",Competitive,Split,Chamber,Win,13,8,21,943,390,31,13,0,18,2.4,108.0,236.5,32.0,81.0,1,3,4
MAGGIE GREENE#6969,MAGGIE GREENE,6969,2026-06-24T18:21:35,MAGGIE GREENE,6969,Gold 2,Gold 2,Gold 1,be2f5bd5-a2e1-4220-af0c-d46bd1c6e547,"21/6/26, 12:50",Competitive,Haven,Clove,Loss,8,13,21,679,264,19,19,3,0,2.0,170.1,37.0,81.0,3.0,3,3,403
MAGGIE GREENE#6969,MAGGIE GREENE,6969,2026-06-24T18:21:35,MAGGIE GREENE,6969,Gold 2,Gold 2,Gold 2,6da26a9c-3e1d-48c0-a247-829a7bc9ef05,"21/6/26, 12:14",Competitive,Pearl,Clove,Win,13,8,21,942,326,27,16,4,11,1.7,54.0,211.1,25.0,86.0,5,1,4
MAGGIE GREENE#6969,MAGGIE GREENE,6969,2026-06-24T18:21:35,MAGGIE GREENE,6969,Gold 2,Gold 2,Gold 1,3f3c302e-175d-46f8-88ae-27f6164a4c38,"21/6/26, 11:22",Competitive,Ascent,Reyna,Loss,7,13,20,450,240,18,15,3,3,1.2,-2.0,153.6,38.0,60.0,3,1,2
MAGGIE GREENE#6969,MAGGIE GREENE,6969,2026-06-24T18:21:35,MAGGIE GREENE,6969,Gold 2,Gold 2,Bronze 3,e8922909-9c92-46e6-965a-9f7b9ed280fb,"20/6/26, 22:29",Competitive,Lotus,Reyna,Win,13,11,24,714,239,20,17,5,3,1.2,26.0,164.8,19.0,75.0,1,3,2
MAGGIE GREENE#6969,MAGGIE GREENE,6969,2026-06-24T18:21:35,MAGGIE GREENE,6969,Gold 2,Gold 2,Gold 2,a7fa2d42-a34e-439e-9355-108b1c61491e,"20/6/26, 21:37",Competitive,Lotus,Chamber,Loss,11,13,24,491,226,19,22,2,-3,0.9,-0.0,152.3,24.0,62.0,4,3,3
MAGGIE GREENE#6969,MAGGIE GREENE,6969,2026-06-24T18:21:35,MAGGIE GREENE,6969,Gold 2,Gold 2,Bronze 2,093369fa-bec6-4bb3-8966-661585b2b454,"20/6/26, 19:58",Competitive,Ascent,Reyna,Loss,9,13,22,658,305,26,17,0,9,1.5,58.0,197.8,34.0,64.0,2,0,3
MAGGIE GREENE#6969,MAGGIE GREENE,6969,2026-06-24T18:21:35,MAGGIE GREENE,6969,Gold 2,Gold 2,Silver 3,f7ae8c7e-95ca-478b-b48b-d38ce96eef01,"20/6/26, 12:51",Competitive,Pearl,Fade,Loss,10,13,23,493,235,19,17,4,2,1.1,-11.0,140.4,28.0,65.0,3,1,1
MAGGIE GREENE#6969,MAGGIE GREENE,6969,2026-06-24T18:21:35,MAGGIE GREENE,6969,Gold 2,Gold 2,Bronze 2,00cb842b-65ff-41c3-af2a-5ded901032a9,"20/6/26, 12:40",Competitive,Haven,Chamber,Win,5,1,6,949,322,8,2,0,6,4.0,133.0,211.8,80.0,83.0,3,0,2
MAGGIE GREENE#6969,MAGGIE GREENE,6969,2026-06-24T18:21:35,MAGGIE GREENE,6969,Gold 2,Gold 2,Silver 2,4877e392-c8ae-4c6e-8d23-e9de2136128e,"19/6/26, 22:11",Competitive,Ascent,Unknown,Loss,3,13,16,250,194,11,14,1,-3,0.8,-37.0,125.8,50.0,56.0,2,3,0
MAGGIE GREENE#6969,MAGGIE GREENE,6969,2026-06-24T18:21:35,MAGGIE GREENE,6969,Gold 2,Gold 2,Bronze 3,2f2bf76a-9cf4-4365-9d87-9dcf96010c6c,"19/6/26, 12:05",Competitive,Haven,Sova,Loss,9,13,22,100,78,6,19,6,-13,0.3,-98.0,57.3,20.0,50.0,1,2,0
MAGGIE GREENE#6969,MAGGIE GREENE,6969,2026-06-24T18:21:35,MAGGIE GREENE,6969,Gold 2,Gold 2,Silver 2,f9782b38-fff6-46c0-a12f-e1cf89dbe81a,"18/6/26, 21:07",Competitive,Lotus,Chamber,Loss,9,13,22,343,161,14,18,3,-4,0.8,-30.0,120.2,21.0,68.0,1,1,0
MAGGIE GREENE#6969,MAGGIE GREENE,6969,2026-06-24T18:21:35,MAGGIE GREENE,6969,Gold 2,Gold 2,Gold 1,422f1fd3-7a88-458c-a77c-cc497cca1f27,"18/6/26, 0:16",Competitive,Breeze,Clove,Loss,7,13,20,425,223,16,21,2,-5,0.8,-40.0,142.4,29.0,70.0,1,2,1
MAGGIE GREENE#6969,MAGGIE GREENE,6969,2026-06-24T18:21:35,MAGGIE GREENE,6969,Gold 2,Gold 2,Gold 2,c3080379-58e7-4894-98c6-95b721677468,"17/6/26, 23:49",Competitive,Ascent,Reyna,Win,11,2,13,957,284,15,5,5,10,3.0,80.0,191.2,30.0,92.0,0,0,2
MAGGIE GREENE#6969,MAGGIE GREENE,6969,2026-06-24T18:21:35,MAGGIE GREENE,6969,Gold 2,Gold 2,Silver 1,0a1f82f7-bf66-4ce3-9ec6-ed01787b847a,"17/6/26, 23:14",Competitive,Pearl,Chamber,Win,13,6,19,676,248,17,12,3,5,1.4,22.0,150.5,29.0,68.0,2,2,0
MAGGIE GREENE#6969,MAGGIE GREENE,6969,2026-06-24T18:21:35,MAGGIE GREENE,6969,Gold 2,Gold 2,Silver 3,8f91a1ef-30da-4d86-9672-a614639f6dda,"16/6/26, 23:40",Competitive,Breeze,Reyna,Loss,7,13,20,132,112,5,20,8,-15,0.2,-105.0,77.5,20.0,60.0,2,5,0
Тифай#7020,Тифай,7020,2026-06-24T18:25:07,Тифай,7020,Bronze 2,Bronze 2,Bronze 1,85c3e99f-b801-478c-b964-73869a32dc53,"24/6/26, 17:15",Competitive,Split,Omen,Win,13,11,24,198,128,11,21,8,-10,0.5,-79.0,87.0,13.0,50.0,4,4,0
Тифай#7020,Тифай,7020,2026-06-24T18:25:07,Тифай,7020,Bronze 2,Bronze 2,Bronze 1,0bc5dede-667c-446c-820b-2a3bebb89096,"24/6/26, 16:16",Competitive,Ascent,Omen,Loss,7,13,20,573,251,18,15,4,3,1.2,42.0,176.1,25.0,65.0,2,2,3
Тифай#7020,Тифай,7020,2026-06-24T18:25:07,Тифай,7020,Bronze 2,Bronze 2,Bronze 1,2352e517-f560-40b0-af8c-8cfb1d625cf8,"24/6/26, 14:53",Competitive,Lotus,Omen,Loss,8,13,21,221,157,12,17,3,-5,0.7,-68.0,93.3,17.0,62.0,0,5,0
Тифай#7020,Тифай,7020,2026-06-24T18:25:07,Тифай,7020,Bronze 2,Bronze 2,Iron 3,93d84e0c-3471-4b1b-a447-2f77ebfe1ffd,"24/6/26, 13:30",Competitive,Breeze,Omen,Loss,11,13,24,774,268,23,17,9,6,1.4,42.0,184.7,25.0,79.0,2,2,2
Тифай#7020,Тифай,7020,2026-06-24T18:25:07,Тифай,7020,Bronze 2,Bronze 2,Bronze 2,869976e2-d1fb-4379-8328-98b8a6f3b396,"24/6/26, 2:03",Competitive,Lotus,Omen,Win,13,7,20,784,262,19,15,10,4,1.3,8.0,158.9,29.0,80.0,3,2,2
Тифай#7020,Тифай,7020,2026-06-24T18:25:07,Тифай,7020,Bronze 2,Bronze 2,Bronze 1,5bdc5706-d50e-445f-b90d-19db38cf976e,"24/6/26, 0:27",Competitive,Breeze,Omen,Loss,3,13,16,100,67,3,16,2,-13,0.2,-116.0,47.5,22.0,44.0,1,3,0
Тифай#7020,Тифай,7020,2026-06-24T18:25:07,Тифай,7020,Bronze 2,Bronze 2,Bronze 1,c7cc8642-0289-4d8d-9b6a-77445c383b59,"23/6/26, 22:52",Competitive,Haven,Omen,Loss,10,13,23,255,152,10,20,14,-10,0.5,-51.0,113.7,23.0,61.0,0,2,0
Тифай#7020,Тифай,7020,2026-06-24T18:25:07,Тифай,7020,Bronze 2,Bronze 2,Iron 3,6e7d18ae-4c3d-464d-aa1e-e646a39915cb,"23/6/26, 22:16",Competitive,Breeze,Omen,Loss,7,13,20,346,201,13,15,3,-2,0.9,1.0,132.7,12.0,50.0,0,1,1
Тифай#7020,Тифай,7020,2026-06-24T18:25:07,Тифай,7020,Bronze 2,Bronze 2,Bronze 1,c52aac40-f68c-42c4-8f81-ab7dbcf83b30,"23/6/26, 21:33",Competitive,Unknown,Omen,Win,13,10,23,866,364,32,12,3,20,2.7,106.0,213.6,22.0,74.0,1,1,5
Тифай#7020,Тифай,7020,2026-06-24T18:25:07,Тифай,7020,Bronze 2,Bronze 2,Bronze 2,59d12841-bd78-4003-8544-e559c0f46051,"23/6/26, 20:00",Competitive,Unknown,Omen,Loss,5,13,18,518,240,15,13,10,2,1.1,20.0,144.9,16.0,67.0,1,3,1
Тифай#7020,Тифай,7020,2026-06-24T18:25:07,Тифай,7020,Bronze 2,Bronze 2,Bronze 2,a80663b7-2e51-4107-ab8d-b7cdc24b82a7,"23/6/26, 19:00",Competitive,Split,Omen,Win,13,6,19,667,188,14,10,3,4,1.4,12.0,125.1,14.0,79.0,0,1,0
Тифай#7020,Тифай,7020,2026-06-24T18:25:07,Тифай,7020,Bronze 2,Bronze 2,Bronze 2,799b0dc7-bc19-4913-8b33-607e814760be,"23/6/26, 18:12",Competitive,Haven,Omen,Loss,11,13,24,358,168,13,20,6,-7,0.7,-35.0,123.4,20.0,67.0,2,2,1
Тифай#7020,Тифай,7020,2026-06-24T18:25:07,Тифай,7020,Bronze 2,Bronze 2,Bronze 1,a119bc01-feff-44b9-9918-c6ece423d750,"23/6/26, 17:38",Competitive,Haven,Omen,Loss,8,13,21,437,191,13,17,7,-4,0.8,5.0,140.2,14.0,67.0,1,1,2
Тифай#7020,Тифай,7020,2026-06-24T18:25:07,Тифай,7020,Bronze 2,Bronze 2,Bronze 1,e4ca65dc-e7ba-4bf1-9509-482a2e20eeb4,"23/6/26, 16:59",Competitive,Lotus,Omen,Win,13,4,17,807,207,13,7,10,6,1.9,33.0,131.5,15.0,94.0,2,0,1
Тифай#7020,Тифай,7020,2026-06-24T18:25:07,Тифай,7020,Bronze 2,Bronze 2,Bronze 1,e3d046c2-831a-4306-83ff-c05db7f6a3a1,"23/6/26, 16:14",Competitive,Split,Omen,Loss,7,13,20,133,116,8,13,6,-5,0.6,-61.0,71.2,12.0,55.0,0,1,0
Тифай#7020,Тифай,7020,2026-06-24T18:25:07,Тифай,7020,Bronze 2,Bronze 2,Bronze 1,a64fe982-f0de-402a-8371-a4f004a42471,"23/6/26, 15:25",Competitive,Unknown,Sage,Win,13,7,20,914,268,20,10,7,10,2.0,78.0,173.6,17.0,85.0,5,0,3
Тифай#7020,Тифай,7020,2026-06-24T18:25:07,Тифай,7020,Bronze 2,Bronze 2,Bronze 1,ea0300fa-6f2c-4ee1-a519-1df04c5daf79,"23/6/26, 14:06",Competitive,Ascent,Omen,Win,13,11,24,617,208,17,17,11,0,2.0,143.5,27.0,75.0,0.0,1,1,75
Тифай#7020,Тифай,7020,2026-06-24T18:25:07,Тифай,7020,Bronze 2,Bronze 2,Bronze 1,56fec346-0900-4501-b51b-ac77b77b9340,"22/6/26, 16:01",Competitive,Haven,Omen,Loss,5,13,18,350,208,14,14,7,0,-41.0,115.8,25.0,67.0,0.0,2,1,64
Тифай#7020,Тифай,7020,2026-06-24T18:25:07,Тифай,7020,Bronze 2,Bronze 2,Bronze 1,5cbd1425-cadb-40a7-9728-a59b007c8966,"22/6/26, 14:38",Competitive,Pearl,Omen,Loss,10,13,23,315,166,13,21,6,-8,0.6,-42.0,103.1,14.0,65.0,3,2,0
Тифай#7020,Тифай,7020,2026-06-24T18:25:07,Тифай,7020,Bronze 2,Bronze 2,Bronze 1,baab3b9b-4ac0-493d-ba1b-51653427d043,"22/6/26, 1:23",Competitive,Lotus,Sage,Loss,11,13,24,491,170,15,16,6,-1,0.9,-31.0,91.6,25.0,79.0,2,2,1
Gianpier#7460,Gianpier,7460,2026-06-24T18:28:08,Gianpier,7460,Gold 1,Gold 1,Bronze 1,baab3b9b-4ac0-493d-ba1b-51653427d043,"22/6/26, 1:23",Competitive,Lotus,Omen,Loss,11,13,24,550,220,20,19,11,1,1.1,-23.0,136.8,28.0,75.0,1,2,2
Gianpier#7460,Gianpier,7460,2026-06-24T18:28:08,Gianpier,7460,Gold 1,Gold 1,Iron 2,84d1ee40-089c-4974-9e0b-7dd0ea2e2ced,"22/6/26, 0:38",Competitive,Fracture,Omen,Win,13,10,23,879,325,26,16,10,10,1.6,64.0,190.2,23.0,78.0,4,0,5
Gianpier#7460,Gianpier,7460,2026-06-24T18:28:08,Gianpier,7460,Gold 1,Gold 1,Iron 1,111ea880-3499-47d0-8f83-38a2749102cd,"21/6/26, 23:58",Competitive,Pearl,Phoenix,Win,13,6,19,687,224,14,14,4,0,-8.0,145.2,33.0,79.0,6.0,2,0,75
Gianpier#7460,Gianpier,7460,2026-06-24T18:28:08,Gianpier,7460,Gold 1,Gold 1,Iron 3,1abd8a85-5c97-4525-92ea-22d21cc5f22d,"21/6/26, 22:50",Competitive,Lotus,Omen,Loss,7,13,20,189,158,9,16,7,-7,0.6,-58.0,100.5,9.0,55.0,2,1,0
Gianpier#7460,Gianpier,7460,2026-06-24T18:28:08,Gianpier,7460,Gold 1,Gold 1,Bronze 2,42925fb6-7145-4c1b-b7de-829dab8b3bf5,"20/6/26, 12:53",Competitive,Haven,Omen,Loss,11,13,24,451,184,15,20,8,-5,0.8,-42.0,117.9,38.0,75.0,2,3,1
Gianpier#7460,Gianpier,7460,2026-06-24T18:28:08,Gianpier,7460,Gold 1,Gold 1,Bronze 2,00cb842b-65ff-41c3-af2a-5ded901032a9,"20/6/26, 12:40",Competitive,Haven,Omen,Loss,1,5,6,116,131,2,6,1,-4,0.3,-48.0,111.2,25.0,50.0,1,2,0
Gianpier#7460,Gianpier,7460,2026-06-24T18:28:08,Gianpier,7460,Gold 1,Gold 1,Bronze 3,cb881a06-3f27-4686-b68e-b793d55bf727,"20/6/26, 11:24",Competitive,Ascent,Killjoy,Loss,5,13,18,249,154,8,16,4,-8,0.5,-48.0,102.6,21.0,67.0,0,4,0
Gianpier#7460,Gianpier,7460,2026-06-24T18:28:08,Gianpier,7460,Gold 1,Gold 1,Bronze 2,0fc9f92d-9a86-4118-80e6-31a423fc268c,"19/6/26, 23:48",Competitive,Pearl,Astra,Win,13,8,21,779,203,14,12,9,2,1.2,34.0,143.2,18.0,86.0,0,2,2
Gianpier#7460,Gianpier,7460,2026-06-24T18:28:08,Gianpier,7460,Gold 1,Gold 1,Bronze 2,e189c16b-f6d3-4a14-9699-3806a12a1631,"19/6/26, 17:04",Competitive,Breeze,KAY/O,Win,13,11,24,392,194,16,19,9,-3,0.8,-29.0,119.0,25.0,58.0,2,1,2
Gianpier#7460,Gianpier,7460,2026-06-24T18:28:08,Gianpier,7460,Gold 1,Gold 1,Bronze 2,c407c553-f206-49eb-986f-e2942bc7d908,"19/6/26, 16:28",Competitive,Lotus,Unknown,Win,13,5,18,735,226,13,14,14,-1,0.9,-18.0,147.3,16.0,89.0,3,1,0
Gianpier#7460,Gianpier,7460,2026-06-24T18:28:08,Gianpier,7460,Gold 1,Gold 1,Bronze 2,2d1393e7-763e-4f73-9162-4993cfdad2af,"19/6/26, 14:14",Competitive,Fracture,Omen,Win,13,8,21,821,283,22,13,5,9,1.7,36.0,166.1,13.0,76.0,5,0,2
Gianpier#7460,Gianpier,7460,2026-06-24T18:28:08,Gianpier,7460,Gold 1,Gold 1,Bronze 2,827dea26-4f78-429a-b541-10f1b916f792,"19/6/26, 12:48",Competitive,Breeze,Unknown,Loss,11,13,24,668,217,17,16,13,1,1.1,18.0,156.0,30.0,79.0,3,2,2
Gianpier#7460,Gianpier,7460,2026-06-24T18:28:08,Gianpier,7460,Gold 1,Gold 1,Bronze 2,13e2ccde-7208-46ca-a1e4-6ed28128c007,"19/6/26, 12:05",Competitive,Ascent,Unknown,Win,13,10,23,861,301,25,14,10,11,1.8,57.0,198.2,24.0,78.0,2,3,3
Gianpier#7460,Gianpier,7460,2026-06-24T18:28:08,Gianpier,7460,Gold 1,Gold 1,Bronze 2,f137b870-a211-4e54-a775-4667a4136ee0,"18/6/26, 12:21",Competitive,Haven,Omen,Loss,10,13,23,787,304,26,16,5,10,1.6,46.0,183.8,18.0,78.0,2,1,4
Gianpier#7460,Gianpier,7460,2026-06-24T18:28:08,Gianpier,7460,Gold 1,Gold 1,Bronze 2,d8a42e75-4157-4408-8017-85e5749a91a6,"18/6/26, 11:37",Competitive,Pearl,Astra,Win,13,10,23,636,201,15,11,6,4,1.4,45.0,133.7,35.0,70.0,2,1,0
Gianpier#7460,Gianpier,7460,2026-06-24T18:28:08,Gianpier,7460,Gold 1,Gold 1,Bronze 2,bb7497d7-c17f-4bbc-9d3a-45c9ae752e17,"18/6/26, 10:38",Competitive,Breeze,Viper,Win,14,12,26,629,232,20,21,7,-1,0.9,18.0,169.1,21.0,69.0,3,4,0
Gianpier#7460,Gianpier,7460,2026-06-24T18:28:08,Gianpier,7460,Gold 1,Gold 1,Bronze 1,aa7be9d0-0b78-48e7-a010-f1696231b2e8,"16/6/26, 17:20",Competitive,Ascent,Unknown,Loss,10,13,23,653,255,17,19,17,-2,0.9,13.0,172.6,17.0,74.0,3,2,1
Gianpier#7460,Gianpier,7460,2026-06-24T18:28:08,Gianpier,7460,Gold 1,Gold 1,Bronze 1,f6d10999-2ee1-4f94-92a6-3c3e3bd97cfb,"16/6/26, 16:35",Competitive,Split,Unknown,Win,13,9,22,915,285,23,17,11,6,1.4,52.0,174.6,19.0,86.0,2,3,1
Gianpier#7460,Gianpier,7460,2026-06-24T18:28:08,Gianpier,7460,Gold 1,Gold 1,Bronze 1,864e8aec-53a8-4743-b52d-d69ac6d4a302,"16/6/26, 14:24",Competitive,Split,Omen,Loss,3,13,16,100,113,5,15,3,-10,0.3,-107.0,73.1,7.0,31.0,2,2,0
Gianpier#7460,Gianpier,7460,2026-06-24T18:28:08,Gianpier,7460,Gold 1,Gold 1,Bronze 1,46503ad9-8a6a-4de7-973b-c4a8480ec1ef,"16/6/26, 13:45",Competitive,Breeze,Sova,Loss,5,13,18,171,114,6,16,3,-10,0.4,-74.0,73.3,15.0,67.0,1,0,0
